name,normalised_name,chebi_id,chebi_label,n_studies,studies,evidence
Creatine,creatine,CHEBI:16919,creatine,9,MTBLS13513;MTBLS13869;MTBLS14059;MTBLS14295;MTBLS2774;MTBLS5667;MTBLS9662;ST001412;ST003954,"metabolights_maf:MTBLS2774,MTBLS5667"
Taurine,taurine,CHEBI:15891,taurine,9,MTBLS13513;MTBLS13869;MTBLS14059;MTBLS14295;MTBLS2774;MTBLS5667;MTBLS9662;ST001412;ST003984,"metabolights_maf:MTBLS2774,MTBLS5667"
Creatinine,creatinine,CHEBI:16737,creatinine,8,MTBLS13513;MTBLS13869;MTBLS14059;MTBLS14295;MTBLS5667;MTBLS9662;ST001412;ST003984,metabolights_maf:MTBLS5667
Uridine,uridine,CHEBI:16704,uridine,8,MTBLS13513;MTBLS13869;MTBLS14059;MTBLS14295;MTBLS2774;MTBLS5667;MTBLS9662;ST001412,"metabolights_maf:MTBLS2774,MTBLS5667"
Betaine,betaine,CHEBI:17750,glycine betaine,7,MTBLS13513;MTBLS13869;MTBLS14059;MTBLS14295;MTBLS5667;MTBLS9662;ST001412,metabolights_maf:MTBLS5667
Choline,choline,CHEBI:15354,choline,7,MTBLS13513;MTBLS13869;MTBLS14059;MTBLS14295;MTBLS5667;MTBLS9662;ST001412,metabolights_maf:MTBLS5667
Arginine,arginine,CHEBI:29016,arginine,6,MTBLS13513;MTBLS13869;MTBLS14059;MTBLS14295;ST001412;ST003984,ols4_label
Beta-alanine,betaalanine,CHEBI:16958,beta-alanine,6,MTBLS13513;MTBLS13869;MTBLS14295;MTBLS5667;ST001412;ST003954,metabolights_maf:MTBLS5667
Cytidine,cytidine,CHEBI:17562,cytidine,6,MTBLS13513;MTBLS13869;MTBLS2774;MTBLS5667;MTBLS9662;ST001412,"metabolights_maf:MTBLS2774,MTBLS5667"
Dodecanedioic acid,dodecanedioicacid,CHEBI:4676,dodecanedioic acid,6,MTBLS13513;MTBLS13869;MTBLS14059;MTBLS14295;MTBLS2774;MTBLS9662,metabolights_maf:MTBLS2774
Glutamine,glutamine,CHEBI:28300,glutamine,6,MTBLS13513;MTBLS13869;MTBLS14059;MTBLS14295;ST001412;ST003984,ols4_label
Hypoxanthine,hypoxanthine,CHEBI:17368,hypoxanthine,6,MTBLS13513;MTBLS13869;MTBLS14059;MTBLS2774;MTBLS9662;ST001412,metabolights_maf:MTBLS2774
Pantothenic acid,pantothenicacid,CHEBI:7916,pantothenic acid,6,MTBLS13513;MTBLS13869;MTBLS14059;MTBLS14295;MTBLS2774;MTBLS5667,"metabolights_maf:MTBLS2774,MTBLS5667"
Suberic acid,subericacid,CHEBI:9300,suberic acid,6,MTBLS13513;MTBLS13869;MTBLS14059;MTBLS14295;MTBLS2774;MTBLS9662,metabolights_maf:MTBLS2774
Uracil,uracil,CHEBI:17568,uracil,6,MTBLS13513;MTBLS13869;MTBLS14059;MTBLS5667;MTBLS9662;ST001412,metabolights_maf:MTBLS5667
4-Hydroxybenzaldehyde,4hydroxybenzaldehyde,CHEBI:17597,4-hydroxybenzaldehyde,5,MTBLS13869;MTBLS14059;MTBLS14295;MTBLS5667;MTBLS9662,metabolights_maf:MTBLS5667
Adenine,adenine,CHEBI:16708,adenine,5,MTBLS13513;MTBLS13869;MTBLS14059;MTBLS9662;ST001412,ols4_label
Alanine,alanine,CHEBI:16449,alanine,5,MTBLS13869;MTBLS14295;MTBLS9662;ST001412;ST003984,ols4_label
Anserine,anserine,CHEBI:18323,anserine,5,MTBLS13513;MTBLS13869;MTBLS14059;MTBLS5667;ST003954,metabolights_maf:MTBLS5667
Carnitine,carnitine,CHEBI:17126,carnitine,5,MTBLS13513;MTBLS13869;MTBLS14295;ST001412;ST003984,ols4_label
Cholic acid,cholicacid,CHEBI:16359,cholic acid,5,MTBLS13513;MTBLS13869;MTBLS14295;MTBLS2774;MTBLS5667,"metabolights_maf:MTBLS2774,MTBLS5667"
Citric acid,citricacid,CHEBI:30769,citric acid,5,MTBLS13869;MTBLS14059;MTBLS14295;MTBLS5667;ST003984,metabolights_maf:MTBLS5667
Glycerophosphocholine,glycerophosphocholine,,,5,MTBLS13513;MTBLS13869;MTBLS14059;MTBLS2774;MTBLS5667,ambiguous_in_corpus:CHEBI:16870|CHEBI:36313
Histidine,histidine,CHEBI:27570,histidine,5,MTBLS13513;MTBLS13869;MTBLS14059;ST001412;ST003984,ols4_label
Indole,indole,CHEBI:35581,indole,5,MTBLS13869;MTBLS14059;MTBLS14295;MTBLS2774;MTBLS9662,metabolights_maf:MTBLS2774
Indoxyl sulfate,indoxylsulfate,CHEBI:43355,indoxyl sulfate,5,MTBLS13513;MTBLS13869;MTBLS14059;MTBLS14295;MTBLS5667,metabolights_maf:MTBLS5667
Isoleucine,isoleucine,CHEBI:24898,isoleucine,5,MTBLS13869;MTBLS14059;MTBLS14295;ST001412;ST003984,ols4_label
Kynurenine,kynurenine,CHEBI:28683,kynurenine,5,MTBLS13869;MTBLS14295;ST001412;ST003954;ST003984,ols4_label
Linoleic acid,linoleicacid,CHEBI:17351,linoleic acid,5,MTBLS13869;MTBLS14059;MTBLS14295;MTBLS2774;MTBLS5667,"metabolights_maf:MTBLS2774,MTBLS5667"
L-Phenylalanine,lphenylalanine,CHEBI:17295,L-phenylalanine,5,MTBLS13869;MTBLS14059;MTBLS2774;MTBLS5667;MTBLS9662,"metabolights_maf:MTBLS2774,MTBLS5667"
Lysine,lysine,CHEBI:25094,lysine,5,MTBLS13513;MTBLS14059;MTBLS14295;ST001412;ST003984,ols4_label
Methionine,methionine,CHEBI:16811,methionine,5,MTBLS13869;MTBLS14059;MTBLS14295;ST001412;ST003984,ols4_label
Oleamide,oleamide,CHEBI:116314,oleamide,5,MTBLS13869;MTBLS14059;MTBLS2774;MTBLS5667;ST001412,"metabolights_maf:MTBLS2774,MTBLS5667"
Palmitic acid,palmiticacid,CHEBI:15756,hexadecanoic acid,5,MTBLS13513;MTBLS14059;MTBLS14295;MTBLS2774;MTBLS5667,"metabolights_maf:MTBLS2774,MTBLS5667"
Proline,proline,CHEBI:26271,proline,5,MTBLS13869;MTBLS14059;MTBLS14295;ST001412;ST003984,ols4_label
Pseudouridine,pseudouridine,CHEBI:17802,pseudouridine,5,MTBLS13513;MTBLS13869;MTBLS5667;MTBLS9662;ST001412,metabolights_maf:MTBLS5667
Pyroglutamic acid,pyroglutamicacid,,,5,MTBLS13869;MTBLS14295;MTBLS2774;MTBLS5667;MTBLS9662,ambiguous_in_corpus:CHEBI:16010|CHEBI:18183
Sarcosine,sarcosine,CHEBI:15611,sarcosine,5,MTBLS14295;MTBLS9662;ST001412;ST003954;ST003984,ols4_label
Sebacic acid,sebacicacid,CHEBI:41865,sebacic acid,5,MTBLS13869;MTBLS14059;MTBLS14295;MTBLS2774;MTBLS5667,"metabolights_maf:MTBLS2774,MTBLS5667"
Sphinganine,sphinganine,CHEBI:16566,sphinganine,5,MTBLS13869;MTBLS14295;MTBLS2774;MTBLS5667;ST001412,"metabolights_maf:MTBLS2774,MTBLS5667"
Thiamine,thiamine,,,5,MTBLS13513;MTBLS13869;MTBLS14059;MTBLS2774;MTBLS5667,ambiguous_in_corpus:CHEBI:18385|CHEBI:33283
Tryptophan,tryptophan,CHEBI:27897,tryptophan,5,MTBLS13869;MTBLS14059;MTBLS14295;ST001412;ST003984,ols4_label
Tyrosine,tyrosine,CHEBI:18186,tyrosine,5,MTBLS13869;MTBLS14059;MTBLS14295;ST001412;ST003984,ols4_label
Uric acid,uricacid,CHEBI:27226,uric acid,5,MTBLS13513;MTBLS13869;MTBLS14059;MTBLS14295;MTBLS2774,metabolights_maf:MTBLS2774
Valine,valine,CHEBI:27266,valine,5,MTBLS13513;MTBLS13869;MTBLS14295;ST001412;ST003984,ols4_label
Xanthine,xanthine,CHEBI:15318,xanthine,5,MTBLS13513;MTBLS13869;MTBLS14059;MTBLS2774;ST001412,metabolights_maf:MTBLS2774
1-methyladenosine,1methyladenosine,CHEBI:16020,1-methyladenosine,4,MTBLS13513;MTBLS13869;MTBLS14059;MTBLS9662,ols4_label
3-Hydroxybutyric acid,3hydroxybutyricacid,CHEBI:20067,3-hydroxybutyric acid,4,MTBLS13869;MTBLS14059;MTBLS14295;MTBLS5667,metabolights_maf:MTBLS5667
3-hydroxyhexadecanoylcarnitine,3hydroxyhexadecanoylcarnitine,CHEBI:73070,3-hydroxyhexadecanoylcarnitine,4,MTBLS13513;MTBLS13869;MTBLS14059;MTBLS14295,ols4_label
Adenosine,adenosine,CHEBI:16335,adenosine,4,MTBLS13869;MTBLS14059;MTBLS2774;MTBLS9662,metabolights_maf:MTBLS2774
Allantoin,allantoin,CHEBI:15676,allantoin,4,MTBLS13869;MTBLS5667;MTBLS9662;ST001412,metabolights_maf:MTBLS5667
Carnosine,carnosine,CHEBI:15727,carnosine,4,MTBLS13513;MTBLS14059;MTBLS5667;ST003984,metabolights_maf:MTBLS5667
Chenodeoxycholic acid,chenodeoxycholicacid,,,4,MTBLS13869;MTBLS14295;MTBLS2774;MTBLS5667,ambiguous_in_corpus:CHEBI:16755|CHEBI:9907
Cinnamoylglycine,cinnamoylglycine,CHEBI:68616,N-cinnamoylglycine,4,MTBLS13513;MTBLS13869;MTBLS5667;ST001412,metabolights_maf:MTBLS5667
Cytosine,cytosine,CHEBI:16040,cytosine,4,MTBLS13513;MTBLS13869;MTBLS14295;MTBLS5667,metabolights_maf:MTBLS5667
Deoxycholic acid,deoxycholicacid,CHEBI:28834,deoxycholic acid,4,MTBLS13869;MTBLS14295;MTBLS5667;MTBLS9662,metabolights_maf:MTBLS5667
Dibutyl phthalate,dibutylphthalate,CHEBI:34687,dibutyl phthalate,4,MTBLS13513;MTBLS13869;MTBLS14059;MTBLS14295,ols4_label
Glutamic acid,glutamicacid,CHEBI:18237,glutamic acid,4,MTBLS13513;MTBLS13869;MTBLS14059;ST003984,ols4_label
Heptadecanoic acid,heptadecanoicacid,CHEBI:32365,heptadecanoic acid,4,MTBLS14059;MTBLS14295;MTBLS2774;MTBLS5667,"metabolights_maf:MTBLS2774,MTBLS5667"
Hexadecanedioic acid,hexadecanedioicacid,CHEBI:73722,hexadecanedioic acid,4,MTBLS13869;MTBLS14295;MTBLS5667;MTBLS9662,metabolights_maf:MTBLS5667
Hexaethylene glycol,hexaethyleneglycol,CHEBI:49793,hexaethylene glycol,4,MTBLS13869;MTBLS14059;MTBLS14295;MTBLS9662,ols4_label
Hippuric acid,hippuricacid,CHEBI:18089,N-benzoylglycine,4,MTBLS13513;MTBLS13869;MTBLS2774;MTBLS5667,"metabolights_maf:MTBLS2774,MTBLS5667"
Kynurenic acid,kynurenicacid,CHEBI:18344,kynurenic acid,4,MTBLS13513;MTBLS13869;MTBLS5667;ST003954,metabolights_maf:MTBLS5667
L-Histidine,lhistidine,CHEBI:15971,L-histidine,4,MTBLS14059;MTBLS2774;MTBLS5667;MTBLS9662,"metabolights_maf:MTBLS2774,MTBLS5667"
L-Proline,lproline,CHEBI:17203,L-proline,4,MTBLS13869;MTBLS2774;MTBLS5667;MTBLS9662,"metabolights_maf:MTBLS2774,MTBLS5667"
L-Tryptophan,ltryptophan,CHEBI:16828,L-tryptophan,4,MTBLS13869;MTBLS14059;MTBLS2774;MTBLS9662,metabolights_maf:MTBLS2774
L-Valine,lvaline,CHEBI:16414,L-valine,4,MTBLS13869;MTBLS2774;MTBLS5667;MTBLS9662,"metabolights_maf:MTBLS2774,MTBLS5667"
Maleic acid,maleicacid,CHEBI:18300,maleic acid,4,MTBLS13869;MTBLS14059;MTBLS5667;MTBLS9662,metabolights_maf:MTBLS5667
Malic acid,malicacid,CHEBI:6650,malic acid,4,MTBLS13869;MTBLS14295;MTBLS2774;MTBLS5667,"metabolights_maf:MTBLS2774,MTBLS5667"
Maltose,maltose,CHEBI:17306,maltose,4,MTBLS13513;MTBLS14295;MTBLS9662;ST001412,ols4_label
Methionine sulfoxide,methioninesulfoxide,CHEBI:49033,methionine S-oxide,4,MTBLS13869;ST001412;ST003954;ST003984,ols4_synonym
myo-Inositol,myoinositol,CHEBI:17268,myo-inositol,4,MTBLS14295;MTBLS5667;MTBLS9662;ST001412,metabolights_maf:MTBLS5667
N1-Methyl-4-pyridone-3-carboxamide,n1methyl4pyridone3carboxamide,CHEBI:27838,N-methyl-4-pyridone-3-carboxamide,4,MTBLS14059;MTBLS14295;MTBLS5667;ST001412,metabolights_maf:MTBLS5667
N-acetyltryptophan,nacetyltryptophan,CHEBI:70976,N-acetyltryptophan,4,MTBLS13513;MTBLS13869;MTBLS14295;ST001412,ols4_label
p-Cresol sulfate,pcresolsulfate,CHEBI:82914,p-cresol sulfate,4,MTBLS13869;MTBLS2774;MTBLS5667;ST001412,"metabolights_maf:MTBLS2774,MTBLS5667"
Phenylalanine,phenylalanine,CHEBI:28044,phenylalanine,4,MTBLS13869;MTBLS14059;ST001412;ST003984,ols4_label
Phytosphingosine,phytosphingosine,CHEBI:46961,phytosphingosine,4,MTBLS13869;MTBLS14295;MTBLS5667;MTBLS9662,metabolights_maf:MTBLS5667
(-)-riboflavin,riboflavin,CHEBI:17015,riboflavin,4,MTBLS13513;MTBLS13869;MTBLS14295;MTBLS5667,metabolights_maf:MTBLS5667
Sedoheptulose,sedoheptulose,CHEBI:16802,sedoheptulose,4,MTBLS2774;MTBLS5667;MTBLS9662;ST001412,"metabolights_maf:MTBLS2774,MTBLS5667"
Spermidine,spermidine,CHEBI:16610,spermidine,4,MTBLS13869;MTBLS9662;ST001412;ST003984,ols4_label
Sphingosine,sphingosine,CHEBI:16393,sphingosine,4,MTBLS13869;MTBLS14295;MTBLS5667;ST001412,metabolights_maf:MTBLS5667
Succinic acid,succinicacid,CHEBI:15741,succinic acid,4,MTBLS13869;MTBLS2774;MTBLS9662;ST003954,metabolights_maf:MTBLS2774
TETRADECANEDIOIC ACID,tetradecanedioicacid,CHEBI:76308,tetradecanedioic acid,4,MTBLS13869;MTBLS14295;MTBLS2774;MTBLS9662,metabolights_maf:MTBLS2774
Trans-aconitic acid,transaconiticacid,CHEBI:32806,trans-aconitic acid,4,MTBLS13513;MTBLS14059;MTBLS14295;MTBLS5667,metabolights_maf:MTBLS5667
Trimethylamine n-oxide,trimethylaminenoxide,CHEBI:15724,trimethylamine N-oxide,4,MTBLS13513;MTBLS9662;ST001412;ST003954,ols4_label
Undecanedioic acid,undecanedioicacid,CHEBI:73713,undecanedioic acid,4,MTBLS13869;MTBLS14059;MTBLS14295;MTBLS2774,metabolights_maf:MTBLS2774
Urea,urea,CHEBI:16199,urea,4,MTBLS13513;MTBLS9662;ST001412;ST003954,ols4_label
16-Methylheptadecanoic acid,16methylheptadecanoicacid,CHEBI:84896,16-methylheptadecanoic acid,3,MTBLS13869;MTBLS5667;MTBLS9662,metabolights_maf:MTBLS5667
1-heptadecanoyl-sn-glycero-3-phosphocholine,1heptadecanoylsnglycero3phosphocholine,CHEBI:74340,1-heptadecanoyl-sn-glycero-3-phosphocholine,3,MTBLS13869;MTBLS14059;MTBLS14295,ols4_label
1-methylhistidine,1methylhistidine,CHEBI:70958,1-methylhistidine,3,MTBLS13513;ST001412;ST003954,ols4_label
"2,4-Di-tert-butylphenol",24ditertbutylphenol,CHEBI:89188,"2,4-di-tert-butylphenol",3,MTBLS14059;MTBLS14295;MTBLS9662,ols4_label
2-Ethyl-2-hydroxybutyric acid,2ethyl2hydroxybutyricacid,CHEBI:165404,2-Ethyl-2-hydroxy-butyric acid,3,MTBLS13869;MTBLS14295;MTBLS5667,metabolights_maf:MTBLS5667
2-hydroxy-3-methylbutyric acid,2hydroxy3methylbutyricacid,CHEBI:60645,2-hydroxy-3-methylbutyric acid,3,MTBLS13513;MTBLS14295;MTBLS5667,metabolights_maf:MTBLS5667
2-Hydroxydecanedioic acid,2hydroxydecanedioicacid,CHEBI:89312,2-Hydroxydecanedioic acid,3,MTBLS13869;MTBLS14295;MTBLS2774,metabolights_maf:MTBLS2774
2-Hydroxystearic acid,2hydroxystearicacid,CHEBI:19660,2-hydroxyoctadecanoic acid,3,MTBLS13869;MTBLS14295;MTBLS5667,metabolights_maf:MTBLS5667
2-ketobutyric acid,2ketobutyricacid,CHEBI:30831,2-oxobutanoic acid,3,MTBLS13513;MTBLS14295;MTBLS5667,metabolights_maf:MTBLS5667
2-Pyrrolidinone,2pyrrolidinone,CHEBI:36592,pyrrolidin-2-one,3,MTBLS5667;MTBLS9662;ST001412,metabolights_maf:MTBLS5667
3-Hydroxymyristic Acid,3hydroxymyristicacid,CHEBI:85148,3-hydroxytetradecanoic acid,3,MTBLS13869;MTBLS14059;MTBLS14295,ols4_synonym
3-Methyl-2-oxovaleric acid,3methyl2oxovalericacid,CHEBI:35932,3-methyl-2-oxovaleric acid,3,MTBLS14295;MTBLS2774;MTBLS5667,"metabolights_maf:MTBLS2774,MTBLS5667"
3-methylcytidine,3methylcytidine,CHEBI:20129,3-methylcytidine,3,MTBLS13513;MTBLS13869;ST001412,ols4_label
3-Methylhistidine,3methylhistidine,CHEBI:70959,3-methylhistidine,3,MTBLS13513;MTBLS5667;ST001412,metabolights_maf:MTBLS5667
4-Hydroxybenzoic acid,4hydroxybenzoicacid,CHEBI:30763,4-hydroxybenzoic acid,3,MTBLS14295;MTBLS5667;MTBLS9662,metabolights_maf:MTBLS5667
4-Hydroxyquinoline,4hydroxyquinoline,CHEBI:15815,quinolin-4-ol,3,MTBLS13869;MTBLS14059;MTBLS9662,ols4_synonym
5-aminovaleric acid,5aminovalericacid,CHEBI:15887,5-aminopentanoic acid,3,MTBLS13513;MTBLS9662;ST003954,ols4_synonym
5-methylcytosine,5methylcytosine,CHEBI:27551,5-methylcytosine,3,MTBLS13513;MTBLS13869;MTBLS9662,ols4_label
5-Methyldeoxycytidine,5methyldeoxycytidine,CHEBI:47876,5-methyl-2'-deoxycytidine,3,MTBLS13869;MTBLS2774;MTBLS5667,"metabolights_maf:MTBLS2774,MTBLS5667"
7-ketocholesterol,7ketocholesterol,CHEBI:64294,7-ketocholesterol,3,MTBLS2774;MTBLS5667;MTBLS9662,"metabolights_maf:MTBLS2774,MTBLS5667"
7-Ketodeoxycholic acid,7ketodeoxycholicacid,CHEBI:16390,"3alpha,12alpha-dihydroxy-7-oxo-5beta-cholanic acid",3,MTBLS13869;MTBLS14295;MTBLS2774,metabolights_maf:MTBLS2774
Adipic acid,adipicacid,CHEBI:30832,adipic acid,3,MTBLS13869;MTBLS14295;MTBLS9662,ols4_label
Alpha-ketoisovaleric acid,alphaketoisovalericacid,CHEBI:16530,3-methyl-2-oxobutanoic acid,3,MTBLS13513;MTBLS2774;MTBLS5667,"metabolights_maf:MTBLS2774,MTBLS5667"
(+)-.alpha.-tocopherol,alphatocopherol,CHEBI:22470,alpha-tocopherol,3,MTBLS13513;MTBLS2774;ST001412,metabolights_maf:MTBLS2774
Androsterone glucuronide,androsteroneglucuronide,CHEBI:28832,androsterone 3-glucosiduronic acid,3,MTBLS13513;MTBLS13869;ST001412,ols4_synonym
Arachidonic acid,arachidonicacid,CHEBI:15843,arachidonic acid,3,MTBLS13869;MTBLS2774;MTBLS5667,"metabolights_maf:MTBLS2774,MTBLS5667"
Argininosuccinic acid,argininosuccinicacid,CHEBI:184023,Argininosuccinic acid,3,MTBLS13513;MTBLS9662;ST003954,ols4_label
Azelaic acid,azelaicacid,CHEBI:48131,nonanedioic acid,3,MTBLS14059;MTBLS5667;MTBLS9662,metabolights_maf:MTBLS5667
Baicalin,baicalin,CHEBI:2981,baicalin,3,MTBLS13513;MTBLS13869;MTBLS14295,ols4_label
Benzoic acid,benzoicacid,CHEBI:30746,benzoic acid,3,MTBLS13513;MTBLS14295;MTBLS5667,metabolights_maf:MTBLS5667
Biliverdin,biliverdin,CHEBI:17033,biliverdin,3,MTBLS13513;MTBLS13869;ST001412,ols4_label
Capric acid,capricacid,CHEBI:30813,decanoic acid,3,MTBLS14059;MTBLS14295;MTBLS5667,metabolights_maf:MTBLS5667
Cholesterol,cholesterol,CHEBI:16113,cholesterol,3,MTBLS13869;MTBLS9662;ST001412,ols4_label
cis-5-Tetradecenoylcarnitine,cis5tetradecenoylcarnitine,CHEBI:73060,(5Z)-tetradecenoylcarnitine,3,MTBLS13869;MTBLS2774;MTBLS5667,"metabolights_maf:MTBLS2774,MTBLS5667"
cis-Aconitic acid,cisaconiticacid,CHEBI:32805,cis-aconitic acid,3,MTBLS14295;MTBLS5667;MTBLS9662,metabolights_maf:MTBLS5667
Citrulline,citrulline,CHEBI:18211,citrulline,3,MTBLS13869;MTBLS5667;ST001412,metabolights_maf:MTBLS5667
Cortisol,cortisol,CHEBI:17650,cortisol,3,MTBLS5667;MTBLS9662;ST001412,metabolights_maf:MTBLS5667
Cortisone,cortisone,CHEBI:16962,cortisone,3,MTBLS13513;MTBLS2774;ST001412,metabolights_maf:MTBLS2774
Cysteine-s-sulfate,cysteinessulfate,CHEBI:27891,S-sulfo-L-cysteine,3,MTBLS13513;MTBLS5667;ST001412,metabolights_maf:MTBLS5667
D-glucose 6-phosphate,dglucose6phosphate,CHEBI:14314,D-glucose 6-phosphate,3,MTBLS13513;MTBLS14059;MTBLS2774,metabolights_maf:MTBLS2774
D-glutamine,dglutamine,CHEBI:17061,D-glutamine,3,MTBLS13513;MTBLS13869;MTBLS5667,metabolights_maf:MTBLS5667
Dioctyl phthalate,dioctylphthalate,CHEBI:17747,bis(2-ethylhexyl) phthalate,3,MTBLS13869;MTBLS14059;MTBLS9662,ols4_synonym
D-(+)-mannose,dmannose,CHEBI:16024,D-mannose,3,MTBLS13513;MTBLS5667;MTBLS9662,metabolights_maf:MTBLS5667
Dodecanoylcarnitine,dodecanoylcarnitine,CHEBI:73054,O-dodecanoylcarnitine,3,MTBLS14059;MTBLS2774;MTBLS5667,"metabolights_maf:MTBLS2774,MTBLS5667"
D-ribose 5-phosphate,dribose5phosphate,CHEBI:52742,D-ribofuranose 5-phosphate,3,MTBLS13513;MTBLS14059;MTBLS5667,metabolights_maf:MTBLS5667
D-xylose,dxylose,CHEBI:65327,D-xylose,3,MTBLS13513;MTBLS5667;MTBLS9662,metabolights_maf:MTBLS5667
Ectoine,ectoine,CHEBI:27592,ectoine,3,MTBLS13513;MTBLS13869;ST001412,ols4_label
Eicosapentaenoic acid,eicosapentaenoicacid,CHEBI:36006,icosapentaenoic acid,3,MTBLS14059;MTBLS14295;MTBLS5667,metabolights_maf:MTBLS5667
Epinephrine,epinephrine,CHEBI:28918,(R)-adrenaline,3,MTBLS13513;MTBLS14295;MTBLS5667,metabolights_maf:MTBLS5667
Erucamide,erucamide,CHEBI:142245,erucamide,3,MTBLS13513;MTBLS13869;MTBLS14059,ols4_label
Erythritol,erythritol,CHEBI:17113,erythritol,3,MTBLS13513;MTBLS9662;ST001412,ols4_label
Estrone glucuronide,estroneglucuronide,CHEBI:28919,estrone 3-O-(beta-D-glucuronide),3,MTBLS13513;MTBLS2774;MTBLS5667,"metabolights_maf:MTBLS2774,MTBLS5667"
Eupatilin,eupatilin,CHEBI:4932,eupatilin,3,MTBLS13513;MTBLS13869;MTBLS5667,metabolights_maf:MTBLS5667
Fexofenadine,fexofenadine,CHEBI:5050,fexofenadine,3,MTBLS13513;MTBLS5667;ST001412,metabolights_maf:MTBLS5667
gamma-Glutamyltyrosine,gammaglutamyltyrosine,CHEBI:82969,gamma-Glu-Tyr,3,MTBLS13869;MTBLS14295;ST001412,ols4_synonym
Gluconic acid,gluconicacid,CHEBI:24266,gluconic acid,3,MTBLS13869;MTBLS2774;MTBLS5667,"metabolights_maf:MTBLS2774,MTBLS5667"
Glucose,glucose,CHEBI:17234,glucose,3,MTBLS13513;MTBLS14295;ST001412,ols4_label
Glycochenodeoxycholate,glycochenodeoxycholate,CHEBI:36274,glycochenodeoxycholic acid,3,MTBLS13513;MTBLS2774;ST001412,metabolights_maf:MTBLS2774
Glycocholate,glycocholate,CHEBI:29746,glycocholate,3,MTBLS13513;MTBLS13869;ST001412,ols4_label
Homoserine,homoserine,CHEBI:30653,homoserine,3,MTBLS14295;MTBLS2774;ST003954,metabolights_maf:MTBLS2774
Homostachydrine,homostachydrine,CHEBI:5757,homostachydrine,3,MTBLS13513;MTBLS13869;ST001412,ols4_label
Indole-3-carboxaldehyde,indole3carboxaldehyde,CHEBI:28238,indole-3-carbaldehyde,3,MTBLS13513;MTBLS14295;MTBLS2774,metabolights_maf:MTBLS2774
Indoleacetaldehyde,indoleacetaldehyde,CHEBI:24823,indoleacetaldehyde,3,MTBLS13869;MTBLS5667;MTBLS9662,metabolights_maf:MTBLS5667
Indoleacrylic acid,indoleacrylicacid,CHEBI:177018,3-amino-2-naphthoic acid,3,MTBLS13513;MTBLS14295;MTBLS2774,metabolights_maf:MTBLS2774
Inosine,inosine,CHEBI:17596,inosine,3,MTBLS13513;MTBLS14059;ST001412,ols4_label
Isobutyrylglycine,isobutyrylglycine,CHEBI:70979,N-isobutyrylglycine,3,MTBLS13513;MTBLS5667;ST001412,metabolights_maf:MTBLS5667
Isovalerylglycine,isovalerylglycine,CHEBI:70984,N-isovalerylglycine,3,MTBLS13513;MTBLS5667;ST001412,metabolights_maf:MTBLS5667
Itaconic acid,itaconicacid,CHEBI:30838,itaconic acid,3,MTBLS13513;MTBLS13869;MTBLS14295,ols4_label
Kojic acid,kojicacid,CHEBI:43572,kojic acid,3,MTBLS13513;MTBLS13869;MTBLS5667,metabolights_maf:MTBLS5667
L-Arginine,larginine,CHEBI:16467,L-arginine,3,MTBLS2774;MTBLS5667;MTBLS9662,"metabolights_maf:MTBLS2774,MTBLS5667"
L-aspartic acid,lasparticacid,CHEBI:17053,L-aspartic acid,3,MTBLS13513;MTBLS14059;MTBLS2774,metabolights_maf:MTBLS2774
L-carnitine,lcarnitine,CHEBI:16347,(R)-carnitine,3,MTBLS13513;MTBLS14059;MTBLS5667,metabolights_maf:MTBLS5667
L-carnosine,lcarnosine,CHEBI:15727,carnosine,3,MTBLS13513;MTBLS14059;ST003954,ols4_synonym
L-citrulline,lcitrulline,CHEBI:16349,L-citrulline,3,MTBLS13513;MTBLS9662;ST003954,ols4_label
Leucine,leucine,CHEBI:25017,leucine,3,MTBLS14295;ST001412;ST003984,ols4_label
Levulinic acid,levulinicacid,CHEBI:45630,4-oxopentanoic acid,3,MTBLS13869;MTBLS14295;MTBLS9662,ols4_synonym
L-fucose,lfucose,CHEBI:18287,L-fucose,3,MTBLS13513;MTBLS5667;MTBLS9662,metabolights_maf:MTBLS5667
L-Glutamic acid,lglutamicacid,CHEBI:16015,L-glutamic acid,3,MTBLS14059;MTBLS5667;MTBLS9662,metabolights_maf:MTBLS5667
L-Glutamine,lglutamine,CHEBI:18050,L-glutamine,3,MTBLS2774;MTBLS5667;MTBLS9662,"metabolights_maf:MTBLS2774,MTBLS5667"
linoleoyl ethanolamide,linoleoylethanolamide,CHEBI:64032,linoleoyl ethanolamide,3,MTBLS14295;MTBLS2774;ST001412,metabolights_maf:MTBLS2774
L-Norleucine,lnorleucine,CHEBI:18347,L-norleucine,3,MTBLS13513;MTBLS5667;MTBLS9662,metabolights_maf:MTBLS5667
L-Serine,lserine,CHEBI:17115,L-serine,3,MTBLS2774;MTBLS5667;MTBLS9662,"metabolights_maf:MTBLS2774,MTBLS5667"
L-Tyrosine,ltyrosine,CHEBI:17895,L-tyrosine,3,MTBLS14059;MTBLS2774;MTBLS9662,metabolights_maf:MTBLS2774
Malonic acid,malonicacid,CHEBI:30794,malonic acid,3,MTBLS14059;MTBLS5667;MTBLS9662,metabolights_maf:MTBLS5667
Maltotriose,maltotriose,CHEBI:61993,maltotriose,3,MTBLS13513;MTBLS9662;ST001412,ols4_label
Mesaconic acid,mesaconicacid,CHEBI:16600,mesaconic acid,3,MTBLS13869;MTBLS14295;MTBLS2774,metabolights_maf:MTBLS2774
Methylsuccinic acid,methylsuccinicacid,,,3,MTBLS13869;MTBLS2774;MTBLS5667,ambiguous_in_corpus:CHEBI:89843|CHEBI:91315
N-acetyl-d-glucosamine,nacetyldglucosamine,CHEBI:506227,N-acetyl-D-glucosamine,3,MTBLS13513;MTBLS2774;MTBLS9662,metabolights_maf:MTBLS2774
N-acetylglutamine,nacetylglutamine,CHEBI:73685,N(2)-acetylglutamine,3,MTBLS13513;MTBLS5667;ST001412,metabolights_maf:MTBLS5667
N-acetyl-l-tyrosine,nacetylltyrosine,CHEBI:21563,N-acetyl-L-tyrosine,3,MTBLS13513;MTBLS9662;ST003954,ols4_label
N-acetylneuraminic acid,nacetylneuraminicacid,CHEBI:17012,N-acetylneuraminic acid,3,MTBLS13513;MTBLS2774;ST003954,metabolights_maf:MTBLS2774
N-Acetylphenylalanine,nacetylphenylalanine,CHEBI:21626,N-acetylphenylalanine,3,MTBLS13869;MTBLS14295;ST001412,ols4_label
N-acetylserine,nacetylserine,CHEBI:45441,N-acetyl-L-serine,3,MTBLS13513;MTBLS5667;ST001412,metabolights_maf:MTBLS5667
N-Acetyltyrosine,nacetyltyrosine,CHEBI:68561,N-acetyltyrosine,3,MTBLS13869;MTBLS14295;ST001412,ols4_label
Nicotinamide,nicotinamide,CHEBI:17154,nicotinamide,3,MTBLS14295;MTBLS9662;ST001412,ols4_label
Nicotinic acid,nicotinicacid,CHEBI:15940,nicotinic acid,3,MTBLS2774;MTBLS5667;MTBLS9662,"metabolights_maf:MTBLS2774,MTBLS5667"
Nonaethylene glycol,nonaethyleneglycol,CHEBI:39784,nonaethylene glycol,3,MTBLS13513;MTBLS13869;MTBLS14295,ols4_label
Octadecanedioic acid,octadecanedioicacid,CHEBI:133086,octadecanedioic acid,3,MTBLS13869;MTBLS14295;MTBLS2774,metabolights_maf:MTBLS2774
Oleic acid,oleicacid,CHEBI:16196,oleic acid,3,MTBLS14059;MTBLS14295;MTBLS2774,metabolights_maf:MTBLS2774
Ornithine,ornithine,CHEBI:18257,ornithine,3,MTBLS14295;ST001412;ST003984,ols4_label
Orotidine,orotidine,CHEBI:25722,orotidine,3,MTBLS13513;MTBLS5667;ST001412,metabolights_maf:MTBLS5667
Palmitoylcarnitine,palmitoylcarnitine,CHEBI:73067,O-palmitoylcarnitine,3,MTBLS13869;MTBLS14059;MTBLS14295,ols4_synonym
Pantothenate,pantothenate,CHEBI:16454,pantothenate,3,MTBLS13513;MTBLS9662;ST001412,ols4_label
Pelargonic acid,pelargonicacid,CHEBI:29019,nonanoic acid,3,MTBLS14059;MTBLS14295;MTBLS5667,metabolights_maf:MTBLS5667
Pentadecanoic acid,pentadecanoicacid,CHEBI:42504,pentadecanoic acid,3,MTBLS14059;MTBLS14295;MTBLS5667,metabolights_maf:MTBLS5667
Phenol,phenol,CHEBI:15882,phenol,3,MTBLS13513;MTBLS13869;ST000603,ols4_label
Phenylacetylglycine,phenylacetylglycine,CHEBI:27480,phenylacetylglycine,3,MTBLS13869;MTBLS14295;MTBLS5667,metabolights_maf:MTBLS5667
Phosphoric acid,phosphoricacid,CHEBI:26078,phosphoric acid,3,MTBLS13869;MTBLS14059;MTBLS2774,metabolights_maf:MTBLS2774
Porphobilinogen,porphobilinogen,CHEBI:17381,porphobilinogen,3,MTBLS13513;MTBLS5667;MTBLS9662,metabolights_maf:MTBLS5667
Pregnenolone sulfate,pregnenolonesulfate,CHEBI:35420,pregnenolone sulfate,3,MTBLS14295;MTBLS2774;ST001412,metabolights_maf:MTBLS2774
Proline betaine,prolinebetaine,CHEBI:35280,L-proline betaine,3,MTBLS14059;MTBLS5667;MTBLS9662,metabolights_maf:MTBLS5667
P-toluenesulfonic acid,ptoluenesulfonicacid,CHEBI:27849,toluene-4-sulfonic acid,3,MTBLS13513;MTBLS13869;MTBLS5667,metabolights_maf:MTBLS5667
Pyrocatechol,pyrocatechol,CHEBI:18135,catechol,3,MTBLS13513;MTBLS14295;MTBLS9662,ols4_synonym
Pyrrolidine,pyrrolidine,CHEBI:33135,pyrrolidine,3,MTBLS13513;MTBLS14295;MTBLS9662,ols4_label
Pyruvate,pyruvate,CHEBI:15361,pyruvate,3,MTBLS13513;MTBLS14295;ST001412,ols4_label
Salicylic acid,salicylicacid,CHEBI:16914,salicylic acid,3,MTBLS13513;MTBLS14295;MTBLS9662,ols4_label
Serine,serine,CHEBI:17822,serine,3,MTBLS13513;ST001412;ST003984,ols4_label
Serotonin,serotonin,CHEBI:28790,serotonin,3,MTBLS13869;ST001412;ST003984,ols4_label
Sphinganine 1-phosphate,sphinganine1phosphate,CHEBI:16893,sphinganine 1-phosphate,3,MTBLS13869;MTBLS14295;ST001412,ols4_label
Sphingosine 1-phosphate,sphingosine1phosphate,CHEBI:37550,sphingosine 1-phosphate,3,MTBLS13869;MTBLS2774;ST001412,metabolights_maf:MTBLS2774
Stearamide,stearamide,CHEBI:34900,octadecanamide,3,MTBLS13869;MTBLS14059;MTBLS2774,metabolights_maf:MTBLS2774
Stearic acid,stearicacid,CHEBI:28842,octadecanoic acid,3,MTBLS14059;MTBLS2774;MTBLS5667,"metabolights_maf:MTBLS2774,MTBLS5667"
Taurocholic acid,taurocholicacid,CHEBI:28865,taurocholic acid,3,MTBLS13869;MTBLS14295;MTBLS5667,metabolights_maf:MTBLS5667
Tauroursodeoxycholic acid,tauroursodeoxycholicacid,CHEBI:80774,tauroursodeoxycholic acid,3,MTBLS14295;MTBLS5667;MTBLS9662,metabolights_maf:MTBLS5667
Tetracosahexaenoic acid,tetracosahexaenoicacid,CHEBI:72714,tetracosahexaenoic acid,3,MTBLS13869;MTBLS14059;MTBLS5667,metabolights_maf:MTBLS5667
Tetraethylene glycol,tetraethyleneglycol,CHEBI:44920,tetraethylene glycol,3,MTBLS13869;MTBLS14295;MTBLS9662,ols4_label
Threonine,threonine,CHEBI:26986,threonine,3,MTBLS13869;ST001412;ST003984,ols4_label
Thymidine,thymidine,CHEBI:17748,thymidine,3,MTBLS13869;MTBLS14295;MTBLS5667,metabolights_maf:MTBLS5667
Thyroxine,thyroxine,CHEBI:30660,thyroxine,3,MTBLS13869;MTBLS14295;ST001412,ols4_label
Traumatic Acid,traumaticacid,CHEBI:545687,traumatic acid,3,MTBLS13869;MTBLS14295;MTBLS2774,metabolights_maf:MTBLS2774
Trifluoroacetic acid,trifluoroaceticacid,CHEBI:45892,trifluoroacetic acid,3,MTBLS13513;MTBLS13869;MTBLS2774,metabolights_maf:MTBLS2774
Urobilin,urobilin,CHEBI:36378,urobilin,3,MTBLS13513;MTBLS13869;MTBLS2774,metabolights_maf:MTBLS2774
"1,11-Undecanedicarboxylic acid",111undecanedicarboxylicacid,CHEBI:73718,tridecanedioic acid,2,MTBLS14059;MTBLS14295,ols4_synonym
11'-Carboxy-alpha-chromanol,11carboxyalphachromanol,CHEBI:172659,11'-Carboxy-alpha-chromanol,2,MTBLS13869;MTBLS14295,ols4_label
"12,13-DiHOME",1213dihome,CHEBI:72665,"12,13-DiHOME",2,MTBLS14295;ST001412,ols4_label
12-Hydroxy-12-octadecanoylcarnitine,12hydroxy12octadecanoylcarnitine,CHEBI:169486,12-Hydroxy-12-octadecanoylcarnitine,2,MTBLS13869;MTBLS14295,ols4_label
12-Methyltridecanoic acid,12methyltridecanoicacid,CHEBI:43722,isomyristic acid,2,MTBLS14295;MTBLS9662,ols4_synonym
12-OxoETE,12oxoete,CHEBI:34151,12-oxo-ETE,2,MTBLS13869;MTBLS14295,ols4_synonym
"1,3-Dicyclohexylurea",13dicyclohexylurea,CHEBI:93429,"1,3-dicyclohexylurea",2,MTBLS13869;MTBLS9662,ols4_label
13(S)-HODE,13shode,CHEBI:34154,13(S)-HODE,2,MTBLS13869;MTBLS14295,ols4_label
13Z-Docosenamide,13zdocosenamide,CHEBI:142245,erucamide,2,MTBLS13869;MTBLS2774,metabolights_maf:MTBLS2774
15-HETE,15hete,CHEBI:64017,"(5Z,8Z,11Z,13E)-15-HETE",2,MTBLS14295;MTBLS2774,metabolights_maf:MTBLS2774
16-Hydroxy hexadecanoic acid,16hydroxyhexadecanoicacid,CHEBI:55328,16-hydroxyhexadecanoic acid,2,MTBLS5667;MTBLS9662,metabolights_maf:MTBLS5667
19-Hydroxydeoxycorticosterone,19hydroxydeoxycorticosterone,CHEBI:145762,19-hydroxydeoxycorticosterone,2,MTBLS13869;MTBLS14295,ols4_label
1-Carboxyethylphenylalanine,1carboxyethylphenylalanine,CHEBI:232927,1-carboxyethylphenylalanine,2,MTBLS13869;ST001412,ols4_label
1-Deoxy-D-xylulose-5-phosphate,1deoxydxylulose5phosphate,CHEBI:16493,1-deoxy-D-xylulose 5-phosphate,2,MTBLS2774;MTBLS5667,"metabolights_maf:MTBLS2774,MTBLS5667"
1-methylguanosine,1methylguanosine,CHEBI:19062,1-methylguanosine,2,MTBLS13513;MTBLS9662,ols4_label
1-Methylnicotinamide,1methylnicotinamide,CHEBI:16797,1-methylnicotinamide,2,MTBLS5667;ST001412,metabolights_maf:MTBLS5667
1-methylxanthine,1methylxanthine,CHEBI:68443,1-methylxanthine,2,MTBLS13513;ST001412,ols4_label
1-Naphthylamine,1naphthylamine,CHEBI:50450,1-naphthylamine,2,MTBLS2774;MTBLS9662,metabolights_maf:MTBLS2774
1-octanol,1octanol,CHEBI:16188,octan-1-ol,2,MTBLS13513;ST000603,ols4_synonym
1-palmitoyl-sn-glycero-3-phosphocholine,1palmitoylsnglycero3phosphocholine,CHEBI:72998,1-hexadecanoyl-sn-glycero-3-phosphocholine,2,MTBLS13513;MTBLS13869,ols4_synonym
"2,6-Dihydroxybenzoic acid",26dihydroxybenzoicacid,CHEBI:68465,"2,6-dihydroxybenzoic acid",2,MTBLS14295;ST001412,ols4_label
27-Norcholestanehexol?,27norcholestanehexol,CHEBI:172134,27-Norcholestanehexol,2,MTBLS2774;MTBLS9662,metabolights_maf:MTBLS2774
2-Aminooctanoic acid,2aminooctanoicacid,CHEBI:75145,2-aminooctanoic acid,2,MTBLS14295;MTBLS2774,metabolights_maf:MTBLS2774
2'-Deoxyuridine,2deoxyuridine,CHEBI:16450,2'-deoxyuridine,2,MTBLS14295;ST001412,ols4_label
2-Formaminobenzoylacetate,2formaminobenzoylacetate,CHEBI:1098,2-Formaminobenzoylacetate,2,MTBLS13869;MTBLS14295,ols4_label
2-Hydroxybutyric acid,2hydroxybutyricacid,CHEBI:1148,2-hydroxybutyric acid,2,MTBLS14295;MTBLS5667,metabolights_maf:MTBLS5667
2-Hydroxyhexadecanoic acid,2hydroxyhexadecanoicacid,CHEBI:65101,2-hydroxyhexadecanoic acid,2,MTBLS13869;MTBLS9662,ols4_label
2-Hydroxyisobutyric acid,2hydroxyisobutyricacid,CHEBI:50129,2-hydroxyisobutyric acid,2,MTBLS13869;MTBLS14295,ols4_label
2-Hydroxyphenylacetic acid,2hydroxyphenylaceticacid,CHEBI:28478,(2-hydroxyphenyl)acetic acid,2,MTBLS13513;MTBLS14295,ols4_synonym
2-ketohexanoic acid,2ketohexanoicacid,CHEBI:17308,2-oxohexanoic acid,2,MTBLS13513;MTBLS5667,metabolights_maf:MTBLS5667
2-Linoleoyl Glycerol,2linoleoylglycerol,CHEBI:173124,2-Linoleoyl glycerol,2,MTBLS13869;MTBLS2774,metabolights_maf:MTBLS2774
2-methyl-3-hydroxybutyric acid,2methyl3hydroxybutyricacid,CHEBI:37051,3-hydroxy-2-methylbutanoic acid,2,MTBLS13513;MTBLS2774,metabolights_maf:MTBLS2774
2-Methylglutaric acid,2methylglutaricacid,CHEBI:68567,2-methylglutaric acid,2,MTBLS14295;MTBLS9662,ols4_label
2-methylguanosine,2methylguanosine,CHEBI:19702,N(2)-methylguanosine,2,MTBLS13513;MTBLS9662,ols4_synonym
2-Methylserine,2methylserine,CHEBI:134206,2-methylserine,2,MTBLS14295;ST001412,ols4_label
2-Methylvaleric acid,2methylvalericacid,CHEBI:167644,2-methylvaleric acid,2,MTBLS14295;MTBLS2774,metabolights_maf:MTBLS2774
2-Naphthalenesulfonic acid,2naphthalenesulfonicacid,CHEBI:44229,naphthalene-2-sulfonic acid,2,MTBLS13869;MTBLS14059,ols4_synonym
2'-o-methylcytidine,2omethylcytidine,CHEBI:19228,2'-O-methylcytidine,2,MTBLS13513;ST001412,ols4_label
2-Oxoarginine,2oxoarginine,CHEBI:28116,5-guanidino-2-oxopentanoic acid,2,MTBLS5667;ST001412,metabolights_maf:MTBLS5667
2-oxovaleric acid,2oxovalericacid,CHEBI:33033,2-oxopentanoic acid,2,MTBLS13513;MTBLS5667,metabolights_maf:MTBLS5667
2-Phenylacetamide,2phenylacetamide,CHEBI:16562,2-phenylacetamide,2,MTBLS13869;MTBLS2774,metabolights_maf:MTBLS2774
2-Piperidinone,2piperidinone,CHEBI:77761,piperidin-2-one,2,MTBLS5667;ST001412,metabolights_maf:MTBLS5667
"3-(2,4-Cyclopentadien-1-ylidene)-5alpha-androstan-17beta-ol",324cyclopentadien1ylidene5alphaandrostan17betaol,CHEBI:79440,"3-(2,4-Cyclopentadien-1-ylidene)-5alpha-androstan-17beta-ol",2,MTBLS13869;MTBLS2774,metabolights_maf:MTBLS2774
3-(3-Sulfooxyphenyl)propanoic acid,33sulfooxyphenylpropanoicacid,CHEBI:64414,3-(3-sulfooxyphenyl)propanoic acid,2,MTBLS13869;MTBLS14295,ols4_label
"3,4-Dimethylbenzaldehyde",34dimethylbenzaldehyde,CHEBI:167406,"3,4-Dimethylbenzaldehyde",2,MTBLS14059;MTBLS14295,ols4_label
"3,7-Dimethyluric acid",37dimethyluricacid,CHEBI:68531,"3,7-dimethyluric acid",2,MTBLS5667;ST003954,metabolights_maf:MTBLS5667
3-Amino-2-piperidone,3amino2piperidone,CHEBI:76341,3-aminopiperidine-2-one,2,MTBLS5667;ST001412,metabolights_maf:MTBLS5667
3-Aminobenzamide,3aminobenzamide,CHEBI:64042,3-aminobenzamide,2,MTBLS13869;MTBLS9662,ols4_label
3-Aminoisobutanoic acid,3aminoisobutanoicacid,CHEBI:27389,3-aminoisobutyric acid,2,MTBLS5667;ST003954,metabolights_maf:MTBLS5667
"3beta,6beta-Dihydroxynortropane",3beta6betadihydroxynortropane,CHEBI:165179,"3beta,6beta-Dihydroxynortropane",2,MTBLS13869;MTBLS5667,metabolights_maf:MTBLS5667
3beta-Fluoro-5beta-pregnan-20-one,3betafluoro5betapregnan20one,CHEBI:79505,3beta-Fluoro-5beta-pregnan-20-one,2,MTBLS13869;MTBLS2774,metabolights_maf:MTBLS2774
3b-Hydroxy-5-cholenoic acid,3bhydroxy5cholenoicacid,CHEBI:89234,3b-Hydroxy-5-cholenoic acid,2,MTBLS2774;ST001412,metabolights_maf:MTBLS2774
3-Hydroxy-11Z-octadecenoylcarnitine,3hydroxy11zoctadecenoylcarnitine,CHEBI:139325,3-hydroxy-11Z-octadecenoylcarnitine,2,MTBLS13869;MTBLS14295,ols4_label
3-hydroxy-3-methylglutaric acid,3hydroxy3methylglutaricacid,CHEBI:16831,3-hydroxy-3-methylglutaric acid,2,MTBLS13513;MTBLS2774,metabolights_maf:MTBLS2774
"3-Hydroxyadipic acid 3,6-lactone",3hydroxyadipicacid36lactone,CHEBI:173603,"3-Hydroxyadipic acid 3,6-lactone",2,MTBLS13869;MTBLS5667,metabolights_maf:MTBLS5667
3-hydroxybenzoic acid,3hydroxybenzoicacid,CHEBI:30764,3-hydroxybenzoic acid,2,MTBLS13513;MTBLS14295,ols4_label
3-hydroxybutyrylcarnitine,3hydroxybutyrylcarnitine,CHEBI:72995,3-hydroxybutyrylcarnitine,2,MTBLS13513;MTBLS13869,ols4_label
3-Hydroxycinnamic acid,3hydroxycinnamicacid,CHEBI:47925,3-coumaric acid,2,MTBLS14059;MTBLS9662,ols4_synonym
3-Hydroxydecanoic acid,3hydroxydecanoicacid,CHEBI:132983,3-hydroxydecanoic acid,2,MTBLS13869;MTBLS14295,ols4_label
3-hydroxydecanoyl carnitine,3hydroxydecanoylcarnitine,CHEBI:174487,3-hydroxydecanoyl carnitine,2,MTBLS13869;ST001412,ols4_label
3-Hydroxydodecanedioic acid,3hydroxydodecanedioicacid,CHEBI:145961,3-hydroxydodecanedioic acid,2,MTBLS13869;MTBLS2774,metabolights_maf:MTBLS2774
3-Hydroxydodecanoic acid,3hydroxydodecanoicacid,CHEBI:36206,3-hydroxylauric acid,2,MTBLS14059;MTBLS2774,metabolights_maf:MTBLS2774
3-HYDROXYGLUTARIC ACID,3hydroxyglutaricacid,CHEBI:39980,3-hydroxyglutaric acid,2,MTBLS13869;MTBLS5667,metabolights_maf:MTBLS5667
3-Hydroxyhippuric Acid,3hydroxyhippuricacid,CHEBI:70824,m-hydroxyhippuric acid,2,MTBLS9662;ST003954,ols4_synonym
3-Hydroxymethylglutaric acid,3hydroxymethylglutaricacid,CHEBI:138367,3-hydroxymethylglutaric acid,2,MTBLS13869;MTBLS5667,metabolights_maf:MTBLS5667
3-Hydroxyoctanoate,3hydroxyoctanoate,CHEBI:133511,3-hydroxyoctanoate,2,MTBLS13869;ST001412,ols4_label
3-hydroxyoctanoic acid,3hydroxyoctanoicacid,CHEBI:37098,3-hydroxyoctanoic acid,2,MTBLS13513;MTBLS14295,ols4_label
3-hydroxyphenylacetic acid,3hydroxyphenylaceticacid,CHEBI:17445,3-hydroxyphenylacetic acid,2,MTBLS13513;MTBLS14295,ols4_label
3-Hydroxysebacate,3hydroxysebacate,CHEBI:132934,3-hydroxysebacate,2,MTBLS13869;ST001412,ols4_label
3-Hydroxytetradecanedioic acid,3hydroxytetradecanedioicacid,CHEBI:89276,3-Hydroxytetradecanedioic acid,2,MTBLS14295;MTBLS2774,metabolights_maf:MTBLS2774
3-Indoleacrylic acid,3indoleacrylicacid,CHEBI:132244,(E)-3-(indol-3-yl)acrylic acid,2,MTBLS14059;MTBLS14295,ols4_synonym
3-Methylene-indolenine,3methyleneindolenine,CHEBI:63905,3-methyleneindolenine,2,MTBLS13869;MTBLS2774,metabolights_maf:MTBLS2774
3-Methylxanthine,3methylxanthine,CHEBI:62205,3-methylxanthine,2,MTBLS13513;ST001412,ols4_label
3-Oxocholic acid,3oxocholicacid,CHEBI:88108,"7alpha,12alpha-dihydroxy-3-oxo-5beta-cholan-24-oic acid",2,MTBLS13869;MTBLS14295,ols4_synonym
3-Oxododecanoic acid,3oxododecanoicacid,CHEBI:18037,3-oxolauric acid,2,MTBLS13869;MTBLS14295,ols4_synonym
"4,7,10,13-Hexadecatetraenoic acid",471013hexadecatetraenoicacid,CHEBI:137230,"4,7,10,13-hexadecatetraenoic acid",2,MTBLS14295;MTBLS2774,metabolights_maf:MTBLS2774
4-Acetamidobutyric acid,4acetamidobutyricacid,CHEBI:17645,4-acetamidobutanoic acid,2,MTBLS14295;ST003954,ols4_synonym
4-Amino-2-methylenebutanoic acid,4amino2methylenebutanoicacid,CHEBI:173414,4-Amino-2-methylenebutanoic acid,2,MTBLS5667;MTBLS9662,metabolights_maf:MTBLS5667
4-Guanidinobutanoic acid,4guanidinobutanoicacid,CHEBI:15728,4-guanidinobutanoic acid,2,MTBLS13869;MTBLS5667,metabolights_maf:MTBLS5667
4-Hydroxy-2-Oxoglutaric Acid,4hydroxy2oxoglutaricacid,CHEBI:30923,4-hydroxy-2-oxoglutaric acid,2,MTBLS9662;ST001412,ols4_label
4-Hydroxybenzoylcholine,4hydroxybenzoylcholine,CHEBI:178112,(4-Hydroxybenzoyl)choline,2,MTBLS13869;MTBLS5667,metabolights_maf:MTBLS5667
4-Hydroxycinnamic acid,4hydroxycinnamicacid,CHEBI:36090,4-coumaric acid,2,MTBLS14295;MTBLS5667,metabolights_maf:MTBLS5667
4-methylhippuric acid,4methylhippuricacid,CHEBI:68552,p-methylhippuric acid,2,MTBLS13513;MTBLS9662,ols4_synonym
4-pyridoxic acid,4pyridoxicacid,CHEBI:17405,4-pyridoxic acid,2,MTBLS13513;MTBLS5667,metabolights_maf:MTBLS5667
"5,6-DHET",56dhet,CHEBI:63974,"5,6-DHET",2,MTBLS14295;MTBLS2774,metabolights_maf:MTBLS2774
"5,6-Dihydrouridine",56dihydrouridine,CHEBI:23774,dihydrouridine,2,MTBLS5667;ST001412,metabolights_maf:MTBLS5667
5-acetylamino-6-formylamino-3-methyluracil,5acetylamino6formylamino3methyluracil,CHEBI:32643,5-acetamido-6-formamido-3-methyluracil,2,MTBLS13513;ST001412,ols4_synonym
5-Hydroxyindoleacetic acid,5hydroxyindoleaceticacid,CHEBI:27823,(5-hydroxyindol-3-yl)acetic acid,2,MTBLS13869;MTBLS2774,metabolights_maf:MTBLS2774
5-hydroxylysine,5hydroxylysine,CHEBI:60175,5-hydroxylysine,2,ST001412;ST003954,ols4_label
5-L-Glutamyl-L-alanine,5lglutamyllalanine,CHEBI:50619,gamma-Glu-Ala,2,MTBLS13513;ST003954,ols4_synonym
5-Methoxyindoleacetate,5methoxyindoleacetate,CHEBI:28281,5-methoxyindole-3-acetic acid,2,MTBLS14295;MTBLS2774,metabolights_maf:MTBLS2774
5-Methoxytryptophan,5methoxytryptophan,CHEBI:74049,5-methoxytryptophan,2,MTBLS2774;MTBLS9662,metabolights_maf:MTBLS2774
5-Methylcytidine,5methylcytidine,CHEBI:20607,5-methylcytidine,2,MTBLS13869;MTBLS5667,metabolights_maf:MTBLS5667
5'-Methylthioadenosine,5methylthioadenosine,CHEBI:17509,5'-S-methyl-5'-thioadenosine,2,MTBLS14295;MTBLS5667,metabolights_maf:MTBLS5667
6-Aminocaproic Acid,6aminocaproicacid,CHEBI:16586,6-aminohexanoic acid,2,MTBLS9662;ST003954,ols4_synonym
6-Ethylchenodeoxycholic acid,6ethylchenodeoxycholicacid,CHEBI:43602,obeticholic acid,2,MTBLS13869;MTBLS14295,ols4_synonym
[6]-gingerol,6gingerol,CHEBI:10136,gingerol,2,MTBLS13513;MTBLS14295,ols4_synonym
7-methylguanine,7methylguanine,CHEBI:2274,7-methylguanine,2,MTBLS13513;ST001412,ols4_label
7-methylguanosine,7methylguanosine,CHEBI:20794,7-methylguanosine,2,MTBLS13513;MTBLS9662,ols4_label
"8,15-DiHETE",815dihete,CHEBI:88456,"8,15-DiHETE",2,MTBLS5667;MTBLS9662,metabolights_maf:MTBLS5667
[8]-Dehydrogingerdione,8dehydrogingerdione,CHEBI:174326,[8]-Dehydrogingerdione,2,MTBLS14295;MTBLS5667,metabolights_maf:MTBLS5667
"9,12-Octadecadiynoic acid",912octadecadiynoicacid,CHEBI:142250,"octadeca-9,12-diynoic acid",2,MTBLS14295;MTBLS9662,ols4_synonym
Acesulfame,acesulfame,CHEBI:83501,acesulfame,2,MTBLS13513;ST001412,ols4_label
Acetaminophen sulfate,acetaminophensulfate,CHEBI:32635,paracetamol sulfate,2,MTBLS13513;MTBLS13869,ols4_synonym
Acetoacetic acid,acetoaceticacid,CHEBI:15344,acetoacetic acid,2,MTBLS2774;MTBLS9662,metabolights_maf:MTBLS2774
Acetylcarnitine,acetylcarnitine,CHEBI:73024,O-acetylcarnitine,2,MTBLS13513;MTBLS13869,ols4_synonym
Acetylcholine,acetylcholine,CHEBI:15355,acetylcholine,2,MTBLS13513;MTBLS9662,ols4_label
Acetylglycine,acetylglycine,CHEBI:40410,N-acetylglycine,2,MTBLS13869;MTBLS5667,metabolights_maf:MTBLS5667
Acetylleucine,acetylleucine,CHEBI:750231,acetylleucine,2,MTBLS13869;MTBLS14295,ols4_label
Adrenic acid,adrenicacid,CHEBI:53487,"all-cis-docosa-7,10,13,16-tetraenoic acid",2,MTBLS14059;MTBLS14295,ols4_synonym
Ala,ala,CHEBI:158283,Ala-Leu-Ala,2,ST003954;ST003984,ols4_synonym
Ala-Phe,alaphe,CHEBI:73807,Ala-Phe,2,MTBLS14059;MTBLS9662,ols4_label
Allopurinol,allopurinol,CHEBI:40279,allopurinol,2,MTBLS9662;ST001412,ols4_label
alpha-Linolenic Acid,alphalinolenicacid,CHEBI:27432,alpha-linolenic acid,2,MTBLS13869;MTBLS14295,ols4_label
Aminoadipic acid,aminoadipicacid,CHEBI:37024,2-aminoadipic acid,2,MTBLS5667;ST003954,metabolights_maf:MTBLS5667
Ammeline,ammeline,CHEBI:28646,ammeline,2,MTBLS13513;MTBLS9662,ols4_label
Androstenedione,androstenedione,CHEBI:16422,"androst-4-ene-3,17-dione",2,MTBLS2774;MTBLS9662,metabolights_maf:MTBLS2774
Androsterone sulfate,androsteronesulfate,CHEBI:83037,androsterone sulfate,2,MTBLS2774;ST001412,metabolights_maf:MTBLS2774
Aniline,aniline,CHEBI:17296,aniline,2,MTBLS13513;MTBLS9662,ols4_label
Arcaine,arcaine,CHEBI:16652,"1,4-diguanidinobutane",2,MTBLS13513;MTBLS9662,ols4_synonym
Arg-asp,argasp,CHEBI:73812,Arg-Asp,2,MTBLS13513;MTBLS9662,ols4_label
Ascorbic acid,ascorbicacid,CHEBI:22652,ascorbic acid,2,MTBLS2774;MTBLS5667,"metabolights_maf:MTBLS2774,MTBLS5667"
asparagine,asparagine,CHEBI:22653,asparagine,2,ST001412;ST003984,ols4_label
Aspartic acid,asparticacid,CHEBI:22660,aspartic acid,2,MTBLS14059;ST003984,ols4_label
Benzaldehyde,benzaldehyde,CHEBI:17169,benzaldehyde,2,MTBLS9662;ST000603,ols4_label
beta-Guanidinopropionic acid,betaguanidinopropionicacid,CHEBI:15968,3-guanidinopropanoic acid,2,MTBLS14295;MTBLS5667,metabolights_maf:MTBLS5667
Beta-Muricholic acid,betamuricholicacid,CHEBI:81298,beta-muricholic acid,2,MTBLS13869;MTBLS14295,ols4_label
beta-Sitosterol,betasitosterol,CHEBI:27693,sitosterol,2,MTBLS9662;ST001412,ols4_synonym
Bilirubin,bilirubin,CHEBI:16990,bilirubin IXalpha,2,MTBLS13869;MTBLS2774,metabolights_maf:MTBLS2774
Biotin,biotin,CHEBI:15956,biotin,2,MTBLS13513;MTBLS13869,ols4_label
Bufalin,bufalin,CHEBI:517248,bufalin,2,MTBLS13513;MTBLS13869,ols4_label
Butyrylcarnitine,butyrylcarnitine,CHEBI:7676,O-butanoylcarnitine,2,MTBLS13869;MTBLS5667,metabolights_maf:MTBLS5667
Caffeine,caffeine,CHEBI:27732,caffeine,2,MTBLS9662;ST001412,ols4_label
Caproic acid,caproicacid,CHEBI:30776,hexanoic acid,2,MTBLS14059;MTBLS14295,ols4_synonym
Caprylic acid,caprylicacid,CHEBI:28837,octanoic acid,2,MTBLS14295;MTBLS5667,metabolights_maf:MTBLS5667
Chenodeoxycholate,chenodeoxycholate,CHEBI:36234,chenodeoxycholate,2,MTBLS13513;ST001412,ols4_label
Cholesteryl sulfate,cholesterylsulfate,CHEBI:41321,cholesterol sulfate,2,MTBLS13513;MTBLS13869,ols4_synonym
Cinobufagin,cinobufagin,CHEBI:80805,Cinobufagin,2,MTBLS13513;MTBLS13869,ols4_label
Cis-aconitate,cisaconitate,CHEBI:16383,cis-aconitate(3-),2,MTBLS13513;MTBLS13869,ols4_synonym
CocamidopropylBetaine,cocamidopropylbetaine,CHEBI:63554,cocamidopropyl betaine,2,MTBLS14059;MTBLS9662,ols4_synonym
Coprocholic acid,coprocholicacid,CHEBI:18402,"3alpha,7alpha,12alpha-trihydroxy-5beta-cholestan-26-oic acid",2,MTBLS13869;MTBLS2774,metabolights_maf:MTBLS2774
Corchorifatty acid D,corchorifattyacidd,CHEBI:168782,Corchorifatty acid D,2,MTBLS13869;MTBLS14295,ols4_label
Corticosterone,corticosterone,CHEBI:16827,corticosterone,2,MTBLS13869;MTBLS14295,ols4_label
Cortisol 21-sulfate,cortisol21sulfate,CHEBI:16473,cortisol 21-sulfate,2,MTBLS13513;MTBLS13869,ols4_label
Creatine phosphate,creatinephosphate,CHEBI:17287,N-phosphocreatine,2,MTBLS9662;ST003954,ols4_synonym
Cryptotanshinone,cryptotanshinone,CHEBI:149838,Cryptotanshinone,2,MTBLS13869;MTBLS14059,ols4_label
Cycloleucine,cycloleucine,CHEBI:40547,1-aminocyclopentanecarboxylic acid,2,MTBLS14295;MTBLS9662,ols4_synonym
D-aspartic acid,dasparticacid,CHEBI:17364,D-aspartic acid,2,MTBLS13513;MTBLS5667,metabolights_maf:MTBLS5667
Decamethylcyclopentasiloxane,decamethylcyclopentasiloxane,CHEBI:191092,Decamethylcyclopentasiloxane,2,MTBLS13513;MTBLS13869,ols4_label
Decanoyl-l-carnitine,decanoyllcarnitine,CHEBI:68830,O-decanoylcarnitine,2,MTBLS13513;MTBLS2774,metabolights_maf:MTBLS2774
Deoxycarnitine,deoxycarnitine,CHEBI:16244,4-(trimethylammonio)butanoate,2,MTBLS13869;ST001412,ols4_synonym
Deoxycytidine,deoxycytidine,CHEBI:15698,2'-deoxycytidine,2,MTBLS13869;MTBLS5667,metabolights_maf:MTBLS5667
Deoxyinosine,deoxyinosine,CHEBI:28997,2'-deoxyinosine,2,MTBLS13513;MTBLS2774,metabolights_maf:MTBLS2774
Desoxycortone,desoxycortone,CHEBI:16973,11-deoxycorticosterone,2,MTBLS14295;MTBLS9662,ols4_synonym
D-fructose,dfructose,CHEBI:15824,D-fructose,2,MTBLS13513;MTBLS9662,ols4_label
D-galacturonic acid,dgalacturonicacid,CHEBI:18024,D-galacturonic acid,2,MTBLS13513;MTBLS9662,ols4_label
D-glucosaminic acid,dglucosaminicacid,CHEBI:17784,2-amino-2-deoxy-D-gluconic acid,2,MTBLS13513;MTBLS9662,ols4_synonym
D-glucuronic acid,dglucuronicacid,CHEBI:4178,D-glucuronic acid,2,MTBLS13513;MTBLS5667,metabolights_maf:MTBLS5667
Dicyclohexylamine,dicyclohexylamine,CHEBI:34694,Dicyclohexylamine,2,MTBLS13869;MTBLS9662,ols4_label
Diethanolamine,diethanolamine,CHEBI:28123,diethanolamine,2,MTBLS14295;MTBLS5667,metabolights_maf:MTBLS5667
Dihydrouracil,dihydrouracil,CHEBI:15901,"5,6-dihydrouracil",2,MTBLS13513;MTBLS2774,metabolights_maf:MTBLS2774
Dimethylglycine,dimethylglycine,CHEBI:17724,"N,N-dimethylglycine",2,MTBLS5667;ST001412,metabolights_maf:MTBLS5667
Dimethyl sulfoxide,dimethylsulfoxide,CHEBI:28262,dimethyl sulfoxide,2,MTBLS13513;MTBLS9662,ols4_label
DL-Glutamate,dlglutamate,CHEBI:18237,glutamic acid,2,MTBLS5667;MTBLS9662,metabolights_maf:MTBLS5667
DL-leucine,dlleucine,CHEBI:25017,leucine,2,MTBLS13513;MTBLS9662,ols4_synonym
D-(+)-Malic acid,dmalicacid,CHEBI:30796,(R)-malic acid,2,MTBLS14059;MTBLS5667,metabolights_maf:MTBLS5667
Docosahexaenoic acid,docosahexaenoicacid,CHEBI:36005,docosahexaenoic acid,2,MTBLS13869;MTBLS14059,ols4_label
Docosahexaenoyl Serotonin,docosahexaenoylserotonin,CHEBI:177010,Docosahexaenoyl Serotonin,2,MTBLS2774;MTBLS9662,metabolights_maf:MTBLS2774
Docosanamide,docosanamide,CHEBI:165591,Docosanamide,2,MTBLS13869;MTBLS14059,ols4_label
Docosatrienoic acid,docosatrienoicacid,CHEBI:82846,docosatrienoic acid,2,MTBLS14059;MTBLS9662,ols4_label
Dodecanoic acid,dodecanoicacid,CHEBI:30805,dodecanoic acid,2,MTBLS14295;MTBLS5667,metabolights_maf:MTBLS5667
Dopamine,dopamine,CHEBI:18243,dopamine,2,MTBLS13513;ST003984,ols4_label
D-Pipecolic acid,dpipecolicacid,CHEBI:41582,D-pipecolic acid,2,MTBLS13869;MTBLS5667,metabolights_maf:MTBLS5667
D-proline,dproline,CHEBI:16313,D-proline,2,MTBLS13513;MTBLS13869,ols4_label
D-ribose,dribose,CHEBI:16988,D-ribose,2,MTBLS13513;MTBLS5667,metabolights_maf:MTBLS5667
EDTA,edta,CHEBI:64755,EDTA(2-),2,MTBLS14295;ST001412,ols4_synonym
Epiandrosterone sulfate,epiandrosteronesulfate,CHEBI:83040,epiandrosterone sulfate,2,MTBLS13869;ST001412,ols4_label
Ergothioneine,ergothioneine,CHEBI:4828,ergothioneine,2,MTBLS13869;ST001412,ols4_label
Ethylenediaminetetraacetic acid,ethylenediaminetetraaceticacid,CHEBI:4735,ethylenediaminetetraacetic acid,2,MTBLS13513;MTBLS14059,ols4_label
Eugenol sulfate,eugenolsulfate,CHEBI:133570,eugenol sulfate,2,MTBLS9662;ST001412,ols4_label
Febuxostat,febuxostat,CHEBI:31596,febuxostat,2,MTBLS9662;ST001412,ols4_label
Ferulic acid,ferulicacid,CHEBI:193350,ferulic acid,2,MTBLS13869;MTBLS14295,ols4_label
Fluometuron,fluometuron,CHEBI:82012,fluometuron,2,MTBLS13869;MTBLS9662,ols4_label
Folinic acid,folinicacid,CHEBI:15640,5-formyltetrahydrofolic acid,2,MTBLS13513;MTBLS14295,ols4_synonym
Fraxin,fraxin,CHEBI:5170,fraxin,2,MTBLS13513;MTBLS14295,ols4_label
Fructose,fructose,CHEBI:28757,fructose,2,MTBLS14295;ST001412,ols4_label
Fumaric acid,fumaricacid,CHEBI:18012,fumaric acid,2,MTBLS14295;MTBLS5667,metabolights_maf:MTBLS5667
Furmecyclox,furmecyclox,CHEBI:82055,Furmecyclox,2,MTBLS13869;MTBLS9662,ols4_label
gabapentin,gabapentin,CHEBI:42797,gabapentin,2,MTBLS13869;ST001412,ols4_label
gamma-Glu-Ile,gammagluile,CHEBI:68434,gamma-Glu-Ile,2,MTBLS13869;MTBLS14295,ols4_label
Gamma-Glutamylglutamine,gammaglutamylglutamine,CHEBI:73707,gamma-Glu-Gln,2,MTBLS2774;ST001412,metabolights_maf:MTBLS2774
gamma-Glutamylphenylalanine,gammaglutamylphenylalanine,CHEBI:82966,gamma-glutamylphenylalanine,2,MTBLS13869;ST001412,ols4_label
gamma-Linolenic acid,gammalinolenicacid,CHEBI:28661,gamma-linolenic acid,2,MTBLS14295;MTBLS5667,metabolights_maf:MTBLS5667
Gluconolactone,gluconolactone,,,2,MTBLS2774;MTBLS5667,ambiguous_in_corpus:CHEBI:16217|CHEBI:24267
Glu-Glu,gluglu,CHEBI:5390,Glu-Glu,2,MTBLS13513;MTBLS9662,ols4_label
Glu-Leu,gluleu,CHEBI:73506,Glu-Leu,2,MTBLS13513;MTBLS9662,ols4_label
Glu-Met,glumet,CHEBI:73507,Glu-Met,2,MTBLS13513;MTBLS9662,ols4_label
Glutamyltyrosine,glutamyltyrosine,CHEBI:73513,Glu-Tyr,2,MTBLS13869;MTBLS14295,ols4_synonym
Glutaric acid,glutaricacid,CHEBI:17859,glutaric acid,2,MTBLS13513;MTBLS5667,metabolights_maf:MTBLS5667
Glutathione disulfide,glutathionedisulfide,CHEBI:17858,glutathione disulfide,2,MTBLS13869;MTBLS14295,ols4_label
Glycerate,glycerate,CHEBI:33871,glycerate,2,MTBLS13869;ST001412,ols4_label
Glyceric acid,glycericacid,CHEBI:33508,glyceric acid,2,MTBLS13513;MTBLS5667,metabolights_maf:MTBLS5667
glycine,glycine,CHEBI:15428,glycine,2,ST001412;ST003984,ols4_label
glycochenodeoxycholate-3-sulfate,glycochenodeoxycholate3sulfate,CHEBI:72733,sulfoglycochenodeoxycholic acid,2,MTBLS2774;ST001412,metabolights_maf:MTBLS2774
Glycodeoxycholate,glycodeoxycholate,CHEBI:27471,glycodeoxycholic acid,2,MTBLS2774;ST001412,metabolights_maf:MTBLS2774
Glycodeoxycholic acid,glycodeoxycholicacid,CHEBI:27471,glycodeoxycholic acid,2,MTBLS13513;MTBLS9662,ols4_label
Glycolate,glycolate,CHEBI:29805,glycolate,2,MTBLS13513;MTBLS14295,ols4_label
Guanine,guanine,CHEBI:16235,guanine,2,MTBLS14059;MTBLS2774,metabolights_maf:MTBLS2774
Guanosine,guanosine,CHEBI:16750,guanosine,2,MTBLS14059;MTBLS9662,ols4_label
Haloxyfop,haloxyfop,CHEBI:365,haloxyfop,2,MTBLS13869;MTBLS9662,ols4_label
hepoxilin B3,hepoxilinb3,CHEBI:34784,hepoxilin B3,2,MTBLS13869;MTBLS5667,metabolights_maf:MTBLS5667
Heptadecanoyl carnitine,heptadecanoylcarnitine,CHEBI:131887,O-heptadecanoylcarnitine,2,MTBLS13869;MTBLS14295,ols4_synonym
Hexacosanedioic acid,hexacosanedioicacid,CHEBI:76334,hexacosanedioic acid,2,MTBLS13869;MTBLS2774,metabolights_maf:MTBLS2774
Hexadecasphinganine,hexadecasphinganine,CHEBI:71050,hexadecasphinganine,2,MTBLS13869;MTBLS14295,ols4_label
Hexadecylamine,hexadecylamine,CHEBI:165594,1-Hexadecylamine,2,MTBLS14295;MTBLS9662,ols4_synonym
Hexanoylglycine,hexanoylglycine,CHEBI:64390,N-hexanoylglycine,2,MTBLS13869;MTBLS14295,ols4_synonym
Hexanoyl-l-carnitine,hexanoyllcarnitine,CHEBI:84834,O-hexanoyl-L-carnitine,2,MTBLS13513;MTBLS14059,ols4_synonym
Histamine,histamine,CHEBI:18295,histamine,2,MTBLS5667;ST003984,metabolights_maf:MTBLS5667
Homovanillic acid sulfate,homovanillicacidsulfate,CHEBI:88405,Homovanillic acid sulfate,2,MTBLS13513;MTBLS14295,ols4_label
Hydroxyisocaproic acid,hydroxyisocaproicacid,CHEBI:44510,(S)-2-hydroxy-4-methylpentanoic acid,2,MTBLS14295;MTBLS2774,metabolights_maf:MTBLS2774
Hyodeoxycholic acid,hyodeoxycholicacid,CHEBI:52023,hyodeoxycholic acid,2,MTBLS13869;MTBLS14295,ols4_label
Ibuprofen,ibuprofen,CHEBI:5855,ibuprofen,2,MTBLS13869;ST001412,ols4_label
Imidazoleacetic acid,imidazoleaceticacid,CHEBI:16974,imidazol-4-ylacetic acid,2,MTBLS5667;MTBLS9662,metabolights_maf:MTBLS5667
Indane,indane,CHEBI:37911,indane,2,MTBLS13869;MTBLS14059,ols4_label
Indole-3-acetamide,indole3acetamide,CHEBI:16031,indole-3-acetamide,2,MTBLS13513;MTBLS2774,metabolights_maf:MTBLS2774
Indole-3-carboxylic acid,indole3carboxylicacid,CHEBI:24809,indole-3-carboxylic acid,2,MTBLS2774;MTBLS5667,"metabolights_maf:MTBLS2774,MTBLS5667"
Indole-3-Lactic Acid,indole3lacticacid,CHEBI:24813,3-(indol-3-yl)lactic acid,2,MTBLS13869;MTBLS9662,ols4_synonym
Indole-3-propionic acid,indole3propionicacid,CHEBI:43580,3-(1H-indol-3-yl)propanoic acid,2,MTBLS14295;MTBLS5667,metabolights_maf:MTBLS5667
Indoleacetic acid,indoleaceticacid,CHEBI:16411,indole-3-acetic acid,2,MTBLS13513;MTBLS14295,ols4_synonym
Isatin,isatin,CHEBI:27539,isatin,2,MTBLS14295;MTBLS9662,ols4_label
Isobutyryl-l-carnitine,isobutyryllcarnitine,CHEBI:84838,O-isobutyryl-L-carnitine,2,MTBLS13513;MTBLS14059,ols4_synonym
Isocitric acid,isocitricacid,CHEBI:30887,isocitric acid,2,MTBLS14295;MTBLS5667,metabolights_maf:MTBLS5667
Isohyodeoxycholic acid,isohyodeoxycholicacid,CHEBI:166735,Isohyodeoxycholic acid,2,MTBLS13869;MTBLS5667,metabolights_maf:MTBLS5667
Isonicotinic acid,isonicotinicacid,CHEBI:6032,isonicotinic acid,2,MTBLS2774;MTBLS9662,metabolights_maf:MTBLS2774
Isoplumbagin,isoplumbagin,CHEBI:173524,Isoplumbagin,2,MTBLS13869;MTBLS14059,ols4_label
Jasmonic acid,jasmonicacid,CHEBI:18292,jasmonic acid,2,MTBLS14295;MTBLS5667,metabolights_maf:MTBLS5667
Ketoleucine,ketoleucine,CHEBI:48430,4-methyl-2-oxopentanoic acid,2,MTBLS13869;MTBLS14295,ols4_synonym
Lactacystin,lactacystin,CHEBI:52722,lactacystin,2,MTBLS13513;MTBLS9662,ols4_label
Lactose,lactose,CHEBI:17716,lactose,2,MTBLS13513;MTBLS9662,ols4_label
Lactulose,lactulose,CHEBI:6359,lactulose,2,MTBLS13513;MTBLS9662,ols4_label
L-Asparagine,lasparagine,CHEBI:17196,L-asparagine,2,MTBLS2774;MTBLS5667,"metabolights_maf:MTBLS2774,MTBLS5667"
Lauroyl diethanolamide,lauroyldiethanolamide,CHEBI:143726,"N,N-bis(2-hydroxyethyl)dodecanamide",2,MTBLS14295;MTBLS5667,metabolights_maf:MTBLS5667
L-Cystathionine,lcystathionine,CHEBI:17482,L-cystathionine,2,MTBLS2774;ST003954,metabolights_maf:MTBLS2774
L-Cystine,lcystine,CHEBI:16283,L-cystine,2,MTBLS9662;ST003954,ols4_label
Leiocarposide,leiocarposide,CHEBI:6403,Leiocarposide,2,MTBLS13513;MTBLS9662,ols4_label
Leucylalanine,leucylalanine,CHEBI:73527,Leu-Ala,2,MTBLS13869;ST001412,ols4_synonym
L-Gulonolactone,lgulonolactone,CHEBI:17587,"L-gulono-1,4-lactone",2,MTBLS5667;MTBLS9662,metabolights_maf:MTBLS5667
L-Gulose,lgulose,CHEBI:37698,L-gulose,2,MTBLS5667;MTBLS9662,metabolights_maf:MTBLS5667
L-homocitrulline,lhomocitrulline,CHEBI:17443,L-homocitrulline,2,MTBLS13513;ST003954,ols4_label
L-homocystine,lhomocystine,CHEBI:89698,L-Homocystine,2,MTBLS13513;ST003954,ols4_label
Lincomycin,lincomycin,CHEBI:6472,lincomycin,2,MTBLS13513;MTBLS13869,ols4_label
linoleamide,linoleamide,CHEBI:82984,linoleamide,2,MTBLS13869;MTBLS9662,ols4_label
Lithocholate 3-O-glucuronide,lithocholate3oglucuronide,CHEBI:137921,lithocholic acid 3-O-(beta-D-glucuronide),2,MTBLS13869;MTBLS2774,metabolights_maf:MTBLS2774
Lithocholic acid,lithocholicacid,CHEBI:16325,lithocholic acid,2,MTBLS13869;MTBLS2774,metabolights_maf:MTBLS2774
L-kynurenine,lkynurenine,CHEBI:16946,L-kynurenine,2,MTBLS13513;MTBLS9662,ols4_label
L-Lysine,llysine,CHEBI:18019,L-lysine,2,MTBLS2774;MTBLS9662,metabolights_maf:MTBLS2774
L-Methionine,lmethionine,CHEBI:16643,L-methionine,2,MTBLS2774;MTBLS5667,"metabolights_maf:MTBLS2774,MTBLS5667"
LPC(14:0),lpc140,CHEBI:64483,lysophosphatidylcholine 14:0,2,MTBLS13869;ST003984,ols4_synonym
LPC(16:0),lpc160,CHEBI:72998,1-hexadecanoyl-sn-glycero-3-phosphocholine,2,MTBLS13869;ST003984,ols4_synonym
LPC(16:1),lpc161,CHEBI:64560,lysophosphatidylcholine 16:1,2,MTBLS13869;ST003984,ols4_synonym
LPC(17:0),lpc170,CHEBI:72737,lysophosphatidylcholine 17:0,2,MTBLS13869;ST003984,ols4_synonym
LPC(18:0),lpc180,CHEBI:73858,1-stearoyl-sn-glycero-3-phosphocholine,2,MTBLS13869;ST003984,ols4_synonym
LPC(18:1),lpc181,CHEBI:64566,lysophosphatidylcholine 18:1,2,MTBLS13869;ST003984,ols4_synonym
LPC(18:2),lpc182,CHEBI:28733,1-linoleoyl-sn-glycero-3-phosphocholine,2,MTBLS13869;ST003984,ols4_synonym
LPC(20:3),lpc203,CHEBI:64481,lysophosphatidylcholine 20:3,2,MTBLS13869;ST003984,ols4_synonym
LPC(20:4),lpc204,CHEBI:64568,lysophosphatidylcholine 20:4,2,MTBLS13869;ST003984,ols4_synonym
LPE 16:0,lpe160,CHEBI:72384,lysophosphatidylethanolamine zwitterion 16:0,2,MTBLS13869;MTBLS14295,ols4_synonym
L-theanine,ltheanine,CHEBI:17394,N(5)-ethyl-L-glutamine,2,MTBLS13513;ST003954,ols4_synonym
L-Threonine,lthreonine,CHEBI:16857,L-threonine,2,MTBLS2774;MTBLS5667,"metabolights_maf:MTBLS2774,MTBLS5667"
L-Urobilin,lurobilin,CHEBI:29023,(-)-stercobilin,2,MTBLS13869;MTBLS2774,metabolights_maf:MTBLS2774
Lys-Gly,lysgly,CHEBI:73604,Lys-Gly,2,MTBLS13513;MTBLS9662,ols4_label
LysoPC 16:0,lysopc160,CHEBI:64563,lysophosphatidylcholine 16:0,2,MTBLS14059;MTBLS5667,metabolights_maf:MTBLS5667
LysoPC 17:0,lysopc170,CHEBI:72737,lysophosphatidylcholine 17:0,2,MTBLS14059;MTBLS5667,metabolights_maf:MTBLS5667
LysoPC 22:0,lysopc220,CHEBI:67061,lysophosphatidylcholine 22:0,2,MTBLS14059;MTBLS5667,metabolights_maf:MTBLS5667
Lys-Trp-Lys,lystrplys,CHEBI:160356,Lys-Trp-Lys,2,MTBLS13513;MTBLS13869,ols4_label
Malate,malate,CHEBI:25115,malate,2,MTBLS13513;ST001412,ols4_label
Maltotetraose,maltotetraose,CHEBI:28460,maltotetraose,2,MTBLS13513;ST001412,ols4_label
Mannose,mannose,CHEBI:37684,mannose,2,MTBLS14295;ST001412,ols4_label
Melibiose,melibiose,CHEBI:28053,melibiose,2,MTBLS13513;MTBLS14295,ols4_label
Mesoporphyrin ix,mesoporphyrinix,CHEBI:133626,mesoporphyrin IX,2,MTBLS13513;MTBLS9662,ols4_label
Methyl-4-hydroxybenzoate sulfate,methyl4hydroxybenzoatesulfate,CHEBI:133532,methyl-4-hydroxybenzoate O-sulfate,2,MTBLS14295;ST001412,ols4_synonym
Methylmalonic acid,methylmalonicacid,CHEBI:30860,methylmalonic acid,2,MTBLS13513;MTBLS9662,ols4_label
Molinate,molinate,CHEBI:6964,molinate,2,MTBLS13513;MTBLS9662,ols4_label
Morpholine,morpholine,CHEBI:34856,morpholine,2,MTBLS13869;MTBLS5667,metabolights_maf:MTBLS5667
Myclobutanil,myclobutanil,CHEBI:75281,myclobutanil,2,MTBLS13513;MTBLS13869,ols4_label
Myristic acid,myristicacid,CHEBI:28875,tetradecanoic acid,2,MTBLS14059;MTBLS14295,ols4_synonym
Myristoleic acid,myristoleicacid,CHEBI:27781,myristoleic acid,2,MTBLS14295;MTBLS5667,metabolights_maf:MTBLS5667
N-(2-furoyl)glycine,n2furoylglycine,CHEBI:82912,N-(2-furoyl)glycine,2,MTBLS13513;ST001412,ols4_label
N4-Acetylcytidine,n4acetylcytidine,CHEBI:70989,N(4)-acetylcytidine,2,MTBLS5667;ST001412,metabolights_maf:MTBLS5667
N6-Acetyl-L-lysine,n6acetylllysine,CHEBI:17752,N(6)-acetyl-L-lysine,2,MTBLS13869;ST003954,ols4_synonym
N6-threonylcarbamoyladenosine,n6threonylcarbamoyladenosine,CHEBI:21440,N-[(9-beta-D-ribofuranosylpurin-6-yl)carbamoyl]threonine,2,MTBLS13513;MTBLS14295,ols4_synonym
N8-acetylspermidine,n8acetylspermidine,CHEBI:27911,N(8)-acetylspermidine,2,MTBLS13513;ST003954,ols4_synonym
N-acetylcadaverine,nacetylcadaverine,CHEBI:88824,N-acetylcadaverine,2,MTBLS13513;MTBLS9662,ols4_label
N-acetylcytidine,nacetylcytidine,CHEBI:70989,N(4)-acetylcytidine,2,MTBLS13513;MTBLS13869,ols4_synonym
N-Acetyldopamine,nacetyldopamine,CHEBI:125678,N-acetyldopamine,2,MTBLS13869;MTBLS2774,metabolights_maf:MTBLS2774
N-Acetyl-D-phenylalanine,nacetyldphenylalanine,CHEBI:28203,N-acetyl-D-phenylalanine,2,MTBLS13869;MTBLS9662,ols4_label
N-acetylglucosaminylasparagine,nacetylglucosaminylasparagine,CHEBI:17261,N(4)-(beta-N-acetyl-D-glucosaminyl)-L-asparagine,2,MTBLS13513;ST001412,ols4_synonym
N-Acetylglycine,nacetylglycine,CHEBI:40410,N-acetylglycine,2,MTBLS9662;ST001412,ols4_label
N-acetylhistamine,nacetylhistamine,CHEBI:28483,N-acetylhistamine,2,MTBLS13513;MTBLS5667,metabolights_maf:MTBLS5667
N-acetylhistidine,nacetylhistidine,CHEBI:86910,N-acetylhistidine,2,MTBLS13513;ST001412,ols4_label
N-acetyl-l-aspartic acid,nacetyllasparticacid,CHEBI:21547,N-acetyl-L-aspartic acid,2,MTBLS13513;MTBLS5667,metabolights_maf:MTBLS5667
N-Acetyl-L-methionine,nacetyllmethionine,CHEBI:21557,N-acetyl-L-methionine,2,MTBLS14059;MTBLS5667,metabolights_maf:MTBLS5667
N-acetyl-l-phenylalanine,nacetyllphenylalanine,CHEBI:16259,N-acetyl-L-phenylalanine,2,MTBLS13513;MTBLS5667,metabolights_maf:MTBLS5667
N-Acetylmethionine,nacetylmethionine,CHEBI:132958,N-acetylmethionine,2,MTBLS14295;ST001412,ols4_label
N-acetylneuraminate,nacetylneuraminate,CHEBI:35418,N-acetylneuraminate,2,MTBLS13513;ST001412,ols4_label
N-acetylornithine,nacetylornithine,CHEBI:16543,N(2)-acetyl-L-ornithine,2,MTBLS9662;ST003984,ols4_synonym
N-acetyl-s-benzyl-l-cysteine,nacetylsbenzyllcysteine,CHEBI:194360,N-acetyl-S-benzyl-L-cysteine,2,MTBLS13513;MTBLS14059,ols4_label
N-Acetylvaline,nacetylvaline,CHEBI:21565,N-acetyl-L-valine,2,MTBLS13869;ST001412,ols4_synonym
N-decanoylglycine,ndecanoylglycine,CHEBI:74430,N-decanoylglycine,2,MTBLS13869;MTBLS14295,ols4_label
N-Hydroxy-1-aminonaphthalene,nhydroxy1aminonaphthalene,CHEBI:34871,N-hydroxynaphthalen-1-amine,2,MTBLS13869;MTBLS14059,ols4_synonym
Niacinamide,niacinamide,CHEBI:17154,nicotinamide,2,MTBLS14059;MTBLS5667,metabolights_maf:MTBLS5667
N-Isovaleroylglycine,nisovaleroylglycine,CHEBI:70984,N-isovalerylglycine,2,MTBLS13869;ST003954,ols4_synonym
N-Lactoylphenylalanine,nlactoylphenylalanine,CHEBI:174217,N-[(S)-lactoyl]-L-phenylalanine,2,MTBLS14295;MTBLS9662,ols4_synonym
N-lactoyl-Tyrosine,nlactoyltyrosine,CHEBI:180382,N-lactoyl-Tyrosine,2,MTBLS13869;MTBLS14295,ols4_label
N-Lauroylglycine,nlauroylglycine,CHEBI:74441,N-dodecanoylglycine,2,MTBLS13869;MTBLS14059,ols4_synonym
"N,n,n-trimethyllysine",nnntrimethyllysine,CHEBI:176482,"N,N,N-Trimethyllysine",2,MTBLS13513;MTBLS2774,metabolights_maf:MTBLS2774
N-Nonanoylglycine,nnonanoylglycine,CHEBI:74439,N-nonanoylglycine,2,MTBLS13869;MTBLS14295,ols4_label
Nonanedioic acid,nonanedioicacid,CHEBI:48131,nonanedioic acid,2,MTBLS13869;MTBLS2774,metabolights_maf:MTBLS2774
Nordihydrocapsiate,nordihydrocapsiate,CHEBI:174795,Nordihydrocapsiate,2,MTBLS14295;MTBLS9662,ols4_label
Norleucine,norleucine,CHEBI:18347,L-norleucine,2,MTBLS13869;MTBLS14295,ols4_synonym
N-Palmitoylglycine,npalmitoylglycine,CHEBI:39540,N-hexadecanoylglycine,2,MTBLS9662;ST001412,ols4_synonym
N-Palmitoyl Serine,npalmitoylserine,CHEBI:165558,N-Palmitoyl serine,2,MTBLS13869;ST001412,ols4_label
N-Palmitoyl Taurine,npalmitoyltaurine,CHEBI:132477,N-hexadecanoyltaurine,2,MTBLS13869;ST001412,ols4_synonym
N-Propionylglycine,npropionylglycine,CHEBI:89836,propionylglycine,2,MTBLS9662;ST003954,ols4_synonym
N-Stearoyl Taurine,nstearoyltaurine,CHEBI:132479,N-stearoyltaurine,2,MTBLS13869;ST001412,ols4_synonym
Nutriacholic acid,nutriacholicacid,CHEBI:82679,7-oxolithocholic acid,2,MTBLS13869;MTBLS2774,metabolights_maf:MTBLS2774
O-Arachidonoyl Glycidol,oarachidonoylglycidol,CHEBI:177016,O-Arachidonoyl Glycidol,2,MTBLS13869;MTBLS2774,metabolights_maf:MTBLS2774
o-Cresol sulfate,ocresolsulfate,CHEBI:133090,o-cresol sulfate,2,MTBLS13869;ST001412,ols4_label
Octanoylcarnitine,octanoylcarnitine,CHEBI:73039,O-octanoylcarnitine,2,MTBLS14059;MTBLS14295,ols4_synonym
Oleoylethanolamide,oleoylethanolamide,CHEBI:71466,oleoyl ethanolamide,2,MTBLS13869;ST001412,ols4_synonym
O-Phospho-L-Serine,ophospholserine,CHEBI:15811,O-phospho-L-serine,2,MTBLS9662;ST003954,ols4_label
Oxypurinol,oxypurinol,CHEBI:748196,oxypurinol,2,MTBLS13513;ST001412,ols4_label
Palmitic amide,palmiticamide,CHEBI:74475,hexadecanamide,2,MTBLS13869;MTBLS2774,metabolights_maf:MTBLS2774
Palmitoyl ethanolamide,palmitoylethanolamide,CHEBI:71464,palmitoyl ethanolamide,2,MTBLS14059;ST001412,ols4_label
PC(16:0/16:0),pc160160,CHEBI:72999,"1,2-dihexadecanoyl-sn-glycero-3-phosphocholine",2,MTBLS14059;MTBLS5667,metabolights_maf:MTBLS5667
"PC(17:0/22:6(4Z,7Z,10Z,13Z,16Z,19Z))",pc1702264z7z10z13z16z19z,CHEBI:137197,"PC(17:0/22:6(4Z,7Z,10Z,13Z,16Z,19Z))",2,MTBLS14295;MTBLS2774,metabolights_maf:MTBLS2774
"PC(18:2(9Z,12Z)/15:0)",pc1829z12z150,CHEBI:170425,"PC(18:2(9Z,12Z)/15:0)",2,MTBLS14059;MTBLS5667,metabolights_maf:MTBLS5667
"PC(20:2(11Z,14Z)/15:0)",pc20211z14z150,CHEBI:170694,"PC(20:2(11Z,14Z)/15:0)",2,MTBLS14059;MTBLS5667,metabolights_maf:MTBLS5667
PC(34:3),pc343,CHEBI:64424,phosphatidylcholine 34:3,2,MTBLS14295;ST003984,ols4_synonym
PC(38:5),pc385,CHEBI:64525,phosphatidylcholine 38:5,2,MTBLS14295;ST003984,ols4_synonym
PC(40:6),pc406,CHEBI:64431,phosphatidylcholine 40:6,2,MTBLS14295;ST003984,ols4_synonym
PC(O-34:1),pco341,CHEBI:89880,PC(o-18:1(11Z)/16:0),2,MTBLS14295;ST003984,ols4_synonym
p-Coumaric acid,pcoumaricacid,CHEBI:32374,trans-4-coumaric acid,2,MTBLS13869;MTBLS9662,ols4_synonym
p-Cresol glucuronide,pcresolglucuronide,CHEBI:87986,p-tolyl beta-D-glucuronide,2,MTBLS14295;ST001412,ols4_synonym
Phe-Ala,pheala,CHEBI:73630,Phe-Ala,2,MTBLS14059;MTBLS9662,ols4_label
Phe-gly,phegly,CHEBI:73635,Phe-Gly,2,MTBLS13869;MTBLS14059,ols4_label
Phenylacetic acid,phenylaceticacid,CHEBI:30745,phenylacetic acid,2,MTBLS13869;MTBLS14295,ols4_label
Phenylacetylglutamine,phenylacetylglutamine,CHEBI:25982,phenylacetylglutamine,2,MTBLS13869;ST001412,ols4_label
Phenylacetyl-l-glutamine,phenylacetyllglutamine,CHEBI:17884,N(2)-phenylacetyl-L-glutamine,2,MTBLS13513;MTBLS9662,ols4_synonym
Phenylalanine betaine,phenylalaninebetaine,CHEBI:90138,phenylalanine betaine,2,MTBLS13513;MTBLS13869,ols4_label
Phenylalanyltryptophan,phenylalanyltryptophan,CHEBI:74751,Phe-Trp,2,MTBLS13869;ST001412,ols4_synonym
Phenyl glucuronide,phenylglucuronide,CHEBI:64681,phenol O-(beta-D-glucuronide),2,MTBLS13513;MTBLS14295,ols4_synonym
Phenylglyoxylic acid,phenylglyoxylicacid,CHEBI:18280,phenylglyoxylic acid,2,MTBLS13513;MTBLS14059,ols4_label
Phe-pro,phepro,CHEBI:74750,Phe-Pro,2,MTBLS13513;MTBLS14059,ols4_label
Phosphate,phosphate,CHEBI:26020,phosphate,2,MTBLS14295;ST001412,ols4_label
Phosphocholine,phosphocholine,CHEBI:18132,phosphocholine,2,MTBLS13869;MTBLS2774,metabolights_maf:MTBLS2774
Phosphoenolpyruvate,phosphoenolpyruvate,CHEBI:18021,phosphoenolpyruvate,2,MTBLS13513;MTBLS9662,ols4_label
Phthalic anhydride,phthalicanhydride,CHEBI:36605,phthalic anhydride,2,MTBLS13869;MTBLS14059,ols4_label
Pimelic acid,pimelicacid,CHEBI:30531,pimelic acid,2,MTBLS13513;MTBLS14295,ols4_label
Pipecolic acid,pipecolicacid,CHEBI:17964,pipecolic acid,2,MTBLS13869;MTBLS14295,ols4_label
Piperidine,piperidine,CHEBI:18049,piperidine,2,MTBLS13513;MTBLS14059,ols4_label
Piperine,piperine,CHEBI:28821,piperine,2,MTBLS9662;ST001412,ols4_label
Pirenperone,pirenperone,CHEBI:92444,"3-[2-[4-[(4-fluorophenyl)-oxomethyl]-1-piperidinyl]ethyl]-2-methyl-4-pyrido[1,2-a]pyrimidinone",2,MTBLS13513;MTBLS14059,ols4_synonym
Primidone,primidone,CHEBI:8412,primidone,2,MTBLS13513;MTBLS13869,ols4_label
Pro-leu,proleu,CHEBI:74791,Pro-Leu,2,MTBLS13513;MTBLS14059,ols4_label
Prolylhydroxyproline,prolylhydroxyproline,CHEBI:74767,Pro-Hyp,2,MTBLS13869;MTBLS14295,ols4_synonym
Prostaglandin g2,prostaglanding2,CHEBI:27647,prostaglandin G2,2,MTBLS13513;MTBLS14295,ols4_label
Pyridoxal,pyridoxal,CHEBI:17310,pyridoxal,2,MTBLS13513;ST001412,ols4_label
Raltitrexed,raltitrexed,CHEBI:5847,ICI D1694,2,MTBLS13513;MTBLS9662,ols4_synonym
Ribitol,ribitol,CHEBI:15963,ribitol,2,MTBLS9662;ST001412,ols4_label
Riboflavin (Vitamin B2),riboflavinvitaminb2,CHEBI:17015,riboflavin,2,MTBLS2774;ST001412,metabolights_maf:MTBLS2774
Ribothymidine,ribothymidine,CHEBI:45996,ribothymidine,2,MTBLS13869;MTBLS5667,metabolights_maf:MTBLS5667
Ricinoleic acid,ricinoleicacid,CHEBI:28592,ricinoleic acid,2,MTBLS13513;MTBLS13869,ols4_label
Ritalinic acid,ritalinicacid,CHEBI:83481,ritalinic acid,2,MTBLS13869;ST001412,ols4_label
Rosuvastatin,rosuvastatin,CHEBI:38545,rosuvastatin,2,MTBLS13513;ST001412,ols4_label
Securinine,securinine,CHEBI:9079,Securinine,2,MTBLS13513;MTBLS9662,ols4_label
SM(d18:1/14:0),smd181140,CHEBI:64486,N-myristoylsphingosine-1-phosphocholine,2,MTBLS14295;MTBLS5667,metabolights_maf:MTBLS5667
spermine,spermine,CHEBI:15746,spermine,2,ST001412;ST003984,ols4_label
S-Sulfo-L-Cysteine,ssulfolcysteine,CHEBI:27891,S-sulfo-L-cysteine,2,MTBLS9662;ST003954,ols4_label
Stachydrine,stachydrine,CHEBI:35280,L-proline betaine,2,MTBLS13513;ST001412,ols4_synonym
Stearidonic acid,stearidonicacid,CHEBI:32389,"all-cis-octadeca-6,9,12,15-tetraenoic acid",2,MTBLS14295;MTBLS5667,metabolights_maf:MTBLS5667
Stearoylethanolamide,stearoylethanolamide,CHEBI:85299,N-(octadecanoyl)ethanolamine,2,MTBLS13869;ST001412,ols4_synonym
Succinate,succinate,CHEBI:26806,succinate,2,MTBLS14295;ST001412,ols4_label
Succinimide,succinimide,CHEBI:9307,succinimide,2,MTBLS13513;ST001412,ols4_label
Succinyladenosine,succinyladenosine,CHEBI:71169,succinyladenosine,2,MTBLS13869;MTBLS14295,ols4_label
Sulfate,sulfate,CHEBI:16189,sulfate,2,MTBLS9662;ST001412,ols4_label
Swertiamarin,swertiamarin,CHEBI:9370,Swertiamarin,2,MTBLS13513;MTBLS9662,ols4_label
Taurocholate,taurocholate,CHEBI:36257,taurocholate,2,MTBLS14295;ST001412,ols4_label
Taurodeoxycholic acid,taurodeoxycholicacid,CHEBI:9410,taurodeoxycholic acid,2,MTBLS13869;MTBLS14295,ols4_label
Taurohyocholate,taurohyocholate,CHEBI:58874,taurohyocholate,2,MTBLS13869;MTBLS14295,ols4_label
Taurolithocholic acid,taurolithocholicacid,CHEBI:36259,taurolithocholic acid,2,MTBLS13869;MTBLS2774,metabolights_maf:MTBLS2774
Terephthalic acid,terephthalicacid,CHEBI:15702,terephthalic acid,2,MTBLS13869;MTBLS14295,ols4_label
Terpendole E,terpendolee,CHEBI:138863,Terpendole E,2,MTBLS13869;MTBLS9662,ols4_label
Tetradecylamine,tetradecylamine,CHEBI:165595,Tetradecylamine,2,MTBLS14295;MTBLS9662,ols4_label
TetraHCA,tetrahca,CHEBI:63820,"(24S)-3alpha,7alpha,12alpha,24-tetrahydroxy-5beta-cholestan-26-oic acid",2,MTBLS13869;MTBLS14295,ols4_synonym
Theobromine,theobromine,CHEBI:28946,theobromine,2,MTBLS9662;ST001412,ols4_label
Theophylline,theophylline,CHEBI:28177,theophylline,2,MTBLS9662;ST001412,ols4_label
Threonate,threonate,CHEBI:15243,threonate,2,MTBLS13869;ST001412,ols4_label
Thymine,thymine,CHEBI:17821,thymine,2,MTBLS13513;MTBLS13869,ols4_label
toluene,toluene,CHEBI:17578,toluene,2,MTBLS13869;ST000603,ols4_label
trans-Cinnamic acid,transcinnamicacid,CHEBI:35697,trans-cinnamic acid,2,MTBLS14059;MTBLS14295,ols4_label
Trans-Hexadec-2-Enoyl Carnitine,transhexadec2enoylcarnitine,CHEBI:86031,(2E)-hexadecenoylcarnitine,2,MTBLS13869;MTBLS5667,metabolights_maf:MTBLS5667
Trans-urocanate,transurocanate,CHEBI:30817,trans-urocanic acid,2,MTBLS5667;ST001412,metabolights_maf:MTBLS5667
Trehalose,trehalose,CHEBI:27082,trehalose,2,MTBLS13513;MTBLS14295,ols4_label
Triamterene,triamterene,CHEBI:9671,triamterene,2,MTBLS14059;ST001412,ols4_label
Tridecanedioic acid,tridecanedioicacid,CHEBI:73718,tridecanedioic acid,2,MTBLS13869;MTBLS9662,ols4_label
Tridecanoic acid,tridecanoicacid,CHEBI:45919,tridecanoic acid,2,MTBLS14059;MTBLS14295,ols4_label
Triethyl Phosphate,triethylphosphate,CHEBI:45927,triethyl phosphate,2,MTBLS13869;MTBLS9662,ols4_label
Trigonelline,trigonelline,CHEBI:18123,N-methylnicotinate,2,MTBLS13869;MTBLS5667,metabolights_maf:MTBLS5667
Tyramine-O-sulfate,tyramineosulfate,CHEBI:133530,tyramine sulfate,2,MTBLS2774;ST001412,metabolights_maf:MTBLS2774
Undecanoic acid,undecanoicacid,CHEBI:32368,undecanoic acid,2,MTBLS14059;MTBLS14295,ols4_label
Ursodeoxycholic acid,ursodeoxycholicacid,CHEBI:9907,ursodeoxycholic acid,2,MTBLS14295;MTBLS2774,metabolights_maf:MTBLS2774
Valerenic acid,valerenicacid,CHEBI:9921,valerenic acid,2,MTBLS13869;MTBLS9662,ols4_label
Valeric acid,valericacid,CHEBI:17418,valeric acid,2,MTBLS14295;MTBLS5667,metabolights_maf:MTBLS5667
Val-Pro,valpro,CHEBI:73701,Val-Pro,2,MTBLS13513;MTBLS14059,ols4_label
Vulpinic acid,vulpinicacid,CHEBI:144250,Vulpinic acid,2,MTBLS13513;MTBLS9662,ols4_label
Xanthosine,xanthosine,CHEBI:18107,xanthosine,2,MTBLS13513;MTBLS13869,ols4_label
Xanthurenic acid,xanthurenicacid,CHEBI:10072,xanthurenic acid,2,MTBLS13513;MTBLS13869,ols4_label
Zolpidem,zolpidem,CHEBI:10125,zolpidem,2,MTBLS13513;ST001412,ols4_label
"10,11-DiHDPE",1011dihdpe,CHEBI:165247,"10,11-DiHDPE",1,MTBLS14295,ols4_label
10-Acetylpanaxytriol,10acetylpanaxytriol,CHEBI:175096,10-Acetylpanaxytriol,1,MTBLS14295,ols4_label
10-deacetylbaccatin iii,10deacetylbaccatiniii,CHEBI:18193,10-deacetylbaccatin III,1,MTBLS13513,ols4_label
[10]-Dehydrogingerdione,10dehydrogingerdione,CHEBI:174685,[10]-Dehydrogingerdione,1,MTBLS5667,metabolights_maf:MTBLS5667
"(10E,12Z)-(9S)-9-Hydroperoxyoctadeca-10,12-dienoic acid",10e12z9s9hydroperoxyoctadeca1012dienoicacid,CHEBI:34498,9(S)-HPODE,1,MTBLS5667,metabolights_maf:MTBLS5667
"10E,12Z-Octadecadienoic acid",10e12zoctadecadienoicacid,CHEBI:44526,"(10E,12Z)-octadecadienoic acid",1,MTBLS5667,metabolights_maf:MTBLS5667
"10-formyl-7,8-dihydrofolic acid",10formyl78dihydrofolicacid,CHEBI:15640,5-formyltetrahydrofolic acid,1,MTBLS13513,ols4_synonym
10-Hydroperoxy-H4-neuroprostane,10hydroperoxyh4neuroprostane,CHEBI:185511,10-hydroperoxy-h4-neuroprostane,1,MTBLS14295,ols4_label
10-Hydroxycamptothecin,10hydroxycamptothecin,CHEBI:81395,10-Hydroxycamptothecin,1,MTBLS9662,ols4_label
10-Methylundecanoic acid,10methylundecanoicacid,CHEBI:84889,10-methylundecanoic acid,1,MTBLS9662,ols4_label
10-Nonadecenoic acid,10nonadecenoicacid,CHEBI:83050,10-nonadecenoic acid,1,MTBLS14295,ols4_label
10-Oxodecanoate,10oxodecanoate,CHEBI:58022,10-oxocaprate,1,MTBLS14295,ols4_synonym
10-oxo-nonadecanoic acid?,10oxononadecanoicacid,CHEBI:138422,10-oxo-nonadecanoic acid,1,MTBLS2774,metabolights_maf:MTBLS2774
[10]-Shogaol,10shogaol,CHEBI:192883,[10]-Shogaol,1,MTBLS5667,metabolights_maf:MTBLS5667
(10S)-Juvenile hormone III acid diol,10sjuvenilehormoneiiiaciddiol,CHEBI:80538,(10S)-Juvenile hormone III acid diol,1,MTBLS13869,ols4_label
10-Undecenoic acid,10undecenoicacid,CHEBI:35045,10-undecenoic acid,1,MTBLS14295,ols4_label
"1,10-Epoxygermacrone",110epoxygermacrone,CHEBI:196138,"1,10-Epoxygermacrone",1,MTBLS13869,ols4_label
"1,1'-[1,12-Dodecanediylbis(oxy)]bisbenzene",11112dodecanediylbisoxybisbenzene,CHEBI:143039,[(12-Phenoxydodecyl)oxy]benzene,1,MTBLS5667,metabolights_maf:MTBLS5667
"1,1,5-trimethyl-1,2-dihydronaphthalene",115trimethyl12dihydronaphthalene,CHEBI:87298,"1,1,5-trimethyl-1,2-dihydronaphthalene",1,MTBLS13869,ols4_label
1-18:0-2-18:2-phosphatidylinositol,11802182phosphatidylinositol,CHEBI:77343,1-stearoyl-2-linoleoyl-sn-glycero-3-phospho-1D-myo-inositol,1,MTBLS14295,ols4_synonym
11a-Hydroxyprogesterone,11ahydroxyprogesterone,CHEBI:190408,11a-Hydroxyprogesterone,1,MTBLS14059,ols4_label
11-beta-Hydroxyandrosterone-3-glucuronide,11betahydroxyandrosterone3glucuronide,CHEBI:88733,11-beta-Hydroxyandrosterone-3-glucuronide,1,MTBLS13869,ols4_label
11beta-hydroxyprogesterone,11betahydroxyprogesterone,CHEBI:28247,11beta-hydroxyprogesterone,1,MTBLS13513,ols4_label
11b-Hydroxyprogesterone,11bhydroxyprogesterone,CHEBI:177269,11b-Hydroxyprogesterone,1,MTBLS9662,ols4_label
11-cis-Retinol,11cisretinol,CHEBI:16302,11-cis-retinol,1,MTBLS13869,ols4_label
"1,1-Dimethoxy-trans-2-hexene",11dimethoxytrans2hexene,CHEBI:179941,"1,1-Dimethoxy-trans-2-hexene",1,MTBLS14059,ols4_label
11-Hydroperoxy-H4-neuroprostane,11hydroperoxyh4neuroprostane,CHEBI:187424,11-Hydroperoxy-H4-neuroprostane,1,MTBLS14295,ols4_label
11-Hydroxyeicosatetraenoate glyceryl ester,11hydroxyeicosatetraenoateglycerylester,CHEBI:171687,11-Hydroxyeicosatetraenoate glyceryl ester,1,MTBLS14059,ols4_label
11-oxo-ETE,11oxoete,CHEBI:90776,11-oxo-ETE,1,MTBLS13869,ols4_label
1-(1-Oxopropyl)-1H-imidazole,11oxopropyl1himidazole,CHEBI:27449,N-propanoylimidazole,1,MTBLS2774,metabolights_maf:MTBLS2774
"(11Z,14Z)-Eicosadienoylcarnitine",11z14zeicosadienoylcarnitine,CHEBI:73119,"(11Z,14Z)-eicosadienoylcarnitine",1,MTBLS13869,ols4_label
1-(1Z-hexadecenyl)-sn-glycero-3-phosphocholine,11zhexadecenylsnglycero3phosphocholine,CHEBI:73850,1-(1Z-hexadecenyl)-sn-glycero-3-phosphocholine,1,MTBLS9662,ols4_label
1-(1Z-Octadecenyl)-sn-glycero-3-phosphocholine,11zoctadecenylsnglycero3phosphocholine,CHEBI:133662,1-(1Z-octadecenyl)-sn-glycero-3-phosphocholine,1,MTBLS14059,ols4_label
"12,20-Dioxo-leukotriene B4",1220dioxoleukotrieneb4,CHEBI:134520,"12,20-dioxoleukotriene B4",1,MTBLS14295,ols4_synonym
"1,2,3,4,Tetrahydro-1,5,7-trimethylnapthalene",1234tetrahydro157trimethylnapthalene,CHEBI:89475,"1,2,3,4,Tetrahydro-1,5,7-trimethylnapthalene",1,MTBLS13869,ols4_label
"1,2,3,6,7-pentamethoxyxanthone",12367pentamethoxyxanthone,CHEBI:228323,"1,2,3,6,7-Pentamethoxyxanthone",1,MTBLS13869,ols4_label
"(1,2,3-Trimethyl-2-cyclopropen-1-yl)benzene",123trimethyl2cyclopropen1ylbenzene,CHEBI:87342,"(1,2,3-trimethyl-2-cyclopropen-1-yl)benzene",1,MTBLS13869,ols4_label
"1,2,3-Tris(chloromethoxy)propane",123trischloromethoxypropane,CHEBI:82547,"1,2,3-Tris(chloromethoxy)propane",1,MTBLS9662,ols4_label
"1,2,4-benzenetriol",124benzenetriol,CHEBI:16971,"benzene-1,2,4-triol",1,MTBLS13513,ols4_synonym
12-Aminododecanoic acid,12aminododecanoicacid,CHEBI:42025,12-aminododecanoic acid,1,MTBLS13869,ols4_label
"1,2-Benzisothiazol-3(2H)-one",12benzisothiazol32hone,CHEBI:167099,benzo[d]isothiazol-3-one,1,MTBLS14059,ols4_synonym
"(+)-12beta,17-epoxyemericella-3E,7E,22-trien-16-al|emericellene A",12beta17epoxyemericella3e7e22trien16alemericellenea,CHEBI:222548,Emericellene A,1,MTBLS13869,ols4_label
"1,2-Bis(4-hydroxyphenyl)-2-propanol",12bis4hydroxyphenyl2propanol,CHEBI:18869,"1,2-bis(4-hydroxyphenyl)-2-propanol",1,MTBLS9662,ols4_label
"1,2-Bis(chloromethoxy)ethane",12bischloromethoxyethane,CHEBI:82407,"1,2-Bis(chloromethoxy)ethane",1,MTBLS9662,ols4_label
12-dehydrodeoxycholate,12dehydrodeoxycholate,CHEBI:233653,12-dehydrodeoxycholate(1-),1,MTBLS14295,ols4_synonym
"1,2-Diamino-4-nitrobenzene",12diamino4nitrobenzene,CHEBI:67116,"4-nitro-1,2-phenylenediamine",1,MTBLS2774,metabolights_maf:MTBLS2774
"1',2'-Dihydrochlorobactene",12dihydrochlorobactene,CHEBI:80168,"1',2'-Dihydrochlorobactene",1,MTBLS13869,ols4_label
"1,2-Dioleoyl-sn-glycero-3-phosphoglycerol",12dioleoylsnglycero3phosphoglycerol,CHEBI:75385,"1,2-dioleoyl-sn-glycero-3-phospho-(1'-sn-glycerol)",1,MTBLS14295,ols4_synonym
[12]-Gingerdione,12gingerdione,CHEBI:179572,[12]-Gingerdione,1,MTBLS14295,ols4_label
12-HEPE,12hepe,CHEBI:72645,12-HEPE,1,MTBLS13869,ols4_label
12-HETE,12hete,CHEBI:19138,12-HETE,1,MTBLS5667,metabolights_maf:MTBLS5667
12 Hydroxy arachidonic acid,12hydroxyarachidonicacid,CHEBI:175104,12 Hydroxy arachidonic acid,1,MTBLS13869,ols4_label
12-Hydroxydodecanoic acid,12hydroxydodecanoicacid,CHEBI:39567,12-hydroxylauric acid,1,MTBLS5667,metabolights_maf:MTBLS5667
12-Hydroxyoctadecanoic acid,12hydroxyoctadecanoicacid,CHEBI:85208,12-hydroxyoctadecanoic acid,1,MTBLS9662,ols4_label
12-Hydroxystearic acid,12hydroxystearicacid,CHEBI:85208,12-hydroxyoctadecanoic acid,1,MTBLS14295,ols4_synonym
12-Ketodeoxycholic acid,12ketodeoxycholicacid,CHEBI:139134,12-ketolithocholic acid,1,MTBLS13869,ols4_synonym
12-Ketolithocholic acid,12ketolithocholicacid,CHEBI:139134,12-ketolithocholic acid,1,MTBLS14295,ols4_label
12S-HHT,12shht,CHEBI:63977,12S-HHTrE,1,MTBLS13869,ols4_synonym
"13,14-DiHDPE",1314dihdpe,CHEBI:165248,"13,14-DiHDPE",1,MTBLS14295,ols4_label
"13,14-dihydro Prostaglandin F1alpha",1314dihydroprostaglandinf1alpha,CHEBI:172589,"13,14-Dihydro PGF1alpha",1,MTBLS2774,metabolights_maf:MTBLS2774
"1,3,5-Trichloro-2-methoxybenzene",135trichloro2methoxybenzene,CHEBI:19333,"2,4,6-trichloroanisole",1,MTBLS14059,ols4_synonym
"1,3,5-Triphenylcyclohexane",135triphenylcyclohexane,CHEBI:79936,"1,3,5-triphenylcyclohexane",1,MTBLS14059,ols4_label
"1,3,7-trimethylurate",137trimethylurate,CHEBI:132940,"1,3,7-trimethylurate",1,ST001412,ols4_label
"1,3-Butyleneglycol dimethacrylate",13butyleneglycoldimethacrylate,CHEBI:189312,"1,3-Butyleneglycol dimethacrylate",1,MTBLS14295,ols4_label
13'-Carboxy-gamma-tocopherol,13carboxygammatocopherol,CHEBI:168306,13'-Carboxy-gamma-tocopherol,1,MTBLS13869,ols4_label
"1,3-Cyclohexanedicarboxylic acid",13cyclohexanedicarboxylicacid,CHEBI:229982,"1,3-Cyclohexanedicarboxylic acid",1,MTBLS14059,ols4_label
"1,3-Dihydro-(2H)-indol-2-one",13dihydro2hindol2one,CHEBI:31697,indolin-2-one,1,MTBLS5667,metabolights_maf:MTBLS5667
"1,3-dihydroxypropan-2-yl (9E,12E,15E)-octadeca-9,12,15-trienoate",13dihydroxypropan2yl9e12e15eoctadeca91215trienoate,CHEBI:131379,"2-[(9E,12E,15E)-octadecatrienoyl]glycerol",1,MTBLS13869,ols4_synonym
13-HODE,13hode,CHEBI:72639,13-HODE,1,MTBLS14059,ols4_label
13(R)-HODE,13rhode,CHEBI:137495,13(R)-HODE,1,MTBLS9662,ols4_label
13(S)-HpOTrE,13shpotre,CHEBI:48905,"(9Z,11E,13S,15Z)-13-hydroperoxyoctadeca-9,11,15-trienoic acid",1,MTBLS14295,ols4_synonym
"1,4-Bis(2-ethylhexyl) sulfosuccinate",14bis2ethylhexylsulfosuccinate,CHEBI:534,"1,4-bis(2-ethylhexyl) sulfosuccinate",1,MTBLS13869,ols4_label
"1,4-Dihydro-1-methyl-4-oxo-3-pyridinecarboxamide",14dihydro1methyl4oxo3pyridinecarboxamide,CHEBI:27838,N-methyl-4-pyridone-3-carboxamide,1,MTBLS13869,ols4_synonym
14-HDoHE,14hdohe,CHEBI:72647,14-HDoHE,1,MTBLS9662,ols4_label
"1-(4-piperidinyl)-1,3-dihydro-2h-indol-2-one",14piperidinyl13dihydro2hindol2one,CHEBI:190950,"1-(4-piperidinyl)-1,3-dihydro-2h-indol-2-one",1,MTBLS13513,ols4_label
"15,16-DiHODE",1516dihode,CHEBI:88465,"15,16-DiHODE",1,MTBLS13869,ols4_label
"15-Deoxy-d-12,14-PGJ2",15deoxyd1214pgj2,CHEBI:34159,"15-deoxy-Delta(12,14)-prostaglandin J2",1,MTBLS5667,metabolights_maf:MTBLS5667
15-Deoxy-PGJ2,15deoxypgj2,CHEBI:34159,"15-deoxy-Delta(12,14)-prostaglandin J2",1,MTBLS13869,ols4_synonym
"15-Keto-13,14-dihydroprostaglandin A2",15keto1314dihydroprostaglandina2,CHEBI:89315,"15-Keto-13,14-dihydroprostaglandin A2",1,MTBLS5667,metabolights_maf:MTBLS5667
15-ketobimatoprost,15ketobimatoprost,CHEBI:183964,15-ketobimatoprost,1,MTBLS13513,ols4_label
"1,5-Naphthalenediamine",15naphthalenediamine,CHEBI:53003,"naphthalene-1,5-diamine",1,MTBLS13869,ols4_synonym
15-OxoETE,15oxoete,CHEBI:15559,15-oxo-ETE,1,MTBLS14295,ols4_synonym
15-oxolipoxin A4,15oxolipoxina4,CHEBI:63992,15-oxolipoxin A4,1,MTBLS14295,ols4_label
15S-HETrE,15shetre,CHEBI:88348,15(S)-HETrE,1,MTBLS2774,metabolights_maf:MTBLS2774
15(S)-HpEDE,15shpede,CHEBI:144843,"(15S)-hydroperoxy-(11Z,13E)-icosadienoic acid",1,MTBLS2774,metabolights_maf:MTBLS2774
16:0 LYSO-PE,160lysope,CHEBI:73134,1-hexadecanoyl-sn-glycero-3-phosphoethanolamine,1,MTBLS13869,ols4_synonym
"16,16-dimethyl-6-keto Prostaglandin E1",1616dimethyl6ketoprostaglandine1,CHEBI:176981,"16,16-dimethyl-6-keto Prostaglandin E1",1,MTBLS2774,metabolights_maf:MTBLS2774
"16,17-Didehydropregnenolone",1617didehydropregnenolone,CHEBI:27486,"16,17-didehydropregnenolone",1,MTBLS13869,ols4_label
"16,17-DiHDPE",1617dihdpe,CHEBI:165249,"16,17-DiHDPE",1,MTBLS14295,ols4_label
16-Acetylpriverogenin A,16acetylpriverogenina,CHEBI:175898,16-Acetylpriverogenin A,1,MTBLS9662,ols4_label
16a-hydroxy DHEA 3-sulfate,16ahydroxydhea3sulfate,CHEBI:87538,16alpha-hydroxydehydroepiandrosterone 3-sulfate(1-),1,ST001412,ols4_synonym
16alpha-Hydroxysteroid,16alphahydroxysteroid,CHEBI:16799,16alpha-hydroxy steroid,1,MTBLS14295,ols4_synonym
"1,6-anhydroglucose",16anhydroglucose,CHEBI:30997,levoglucosan,1,ST001412,ols4_synonym
16-Dehydropregnenolone,16dehydropregnenolone,CHEBI:27486,"16,17-didehydropregnenolone",1,MTBLS14295,ols4_synonym
16-Feruloyloxypalmitic acid,16feruloyloxypalmiticacid,CHEBI:55330,16-feruloyloxypalmitic acid,1,MTBLS9662,ols4_label
16-Glucuronide-estriol,16glucuronideestriol,CHEBI:766,estriol 16-O-(beta-D-glucuronide),1,MTBLS9662,ols4_synonym
16-Hydroxy-10-oxohexadecanoic acid,16hydroxy10oxohexadecanoicacid,CHEBI:142246,16-hydroxy-10-oxohexadecanoic acid,1,MTBLS13869,ols4_label
16-hydroxypalmitate,16hydroxypalmitate,CHEBI:55329,16-hydroxyhexadecanoate,1,ST001412,ols4_synonym
16-Hydroxypalmitic acid,16hydroxypalmiticacid,CHEBI:55328,16-hydroxyhexadecanoic acid,1,MTBLS14295,ols4_synonym
16-Oxoandrostenediol,16oxoandrostenediol,CHEBI:173191,16-Oxoandrostenediol,1,MTBLS14059,ols4_label
16-Oxopalmitate,16oxopalmitate,CHEBI:134195,16-oxohexadecanoic acid,1,MTBLS14295,ols4_synonym
17-(4-Hydroxyphenyl)heptadecanoate,174hydroxyphenylheptadecanoate,CHEBI:91233,17-(4-hydroxyphenyl)heptadecanoate,1,MTBLS14295,ols4_label
17-(4-Hydroxyphenyl)heptadecanoyl adenylate,174hydroxyphenylheptadecanoyladenylate,CHEBI:91234,17-(4-hydroxyphenyl)heptadecanoyl-AMP(1-),1,MTBLS14295,ols4_synonym
"17alpha,21-Dihydroxypregnenolone",17alpha21dihydroxypregnenolone,CHEBI:27832,"17alpha,21-dihydroxypregnenolone",1,MTBLS14295,ols4_label
17alpha-hydroxypregnenolone 3-sulfate,17alphahydroxypregnenolone3sulfate,CHEBI:89454,17alpha-hydroxypregnenolone 3-sulfate,1,ST001412,ols4_label
17alpha-Hydroxyprogesterone,17alphahydroxyprogesterone,CHEBI:17252,17alpha-hydroxyprogesterone,1,MTBLS14295,ols4_label
17-beta-estradiol-3-glucuronide,17betaestradiol3glucuronide,CHEBI:175586,17-beta-Estradiol-3-glucuronide,1,MTBLS2774,metabolights_maf:MTBLS2774
17beta-Hydroxy-2alpha-(methoxymethyl)-17-methyl-5alpha-androstan-3-one,17betahydroxy2alphamethoxymethyl17methyl5alphaandrostan3one,CHEBI:79444,17beta-Hydroxy-2alpha-(methoxymethyl)-17-methyl-5alpha-androstan-3-one,1,MTBLS14295,ols4_label
17-beta-Hydroxyestr-4-en-3-one cyclopentanepropionate,17betahydroxyestr4en3onecyclopentanepropionate,CHEBI:34184,17beta-Hydroxyestr-4-en-3-one cyclopentanepropionate,1,MTBLS2774,metabolights_maf:MTBLS2774
17beta-Hydroxysteroid,17betahydroxysteroid,CHEBI:35343,17beta-hydroxy steroid,1,MTBLS14295,ols4_synonym
"1,7-Dimethylxanthine",17dimethylxanthine,CHEBI:25858,"1,7-dimethylxanthine",1,MTBLS9662,ols4_label
17-HDoHE,17hdohe,CHEBI:72637,"(4Z,7Z,10Z,13Z,15E,19Z)-17-hydroxydocosahexaenoic acid",1,MTBLS5667,metabolights_maf:MTBLS5667
17-hydroxyandrostane-3-glucuronide,17hydroxyandrostane3glucuronide,CHEBI:88730,"5alpha-androstane-3beta,17beta-diol 3-O-(beta-D-glucuronide)",1,MTBLS2774,metabolights_maf:MTBLS2774
17-Hydroxypregnenolone sulfate,17hydroxypregnenolonesulfate,CHEBI:89454,17alpha-hydroxypregnenolone 3-sulfate,1,MTBLS13869,ols4_synonym
"17-phenyl trinor-13,14-dihydro Prostaglandin A2",17phenyltrinor1314dihydroprostaglandina2,CHEBI:176989,"17-phenyl trinor-13,14-dihydro Prostaglandin A2",1,MTBLS2774,metabolights_maf:MTBLS2774
17-phenyl trinor PGF2alpha isopropyl este,17phenyltrinorpgf2alphaisopropyleste,CHEBI:137717,17-phenyl-trinor-PGF2alpha isopropyl ester,1,MTBLS2774,metabolights_maf:MTBLS2774
"17-Propylestra-1,3,5(10)-triene-3,17beta-diol diacetate",17propylestra13510triene317betadioldiacetate,CHEBI:79471,"17-Propylestra-1,3,5(10)-triene-3,17beta-diol diacetate",1,MTBLS2774,metabolights_maf:MTBLS2774
"17R-hydroxy-4Z,7Z,10Z,13Z,15E,19Z-docosahexaenoic acid",17rhydroxy4z7z10z13z15e19zdocosahexaenoicacid,CHEBI:91137,17(R)-HDoHE,1,MTBLS9662,ols4_synonym
"1,8,15,22-Tetraazacyclooctacosane-2,9,16,23-tetrone",181522tetraazacyclooctacosane291623tetrone,CHEBI:189206,"1,8,15,22-Tetraazacyclooctacosane-2,9,16,23-tetrone",1,MTBLS13869,ols4_label
18-carboxy dinor Leukotriene B4,18carboxydinorleukotrieneb4,CHEBI:174554,18-carboxy dinor Leukotriene B4,1,MTBLS2774,metabolights_maf:MTBLS2774
19(20)-EpDPE,1920epdpe,CHEBI:72653,"(4Z,7Z,10Z,13Z,16Z)-19,20-epoxydocosapentaenoic acid",1,MTBLS13869,ols4_synonym
19-(4-Hydroxyphenyl)nonadecanoate,194hydroxyphenylnonadecanoate,CHEBI:91236,19-(4-hydroxyphenyl)nonadecanoate,1,MTBLS14295,ols4_label
19-(4-Hydroxyphenyl)nonadecanoyl adenylate,194hydroxyphenylnonadecanoyladenylate,CHEBI:91235,19-(4-hydroxyphenyl)nonadecanoyl-AMP(1-),1,MTBLS14295,ols4_synonym
19-Noretiocholanolone,19noretiocholanolone,CHEBI:746883,19-noretiocholanolone,1,MTBLS9662,ols4_label
1-(9Z-hexadecenoyl)-glycero-3-phosphate,19zhexadecenoylglycero3phosphate,CHEBI:75070,1-palmitoleoyl-sn-glycerol 3-phosphate,1,MTBLS13869,ols4_synonym
1-Acetylimidazole,1acetylimidazole,CHEBI:16984,N-acetylimidazole,1,MTBLS13869,ols4_synonym
1-alpha-linolenoyl-sn-glycero-3-phosphocholine,1alphalinolenoylsnglycero3phosphocholine,CHEBI:133456,1-alpha-linolenoyl-sn-glycero-3-phosphocholine,1,MTBLS14295,ols4_label
1-Amino-1-cyclopentanecarboxylic acid,1amino1cyclopentanecarboxylicacid,CHEBI:40547,1-aminocyclopentanecarboxylic acid,1,MTBLS14059,ols4_synonym
1-Aminocyclobutanecarboxylic acid,1aminocyclobutanecarboxylicacid,CHEBI:39587,1-AMINOCYCLOBUTANECARBOXLIC ACID,1,MTBLS9662,ols4_synonym
1-Aminocyclohexanecarboxylic acid,1aminocyclohexanecarboxylicacid,CHEBI:86534,1-amino-1-cyclohexanecarboxylic acid,1,MTBLS13869,ols4_synonym
1-Aminocyclopropanecarboxylic acid,1aminocyclopropanecarboxylicacid,CHEBI:18053,1-aminocyclopropanecarboxylic acid,1,MTBLS5667,metabolights_maf:MTBLS5667
1-Aminopentadecane,1aminopentadecane,CHEBI:87551,1-aminopentadecane,1,MTBLS9662,ols4_label
1-Aminopropan-2-ol,1aminopropan2ol,CHEBI:19030,1-aminopropan-2-ol,1,MTBLS9662,ols4_label
1-Arachidonoyl Glycerol,1arachidonoylglycerol,CHEBI:34071,1-arachidonoyl-sn-glycerol,1,MTBLS2774,metabolights_maf:MTBLS2774
1-arachidonoyl-sn-glycero-3-phosphocholine,1arachidonoylsnglycero3phosphocholine,CHEBI:74344,1-arachidonoyl-sn-glycero-3-phosphocholine,1,MTBLS14295,ols4_label
1-carboxyethylleucine,1carboxyethylleucine,CHEBI:232926,1-carboxyethylleucine,1,ST001412,ols4_label
1-Carboxyethyltyrosine,1carboxyethyltyrosine,CHEBI:232928,1-carboxyethyltyrosine,1,MTBLS14295,ols4_label
1-carboxyethylvaline,1carboxyethylvaline,CHEBI:232929,1-carboxyethylvaline,1,ST001412,ols4_label
1-Dodecanoyl-sn-glycero-3-phosphocholine,1dodecanoylsnglycero3phosphocholine,CHEBI:74966,1-lauroyl-sn-glycero-3-phosphocholine,1,MTBLS13869,ols4_synonym
1-Dodecyl-2-pyrrolidinone,1dodecyl2pyrrolidinone,CHEBI:146192,1-dodecylpyrrolidin-2-one,1,MTBLS13869,ols4_synonym
"1-Fluorocyclohexadiene-cis,cis-1,2-diol",1fluorocyclohexadieneciscis12diol,CHEBI:80526,"1-Fluorocyclohexadiene-cis,cis-1,2-diol",1,MTBLS9662,ols4_label
"1h-1,2,4-triazol-3-amine",1h124triazol3amine,CHEBI:40036,amitrole,1,MTBLS13513,ols4_synonym
1-heptadecanoyl-glycero-3-phosphoethanolamine,1heptadecanoylglycero3phosphoethanolamine,CHEBI:85409,1-heptadecanoyl-sn-glycero-3-phosphoethanolamine,1,MTBLS13869,ols4_synonym
1-Heptanol,1heptanol,CHEBI:43003,heptan-1-ol,1,MTBLS9662,ols4_synonym
1-Hexadecanoyl-2-(9Z-octadecenoyl)-sn-glycerol 3-phosphate,1hexadecanoyl29zoctadecenoylsnglycerol3phosphate,CHEBI:64844,1-palmitoyl-2-oleoyl-sn-glycero-3-phosphate,1,MTBLS9662,ols4_synonym
1-Hexadecyl-sn-glycerol 3-phosphate,1hexadecylsnglycerol3phosphate,CHEBI:63818,1-hexadecyl-sn-glycerol 3-phosphate,1,MTBLS9662,ols4_label
"1-H-Inden-1-one,2,3-dihydro-3,3,5,6-tetramethyl",1hinden1one23dihydro3356tetramethyl,CHEBI:89467,"1-H-Inden-1-one,2,3-dihydro-3,3,5,6-tetramethyl",1,MTBLS14059,ols4_label
"1H-Indole-2,3-dione",1hindole23dione,CHEBI:27539,isatin,1,MTBLS5667,metabolights_maf:MTBLS5667
1H-Indole-3-acetamide,1hindole3acetamide,CHEBI:16031,indole-3-acetamide,1,MTBLS5667,metabolights_maf:MTBLS5667
1H-Indole-3-carboxaldehyde,1hindole3carboxaldehyde,CHEBI:28238,indole-3-carbaldehyde,1,MTBLS5667,metabolights_maf:MTBLS5667
1H-Pyrrole-2-carboxaldehyde,1hpyrrole2carboxaldehyde,CHEBI:59978,pyrrole-2-carboxaldehyde,1,MTBLS13869,ols4_synonym
1-Hydroxy-10-methylacridone,1hydroxy10methylacridone,CHEBI:178584,1-Hydroxy-10-methylacridone,1,MTBLS5667,metabolights_maf:MTBLS5667
1-Hydroxybenzotriazole,1hydroxybenzotriazole,CHEBI:176967,1-Hydroxybenzotriazole,1,MTBLS13869,ols4_label
1-kestose,1kestose,CHEBI:16885,1-kestose,1,MTBLS13513,ols4_label
1-Linoleoylglycerophosphocholine,1linoleoylglycerophosphocholine,CHEBI:28733,1-linoleoyl-sn-glycero-3-phosphocholine,1,MTBLS2774,metabolights_maf:MTBLS2774
1-Methyl-3-(2-thiazolyl)-1H-indole,1methyl32thiazolyl1hindole,CHEBI:171879,1-Methyl-3-(2-thiazolyl)-1H-indole,1,MTBLS5667,metabolights_maf:MTBLS5667
1-methylhistamine,1methylhistamine,CHEBI:29009,N(tele)-methylhistamine,1,MTBLS9662,ols4_synonym
1-Methylhypoxanthine,1methylhypoxanthine,CHEBI:73959,1-methylhypoxanthine,1,MTBLS5667,metabolights_maf:MTBLS5667
1-methyl-l-histidine,1methyllhistidine,CHEBI:50599,N(tele)-methyl-L-histidine,1,MTBLS13513,ols4_synonym
1-Methylpyrrolidine,1methylpyrrolidine,CHEBI:234043,1-methylpyrrolidine,1,MTBLS14295,ols4_label
1-methyluric acid,1methyluricacid,CHEBI:68441,1-methyluric acid,1,MTBLS13513,ols4_label
1-monolinoleoyl-rac-glycerol,1monolinoleoylracglycerol,CHEBI:75565,rac-1-monolinoleoylglycerol,1,MTBLS13513,ols4_synonym
1-myristoyl-2-palmitoyl-sn-glycero-3-phosphocholine,1myristoyl2palmitoylsnglycero3phosphocholine,CHEBI:75062,1-myristoyl-2-palmitoyl-sn-glycero-3-phosphocholine,1,MTBLS13513,ols4_label
1-myristoyl-sn-glycero-3-phosphocholine,1myristoylsnglycero3phosphocholine,CHEBI:64489,1-myristoyl-sn-glycero-3-phosphocholine,1,MTBLS14295,ols4_label
1-Myristoyl-sn-glycerol 3-phosphate,1myristoylsnglycerol3phosphate,CHEBI:62833,1-myristoyl-sn-glycerol 3-phosphate,1,MTBLS9662,ols4_label
1-Naphthol,1naphthol,CHEBI:10319,1-naphthol,1,MTBLS9662,ols4_label
1-nonadecanoyl-sn-glycero-3-phosphocholine,1nonadecanoylsnglycero3phosphocholine,CHEBI:131989,1-nonadecanoyl-sn-glycero-3-phosphocholine,1,MTBLS13869,ols4_label
1-Octadecanoyl-sn-glycero-3-phosphoethanolamine,1octadecanoylsnglycero3phosphoethanolamine,CHEBI:75036,1-stearoyl-sn-glycero-3-phosphoethanolamine zwitterion,1,MTBLS14295,ols4_synonym
1-O-Hexadecyl-2-arachidonoyl-sn-glycero-3-phosphocholine,1ohexadecyl2arachidonoylsnglycero3phosphocholine,CHEBI:55430,1-O-hexadecyl-2-arachidonoyl-sn-glycero-3-phosphocholine,1,MTBLS9662,ols4_label
1-O-Hexadecyl-2-O-butanoyl-sn-glyceryl-3-phosphocholine,1ohexadecyl2obutanoylsnglyceryl3phosphocholine,CHEBI:183982,1-o-hexadecyl-2-o-butanoyl-sn-glyceryl-3-phosphocholine,1,MTBLS14059,ols4_label
1-O-Hexadecyl-lyso-sn-glycero-3-phosphocholine,1ohexadecyllysosnglycero3phosphocholine,CHEBI:34114,1-O-Hexadecyl-lyso-sn-glycero-3-phosphocholine,1,MTBLS9662,ols4_label
1-O-Hexadecyl-sn-glycero-3-phosphocholine,1ohexadecylsnglycero3phosphocholine,CHEBI:64496,lysophosphatidylcholine O-16:0/0:0,1,MTBLS13869,ols4_synonym
1-Oleoylglycerophosphoserine,1oleoylglycerophosphoserine,CHEBI:186269,1-Oleoylglycerophosphoserine,1,MTBLS13869,ols4_label
1-o-trans-cinnamoyl-beta-d-glucopyranose,1otranscinnamoylbetadglucopyranose,CHEBI:16279,1-O-trans-cinnamoyl-beta-D-glucopyranose,1,MTBLS13513,ols4_label
1-palmitoyl-2-docosahexaenoyl-sn-glycero-3-phosphocholine,1palmitoyl2docosahexaenoylsnglycero3phosphocholine,CHEBI:74963,"1-hexadecanoyl-2-(4Z,7Z,10Z,13Z,16Z,19Z-docosahexaenoyl)-sn-glycero-3-phosphocholine",1,MTBLS13513,ols4_synonym
1-Palmitoyl-2-hydroxy-sn-glycero-3-phosphoethanolamine,1palmitoyl2hydroxysnglycero3phosphoethanolamine,CHEBI:73134,1-hexadecanoyl-sn-glycero-3-phosphoethanolamine,1,MTBLS14059,ols4_synonym
1-Palmitoyl-2-oleoyl-sn-glycero-3-phosphate,1palmitoyl2oleoylsnglycero3phosphate,CHEBI:64839,1-palmitoyl-2-oleoyl-sn-glycero-3-phosphate(2-),1,MTBLS14059,ols4_synonym
1-palmitoylglycerol,1palmitoylglycerol,CHEBI:69081,1-monopalmitoylglycerol,1,MTBLS13513,ols4_synonym
1-Palmitoylglycerol 3-phosphate,1palmitoylglycerol3phosphate,CHEBI:64023,1-palmitoylglycerol 3-phosphate,1,MTBLS13869,ols4_label
1-Palmitoyl Lysophosphatidic Acid,1palmitoyllysophosphatidicacid,CHEBI:64023,1-palmitoylglycerol 3-phosphate,1,MTBLS2774,metabolights_maf:MTBLS2774
1-palmitoyl-sn-glycero-3-phosphoethanolamine,1palmitoylsnglycero3phosphoethanolamine,CHEBI:73134,1-hexadecanoyl-sn-glycero-3-phosphoethanolamine,1,MTBLS14295,ols4_synonym
1-Phenylethylamine,1phenylethylamine,CHEBI:670,1-phenylethylamine,1,MTBLS2774,metabolights_maf:MTBLS2774
1-Piperideine-2-carboxylic acid,1piperideine2carboxylicacid,CHEBI:30912,1-piperideine-2-carboxylic acid,1,MTBLS13869,ols4_label
1-Piperidinecarboxaldehyde,1piperidinecarboxaldehyde,CHEBI:193610,1-Piperidinecarboxaldehyde,1,MTBLS13869,ols4_label
1-Pyrrolidinecarboxaldehyde,1pyrrolidinecarboxaldehyde,CHEBI:178202,1-Pyrrolidinecarboxaldehyde,1,MTBLS13869,ols4_label
"(1R,2R,4R)-1,8-Epoxy-p-menthane-2,4-diol",1r2r4r18epoxypmenthane24diol,CHEBI:171973,"(1R,2R,4R)-1,8-Epoxy-p-menthane-2,4-diol",1,MTBLS14059,ols4_label
1-salicylate glucuronide,1salicylateglucuronide,CHEBI:73961,1-salicylate glucuronide,1,MTBLS13513,ols4_label
1-stearoyl-2-linoleoyl-sn-glycero-3-phosphoethanolamine,1stearoyl2linoleoylsnglycero3phosphoethanolamine,CHEBI:133600,1-stearoyl-2-linoleoyl-sn-glycero-3-phosphoethanolamine,1,MTBLS13513,ols4_label
1-Stearoylglycerophosphoserine,1stearoylglycerophosphoserine,CHEBI:180193,1-Stearoylglycerophosphoserine,1,MTBLS13869,ols4_label
1-stearoyl-sn-glycero-3-phosphocholine,1stearoylsnglycero3phosphocholine,CHEBI:73858,1-stearoyl-sn-glycero-3-phosphocholine,1,MTBLS14295,ols4_label
"20,26-dihydroxyecdysone",2026dihydroxyecdysone,CHEBI:19793,"20,26-dihydroxyecdysone",1,MTBLS9662,ols4_label
21-hydroxypregnenolone disulfate,21hydroxypregnenolonedisulfate,CHEBI:133695,21-hydroxypregnenolone disulfate,1,ST001412,ols4_label
2-(2-Methylpropyl)thiazole,22methylpropylthiazole,CHEBI:133683,2-isobutylthiazole,1,MTBLS2774,metabolights_maf:MTBLS2774
2-(2-Thienyl)furan,22thienylfuran,CHEBI:173634,2-(2-Thienyl)furan,1,MTBLS14059,ols4_label
"2,3,4,5-tetranor-thromboxane B1",2345tetranorthromboxaneb1,CHEBI:74003,"2,3,4,5-tetranor-thromboxane B1",1,MTBLS14295,ols4_label
"2,3-diethylpyrazine",23diethylpyrazine,CHEBI:166525,"2,3-Diethylpyrazine",1,MTBLS13513,ols4_label
"(+)-2,3-Dihydro-3-methyl-1H-pyrrole",23dihydro3methyl1hpyrrole,CHEBI:192297,"(+)-2,3-Dihydro-3-methyl-1H-pyrrole",1,MTBLS5667,metabolights_maf:MTBLS5667
"2,3-Dihydroxybenzoic acid",23dihydroxybenzoicacid,CHEBI:18026,"2,3-dihydroxybenzoic acid",1,MTBLS13869,ols4_label
"2,3-dihydroxyisovalerate",23dihydroxyisovalerate,CHEBI:11424,"2,3-dihydroxy-3-methylbutanoate",1,ST001412,ols4_synonym
"2,3-Dimethylsuccinic acid",23dimethylsuccinicacid,CHEBI:167506,"2,3-dimethylsuccinic acid",1,MTBLS14295,ols4_label
"2,3-Dinor-6-keto-prostaglandin F1 a",23dinor6ketoprostaglandinf1a,CHEBI:156149,"2,3-Dinor-6-keto-prostaglandin F1a",1,MTBLS2774,metabolights_maf:MTBLS2774
"2,3-Dinor-TXB2",23dinortxb2,CHEBI:89991,"2,3-Dinor-TXB2",1,MTBLS2774,metabolights_maf:MTBLS2774
"2,3-Diphenyl-3-(2-pyridinyl)acrylonitrile",23diphenyl32pyridinylacrylonitrile,CHEBI:79603,"2,3-Diphenyl-3-(2-pyridinyl)acrylonitrile",1,MTBLS13869,ols4_label
"2,3-diphosphoglycerate",23diphosphoglycerate,CHEBI:19324,"2,3-bisphosphoglycerate",1,ST001412,ols4_synonym
2(3H)-Benzothiazolethione,23hbenzothiazolethione,CHEBI:34292,"1,3-benzothiazole-2-thiol",1,MTBLS5667,metabolights_maf:MTBLS5667
2-[3-methoxy-4-(sulfooxy)phenyl]acetic acid,23methoxy4sulfooxyphenylaceticacid,CHEBI:88405,Homovanillic acid sulfate,1,MTBLS13869,ols4_synonym
"2,3-Octanedione",23octanedione,CHEBI:89053,"2,3-Octanedione",1,MTBLS14295,ols4_label
2-[3-(sulfooxy)phenyl]acetic acid,23sulfooxyphenylaceticacid,CHEBI:176479,2-[3-(sulfooxy)phenyl]acetic acid,1,MTBLS13869,ols4_label
"2,4,5-Trichlorophenol",245trichlorophenol,CHEBI:28520,"2,4,5-trichlorophenol",1,MTBLS9662,ols4_label
"2,4,6-Octatrienal",246octatrienal,CHEBI:137803,"2,4,6-octatrienal",1,ST000603,ols4_label
"2,4,6-Triaminotoluene",246triaminotoluene,CHEBI:19332,"2,4,6-triaminotoluene",1,MTBLS9662,ols4_label
"2',4',6'-Trihydroxydihydrochalcone 4'-glucoside",246trihydroxydihydrochalcone4glucoside,CHEBI:190032,"2',4',6'-Trihydroxydihydrochalcone 4'-glucoside",1,MTBLS5667,metabolights_maf:MTBLS5667
"2,4-diaminopentanoic acid",24diaminopentanoicacid,CHEBI:904,"2,4-diaminopentanoic acid",1,MTBLS13869,ols4_label
"2',4'-Dihydroxyacetophenone",24dihydroxyacetophenone,CHEBI:18414,"2',4'-dihydroxyacetophenone",1,MTBLS9662,ols4_label
"2,4-Dihydroxyacetophenone 5-sulfate",24dihydroxyacetophenone5sulfate,CHEBI:143237,2-O-sulfate-4-hydroxyacetophenone,1,MTBLS14295,ols4_synonym
"2,4-Dihydroxybutyric acid",24dihydroxybutyricacid,CHEBI:86348,"2,4-dihydroxybutanoic acid",1,MTBLS2774,metabolights_maf:MTBLS2774
"2,4-Dinitroanisole",24dinitroanisole,CHEBI:84559,"2,4-dinitroanisole",1,MTBLS13869,ols4_label
"2,4-Dinitrophenol",24dinitrophenol,CHEBI:42017,"2,4-dinitrophenol",1,MTBLS9662,ols4_label
2-(4-Hydroxyphenyl)ethanol,24hydroxyphenylethanol,CHEBI:1879,2-(4-hydroxyphenyl)ethanol,1,MTBLS9662,ols4_label
24-hydroxytetracosanoic acid,24hydroxytetracosanoicacid,CHEBI:76930,omega-hydroxytetracosanoic acid,1,MTBLS13869,ols4_synonym
"24-Nor-5alpha-cholane-3alpha,7alpha,12alpha-triol",24nor5alphacholane3alpha7alpha12alphatriol,CHEBI:168045,"24-Nor-5beta-cholane-3alpha,7alpha,12alpha-triol",1,MTBLS2774,metabolights_maf:MTBLS2774
"2,4-pyridinedicarboxylic acid",24pyridinedicarboxylicacid,CHEBI:44737,lutidinic acid,1,MTBLS13513,ols4_synonym
"2,5-Diaminohexanoate",25diaminohexanoate,CHEBI:16926,"2,5-diaminohexanoic acid",1,MTBLS13869,ols4_synonym
"2,5-Diethyltetrahydrofuran",25diethyltetrahydrofuran,CHEBI:195849,"2,5-Diethyltetrahydrofuran",1,MTBLS14059,ols4_label
"2,5-Piperazinedione",25piperazinedione,CHEBI:16535,"piperazine-2,5-dione",1,MTBLS13869,ols4_synonym
"2,6-diaminopimelic acid",26diaminopimelicacid,CHEBI:23673,"2,6-diaminopimelic acid",1,MTBLS13513,ols4_label
"2,6-dimethoxyphenol",26dimethoxyphenol,CHEBI:955,"2,6-dimethoxyphenol",1,MTBLS13513,ols4_label
"2,6-di-tert-butyl-4-methoxyphenol",26ditertbutyl4methoxyphenol,CHEBI:183868,"2,6-di-tert-butyl-4-methoxyphenol",1,MTBLS13513,ols4_label
"2,6-Di-tert-butyl-4-methylphenol",26ditertbutyl4methylphenol,CHEBI:34247,"2,6-di-tert-butyl-4-methylphenol",1,MTBLS14059,ols4_label
26-hydroxycholesterol 3-sulfate,26hydroxycholesterol3sulfate,CHEBI:35419,26-hydroxycholesterol 3-sulfate,1,MTBLS2774,metabolights_maf:MTBLS2774
"2,8-Dihydroxyquinoline",28dihydroxyquinoline,CHEBI:17715,"quinoline-2,8-diol",1,MTBLS13869,ols4_synonym
28-Homobrassinolide,28homobrassinolide,CHEBI:180809,28-Homobrassinolide,1,MTBLS9662,ols4_label
"2,8-quinolinediol",28quinolinediol,CHEBI:17715,"quinoline-2,8-diol",1,MTBLS13513,ols4_synonym
2-acetamidophenol sulfate,2acetamidophenolsulfate,CHEBI:133562,2-acetamidophenol sulfate,1,ST001412,ols4_label
2-acetyl-1-alkyl-sn-glycero-3-phosphocholine,2acetyl1alkylsnglycero3phosphocholine,CHEBI:36707,2-acetyl-1-alkyl-sn-glycero-3-phosphocholine,1,MTBLS5667,metabolights_maf:MTBLS5667
"2-Amino-2-methyl-1,3-propanediol",2amino2methyl13propanediol,CHEBI:991,"2-amino-2-methylpropane-1,3-diol",1,MTBLS9662,ols4_synonym
2-amino-6-chloropurine,2amino6chloropurine,CHEBI:72345,6-chloroguanine,1,MTBLS9662,ols4_synonym
2-amino-6-methylmercaptopurine,2amino6methylmercaptopurine,CHEBI:140528,6-methylthioguanine,1,MTBLS9662,ols4_synonym
2'-Aminoacetophenone,2aminoacetophenone,CHEBI:91110,o-aminoacetophenone,1,MTBLS13869,ols4_synonym
2-aminoadipic acid,2aminoadipicacid,CHEBI:37024,2-aminoadipic acid,1,MTBLS13513,ols4_label
"2'-Aminobiphenyl-2,3-diol",2aminobiphenyl23diol,CHEBI:29010,"2'-aminobiphenyl-2,3-diol",1,MTBLS13869,ols4_label
2-aminoheptanoate,2aminoheptanoate,CHEBI:133223,2-aminoheptanoic acid zwitterion,1,ST001412,ols4_synonym
2-Aminoheptanoic acid,2aminoheptanoicacid,CHEBI:64304,2-aminoheptanoic acid,1,MTBLS14295,ols4_label
2-Aminohexadecanoic acid,2aminohexadecanoicacid,CHEBI:63776,2-aminohexadecanoic acid,1,MTBLS9662,ols4_label
2-aminooctanoate,2aminooctanoate,CHEBI:142420,2-aminooctanoate,1,ST001412,ols4_label
2-Amino-p-cresol,2aminopcresol,CHEBI:39713,2-amino-4-methylphenol,1,MTBLS2774,metabolights_maf:MTBLS2774
2-aminophenol sulfate,2aminophenolsulfate,CHEBI:133186,2-aminophenyl hydrogen sulfate,1,ST001412,ols4_synonym
2-Aminopurine,2aminopurine,CHEBI:479072,2-aminopurine,1,MTBLS9662,ols4_label
2-Aminoquinoline,2aminoquinoline,CHEBI:184668,"1,2-Dihydroquinolin-2-imine",1,MTBLS5667,metabolights_maf:MTBLS5667
2-Benzyl-4-chlorophenol,2benzyl4chlorophenol,CHEBI:228003,2-benzyl-4-chlorophenol,1,MTBLS9662,ols4_label
2-Decylfuran,2decylfuran,CHEBI:168892,2-decylfuran,1,MTBLS14295,ols4_label
2-dehydro-3-deoxy-d-gluconate,2dehydro3deoxydgluconate,CHEBI:57990,2-dehydro-3-deoxy-D-gluconate,1,MTBLS13513,ols4_label
2-deoxy-d-ribose,2deoxydribose,CHEBI:28816,2-deoxy-D-ribose,1,MTBLS13513,ols4_label
2'-Deoxyguanosine 5'-diphosphate,2deoxyguanosine5diphosphate,CHEBI:28862,dGDP,1,MTBLS14059,ols4_synonym
2-Deoxyribose 1-Phosphate,2deoxyribose1phosphate,CHEBI:19564,2-deoxyribose 1-phosphate,1,MTBLS9662,ols4_label
2-despiperidyl-2-(5-carboxypentylamine)repaglinide,2despiperidyl25carboxypentylaminerepaglinide,CHEBI:190966,2-despiperidyl-2-(5-carboxypentylamine)repaglinide,1,MTBLS13513,ols4_label
"(2e,4e)-hexa-2,4-dienoic acid",2e4ehexa24dienoicacid,CHEBI:38358,"(2E,4E)-hexa-2,4-dienoic acid",1,MTBLS13513,ols4_label
2E-tetradecenoyl-CoA,2etetradecenoylcoa,CHEBI:27721,trans-tetradec-2-enoyl-CoA,1,MTBLS2774,metabolights_maf:MTBLS2774
2-Ethyl-5-carboxypentyl phthalate,2ethyl5carboxypentylphthalate,CHEBI:132611,mono(5-carboxy-2-ethylpentyl) phthalate,1,MTBLS13869,ols4_synonym
2-Ethylhexyl diphenyl phosphate,2ethylhexyldiphenylphosphate,CHEBI:188855,Octicizer,1,MTBLS9662,ols4_synonym
2-Ethylsuberic acid,2ethylsubericacid,CHEBI:68453,2-ethyloctanedioic acid,1,MTBLS13869,ols4_synonym
"2-Exo-hydroxy-1,8-cineole",2exohydroxy18cineole,CHEBI:16271,"2-exo-hydroxy-1,8-cineole",1,MTBLS14059,ols4_label
2-(Formylamino)Benzoic Acid,2formylaminobenzoicacid,CHEBI:36575,N-formylanthranilic acid,1,MTBLS9662,ols4_synonym
2'-fucosyllactose,2fucosyllactose,CHEBI:147155,2'-fucosyllactose,1,MTBLS13513,ols4_label
2-Furoate,2furoate,CHEBI:16739,2-furoate,1,MTBLS13869,ols4_label
2-Furoic acid,2furoicacid,CHEBI:30845,2-furoic acid,1,MTBLS13513,ols4_label
2''-galloylhyperin,2galloylhyperin,CHEBI:190973,2''-galloylhyperin,1,MTBLS13513,ols4_label
2-Heptanone,2heptanone,CHEBI:5672,heptan-2-one,1,ST000603,ols4_synonym
2-Hepteneoylglycine,2hepteneoylglycine,CHEBI:188431,2-Hepteneoylglycine,1,MTBLS13869,ols4_label
2-Hydroxy-2H-benzo[h]chromene-2-carboxylate,2hydroxy2hbenzohchromene2carboxylate,CHEBI:28953,2-hydroxy-2H-benzo[h]chromene-2-carboxylic acid,1,MTBLS9662,ols4_synonym
"2-hydroxy-2H-pyran-4,6-dicarboxylic acid",2hydroxy2hpyran46dicarboxylicacid,CHEBI:62011,4-carboxy-2-hydroxymuconate semialdehyde hemiacetal,1,MTBLS9662,ols4_synonym
2-Hydroxy-2-methylbutanenitrile,2hydroxy2methylbutanenitrile,CHEBI:60954,2-hydroxy-2-methylbutanenitrile,1,MTBLS9662,ols4_label
2-Hydroxy-2-methylbutyric acid,2hydroxy2methylbutyricacid,CHEBI:68454,2-hydroxy-2-methylbutyric acid,1,MTBLS14295,ols4_label
2-Hydroxy-2-methylpropanoate,2hydroxy2methylpropanoate,CHEBI:19641,2-hydroxyisobutyrate,1,MTBLS13869,ols4_synonym
2-hydroxy-3-methylvalerate,2hydroxy3methylvalerate,CHEBI:89228,"(2R,3R)-2-hydroxy-3-methylpentanoic acid",1,ST001412,ols4_synonym
2-Hydroxy-6-pentadecylbenzoic acid,2hydroxy6pentadecylbenzoicacid,CHEBI:2696,anacardic acid,1,MTBLS9662,ols4_synonym
2-Hydroxyacetamide,2hydroxyacetamide,CHEBI:30321,2-hydroxyacetamide,1,MTBLS13869,ols4_label
2-hydroxyacetanilide,2hydroxyacetanilide,CHEBI:143107,2-acetamidophenol,1,MTBLS13513,ols4_synonym
2'-Hydroxyacetophenone,2hydroxyacetophenone,CHEBI:145716,2-acetylphenol,1,MTBLS14295,ols4_synonym
2-hydroxyacrylic Acid,2hydroxyacrylicacid,CHEBI:86354,2-hydroxyacrylic acid,1,MTBLS13869,ols4_label
2-hydroxyatorvastatin lactone,2hydroxyatorvastatinlactone,CHEBI:180932,2-hydroxyatorvastatin lactone,1,MTBLS13513,ols4_label
2-Hydroxybenzaldehyde,2hydroxybenzaldehyde,CHEBI:16008,salicylaldehyde,1,MTBLS14059,ols4_synonym
2-Hydroxybenzalpyruvate,2hydroxybenzalpyruvate,CHEBI:59354,(3E)-4-(2-hydroxyphenyl)-2-oxobut-3-enoic acid,1,MTBLS9662,ols4_synonym
2-Hydroxybutanoic Acid,2hydroxybutanoicacid,CHEBI:1148,2-hydroxybutyric acid,1,MTBLS9662,ols4_synonym
2-Hydroxycampholonic acid,2hydroxycampholonicacid,CHEBI:230849,2-Hydroxycampholonic acid,1,MTBLS13869,ols4_label
2-Hydroxycinnamic acid,2hydroxycinnamicacid,CHEBI:18176,2-coumaric acid,1,MTBLS9662,ols4_synonym
2-hydroxydecanoate,2hydroxydecanoate,CHEBI:133174,2-hydroxydecanoate,1,ST001412,ols4_label
2-Hydroxydecanoic acid,2hydroxydecanoicacid,CHEBI:133172,2-hydroxydecanoic acid,1,MTBLS14295,ols4_label
2-Hydroxydocosanoic acid,2hydroxydocosanoicacid,CHEBI:76980,2-hydroxybehenic acid,1,MTBLS13869,ols4_synonym
2-Hydroxyethanesulfonate,2hydroxyethanesulfonate,CHEBI:1157,isethionic acid,1,MTBLS5667,metabolights_maf:MTBLS5667
2-Hydroxyethinylestradiol,2hydroxyethinylestradiol,CHEBI:166765,2-Hydroxyethinylestradiol,1,MTBLS2774,metabolights_maf:MTBLS2774
2-hydroxyglutarate,2hydroxyglutarate,CHEBI:132941,2-hydroxyglutarate,1,ST001412,ols4_label
2-Hydroxyglutaric acid,2hydroxyglutaricacid,CHEBI:17084,2-hydroxyglutaric acid,1,MTBLS14295,ols4_label
2-Hydroxyhexanoic acid,2hydroxyhexanoicacid,CHEBI:86542,2-hydroxyhexanoic acid,1,MTBLS14295,ols4_label
2-hydroxyibuprofen,2hydroxyibuprofen,CHEBI:133197,2-hydroxyibuprofen,1,ST001412,ols4_label
2-Hydroxyisocaproic acid,2hydroxyisocaproicacid,CHEBI:59783,2-hydroxy-4-methylvaleric acid,1,MTBLS2774,metabolights_maf:MTBLS2774
2-hydroxylaurate,2hydroxylaurate,CHEBI:141772,2-hydroxydodecanoate,1,ST001412,ols4_synonym
2-hydroxymyristate,2hydroxymyristate,CHEBI:84335,2-hydroxymyristate,1,ST001412,ols4_label
2-Hydroxymyristic acid,2hydroxymyristicacid,CHEBI:59270,2-hydroxymyristic acid,1,MTBLS5667,metabolights_maf:MTBLS5667
2-hydroxyoctanoate,2hydroxyoctanoate,CHEBI:133514,2-hydroxyoctanoate,1,ST001412,ols4_label
2-Hydroxyoctanoic acid,2hydroxyoctanoicacid,CHEBI:86543,2-hydroxyoctanoic acid,1,MTBLS14295,ols4_label
2-hydroxypalmitate,2hydroxypalmitate,CHEBI:65097,2-hydroxyhexadecanoate,1,ST001412,ols4_synonym
2-Hydroxypalmitic acid,2hydroxypalmiticacid,CHEBI:65101,2-hydroxyhexadecanoic acid,1,MTBLS14295,ols4_synonym
2-hydroxyphenylacetate,2hydroxyphenylacetate,CHEBI:62423,(2-hydroxyphenyl)acetate,1,ST001412,ols4_synonym
2-hydroxysebacate,2hydroxysebacate,CHEBI:89312,2-Hydroxydecanedioic acid,1,ST001412,ols4_synonym
2-hydroxystearate,2hydroxystearate,CHEBI:76724,2-hydroxyoctadecanoate,1,ST001412,ols4_synonym
2-Hydroxytricosanoic acid,2hydroxytricosanoicacid,CHEBI:84858,2-hydroxytricosanoic acid,1,MTBLS13869,ols4_label
2-Iminobutanoic acid,2iminobutanoicacid,CHEBI:76872,2-iminobutanoic acid,1,MTBLS9662,ols4_label
2-Indanone oxime,2indanoneoxime,CHEBI:34291,indan-2-one oxime,1,MTBLS9662,ols4_synonym
2-isopropylmalate,2isopropylmalate,CHEBI:132917,2-isopropylmalate,1,ST001412,ols4_label
2-Isopropylmalic acid,2isopropylmalicacid,CHEBI:28635,2-isopropylmalic acid,1,MTBLS13513,ols4_label
2-Isopropylphenyl methylcarbamate,2isopropylphenylmethylcarbamate,CHEBI:38505,isoprocarb,1,MTBLS5667,metabolights_maf:MTBLS5667
2-keto-d-gluconic acid,2ketodgluconicacid,CHEBI:27469,2-dehydro-D-gluconic acid,1,MTBLS13513,ols4_synonym
2-Keto-L-gulonic acid,2ketolgulonicacid,CHEBI:19543,2-dehydro-L-idonic acid,1,MTBLS2774,metabolights_maf:MTBLS2774
2-linoleoyllysophosphatidylcholine,2linoleoyllysophosphatidylcholine,CHEBI:76084,2-linoleoyl-sn-glycero-3-phosphocholine,1,MTBLS13869,ols4_synonym
2-Mercaptobenzothiazole,2mercaptobenzothiazole,CHEBI:34292,"1,3-benzothiazole-2-thiol",1,MTBLS9662,ols4_synonym
2-Methoxyhexadecanoic acid,2methoxyhexadecanoicacid,CHEBI:34295,2-methoxyhexadecanoic acid,1,MTBLS13869,ols4_label
2-methoxyresorcinol sulfate,2methoxyresorcinolsulfate,CHEBI:133548,2-methoxyresorcinol sulfate,1,ST001412,ols4_label
2-Methyl-1-Pyrroline,2methyl1pyrroline,CHEBI:78220,2-methyl-1-pyrrolinium,1,MTBLS9662,ols4_synonym
2-Methyl-3-ketovaleric acid,2methyl3ketovalericacid,CHEBI:86365,2-methyl-3-ketovaleric acid,1,MTBLS2774,metabolights_maf:MTBLS2774
2-Methyl-3-oxopropanoic acid,2methyl3oxopropanoicacid,CHEBI:16256,2-methyl-3-oxopropanoic acid,1,MTBLS13869,ols4_label
2-Methyl-4-oxopentanedioic acid,2methyl4oxopentanedioicacid,CHEBI:173689,2-Methyl-4-oxopentanedioic acid,1,MTBLS5667,metabolights_maf:MTBLS5667
2-Methyl-6-(2-propenyl)pyrazine,2methyl62propenylpyrazine,CHEBI:179430,2-Methyl-6-(2-propenyl)pyrazine,1,MTBLS5667,metabolights_maf:MTBLS5667
2-Methylbutyroylcarnitine,2methylbutyroylcarnitine,CHEBI:73026,2-methylbutyrylcarnitine,1,MTBLS5667,metabolights_maf:MTBLS5667
2-methylbutyrylglycine,2methylbutyrylglycine,CHEBI:86366,N-(2-methylbutanoyl)glycine,1,ST001412,ols4_synonym
2-methylbutyryl-l-carnitine,2methylbutyryllcarnitine,CHEBI:84840,(R)-2-methylbutyrylcarnitine,1,MTBLS13513,ols4_synonym
2-Methylcyclododecanone,2methylcyclododecanone,CHEBI:156176,2-Methylcyclododecanone,1,MTBLS14059,ols4_label
2-Methylhippuric acid,2methylhippuricacid,CHEBI:68455,o-methylhippuric acid,1,MTBLS13869,ols4_synonym
2-Methylindoline,2methylindoline,CHEBI:166548,2-Methylindoline,1,MTBLS2774,metabolights_maf:MTBLS2774
2-Methyllactic acid,2methyllacticacid,CHEBI:50129,2-hydroxyisobutyric acid,1,MTBLS9662,ols4_synonym
2-Methylphenol,2methylphenol,CHEBI:28054,o-cresol,1,MTBLS14295,ols4_synonym
2-Methylpyridine,2methylpyridine,CHEBI:50415,2-methylpyridine,1,MTBLS13869,ols4_label
2-Monoolein,2monoolein,CHEBI:73990,2-oleoylglycerol,1,MTBLS13869,ols4_synonym
(2-Naphthalenyloxy)acetic acid,2naphthalenyloxyaceticacid,CHEBI:50397,2-naphthyloxyacetic acid,1,MTBLS5667,metabolights_maf:MTBLS5667
2-Naphthol,2naphthol,CHEBI:10432,2-naphthol,1,MTBLS9662,ols4_label
2-naphthol sulfate,2naphtholsulfate,CHEBI:167215,2-naphthyl sulfate,1,ST001412,ols4_synonym
(2-Naphthyl)methanol,2naphthylmethanol,CHEBI:27615,(2-naphthyl)methanol,1,MTBLS9662,ols4_label
2-Nitrophenol,2nitrophenol,CHEBI:16260,2-nitrophenol,1,MTBLS14059,ols4_label
2-(n-morpholino)ethanesulfonic acid,2nmorpholinoethanesulfonicacid,CHEBI:39005,2-(N-morpholino)ethanesulfonic acid,1,MTBLS13513,ols4_label
"2-O-(5,8,11,14,17-Eicosapentaenoyl)-1-O-hexadecylglycero-3-phosphocholine",2o58111417eicosapentaenoyl1ohexadecylglycero3phosphocholine,CHEBI:229942,"2-O-(5,8,11,14,17-Eicosapentaenoyl)-1-O-hexadecylglycero-3-phosphocholine",1,MTBLS5667,metabolights_maf:MTBLS5667
2-O-(alpha-D-glucopyranosyl)-D-glyceric acid,2oalphadglucopyranosyldglycericacid,CHEBI:62509,2-O-(alpha-D-glucopyranosyl)-D-glyceric acid,1,MTBLS9662,ols4_label
2-O-alpha-mannosyl-D-glycerate,2oalphamannosyldglycerate,CHEBI:15847,2-(alpha-D-mannosyl)-D-glyceric acid,1,MTBLS9662,ols4_synonym
2-O-Caffeoylarbutin,2ocaffeoylarbutin,CHEBI:191509,2-O-Caffeoylarbutin,1,MTBLS14295,ols4_label
2-octadecanoyl-sn-glycero-3-phosphocholine,2octadecanoylsnglycero3phosphocholine,CHEBI:76076,2-stearoyl-sn-glycero-3-phosphocholine,1,MTBLS13869,ols4_synonym
2-Oleoyl-sn-glycero-3-phosphocholine,2oleoylsnglycero3phosphocholine,CHEBI:76071,2-oleoyl-sn-glycero-3-phosphocholine,1,MTBLS13869,ols4_label
2-oleoyl-sn-glycero-3-phosphoethanolamine,2oleoylsnglycero3phosphoethanolamine,CHEBI:76231,2-oleoyl-sn-glycero-3-phosphoethanolamine,1,MTBLS14295,ols4_label
2'-o-methyladenosine,2omethyladenosine,CHEBI:69426,cordysinin B,1,MTBLS13513,ols4_synonym
2-O-Methylcytosine,2omethylcytosine,CHEBI:70854,2-O-methylcytosine,1,MTBLS5667,metabolights_maf:MTBLS5667
2'-O-methylinosine,2omethylinosine,CHEBI:68467,2'-O-methylinosine,1,MTBLS13513,ols4_label
2-Oxindole-3-acetic acid,2oxindole3aceticacid,CHEBI:133221,2-oxindole-3-acetic acid,1,MTBLS14295,ols4_label
2-Oxo-4-methylthiobutanoic acid,2oxo4methylthiobutanoicacid,CHEBI:33574,4-methylthio-2-oxobutanoic acid,1,MTBLS2774,metabolights_maf:MTBLS2774
2-Oxoadipic acid,2oxoadipicacid,CHEBI:15753,2-oxoadipic acid,1,MTBLS14295,ols4_label
2-Oxodecanoic acid,2oxodecanoicacid,CHEBI:34301,2-oxodecanoic acid,1,MTBLS14295,ols4_label
2-Oxooctadecanoic acid,2oxooctadecanoicacid,CHEBI:30820,2-oxooctadecanoic acid,1,MTBLS14295,ols4_label
2-oxooctanoate,2oxooctanoate,CHEBI:176689,2-oxooctanoate,1,MTBLS14295,ols4_label
2-palmitoleoyl-glycerol,2palmitoleoylglycerol,CHEBI:87254,2-[(9Z)-hexadecenoyl]glycerol,1,MTBLS13869,ols4_synonym
2-Palmitoyl-sn-glycero-3-phosphocholine,2palmitoylsnglycero3phosphocholine,CHEBI:76078,2-palmitoyl-sn-glycero-3-phosphocholine,1,MTBLS9662,ols4_label
2-Pentanone,2pentanone,CHEBI:16472,pentan-2-one,1,ST000603,ols4_synonym
2-Phenylaminoadenosine,2phenylaminoadenosine,CHEBI:175603,2-Phenylaminoadenosine,1,MTBLS9662,ols4_label
2-Phenylethanol glucuronide,2phenylethanolglucuronide,CHEBI:167579,2-Phenylethanol glucuronide,1,MTBLS14295,ols4_label
2-Phenylethyl octanoate,2phenylethyloctanoate,CHEBI:171699,2-Phenylethyl octanoate,1,MTBLS14295,ols4_label
2-Phenyllactic acid,2phenyllacticacid,CHEBI:50392,atrolactic acid,1,MTBLS14295,ols4_synonym
2-phenylpiperidine-2-acetamide,2phenylpiperidine2acetamide,CHEBI:183994,2-phenylpiperidine-2-acetamide,1,MTBLS13513,ols4_label
2-Picolinic Acid,2picolinicacid,CHEBI:28747,picolinic acid,1,MTBLS9662,ols4_synonym
2-Propylglutaric acid,2propylglutaricacid,CHEBI:80644,2-Propylglutaric acid,1,MTBLS13869,ols4_label
2-Propylpiperidine,2propylpiperidine,CHEBI:229941,2-propylpiperidine,1,MTBLS5667,metabolights_maf:MTBLS5667
2-Pyrazinoylguanidine,2pyrazinoylguanidine,CHEBI:230245,2-Pyrazinoylguanidine,1,MTBLS13869,ols4_label
2-Pyrenol,2pyrenol,CHEBI:81619,2-Hydroxypyrene,1,MTBLS13869,ols4_synonym
2-Pyridylacetic acid,2pyridylaceticacid,CHEBI:138364,2-pyridinylacetic acid,1,MTBLS5667,metabolights_maf:MTBLS5667
2-(S-Glutathionyl)acetyl glutathione,2sglutathionylacetylglutathione,CHEBI:34254,2-(S-Glutathionyl)acetyl glutathione,1,MTBLS9662,ols4_label
"2-trans,4-cis-Decadienoylcarnitine",2trans4cisdecadienoylcarnitine,CHEBI:156419,"2-trans,4-cis-decadienoylcarnitine",1,MTBLS13869,ols4_label
2-Tridecenal,2tridecenal,CHEBI:184224,2-tridecenal,1,MTBLS14295,ols4_label
"3-(2,5-Dimethoxyphenyl)propionic acid",325dimethoxyphenylpropionicacid,CHEBI:166656,"3-(2,5-dimethoxyphenyl)propanoic acid",1,MTBLS14295,ols4_synonym
3-(2-Furanyl)-2-propenal,32furanyl2propenal,CHEBI:173468,3-(2-Furanyl)-2-propenal,1,MTBLS13869,ols4_label
3-(2-Hydroxyphenyl)propanoic acid,32hydroxyphenylpropanoicacid,CHEBI:16104,3-(2-hydroxyphenyl)propanoic acid,1,MTBLS9662,ols4_label
3-(2-Methoxyphenyl)propanoic acid,32methoxyphenylpropanoicacid,CHEBI:194956,3-(2-Methoxyphenyl)propanoic acid,1,MTBLS14295,ols4_label
3-(2'-Methylthio)ethylmalic acid,32methylthioethylmalicacid,CHEBI:80963,3-(2'-Methylthio)ethylmalic acid,1,MTBLS9662,ols4_label
"3,3',5,5'-Tetrachloro-4,4'-biphenyldiol",3355tetrachloro44biphenyldiol,CHEBI:35434,"3,3',5,5'-tetrachlorobiphenyl-4,4'-diol",1,MTBLS9662,ols4_synonym
3-(3-Hydroxyphenyl)propanoic acid,33hydroxyphenylpropanoicacid,CHEBI:1427,3-(3-hydroxyphenyl)propanoic acid,1,MTBLS13513,ols4_label
3-(3-Methoxyphenyl)propanoic acid,33methoxyphenylpropanoicacid,CHEBI:88439,3-Methoxybenzenepropanoic acid,1,MTBLS14295,ols4_synonym
"3,4,5,6-tetrahydroxyoxane-2-carboxylic acid",3456tetrahydroxyoxane2carboxylicacid,CHEBI:229940,"3,4,5,6-tetrahydroxyoxane-2-carboxylic acid",1,MTBLS5667,metabolights_maf:MTBLS5667
"3,4',5-Biphenyltriol",345biphenyltriol,CHEBI:173555,"3,4',5-Biphenyltriol",1,MTBLS13869,ols4_label
"3',4',5-Trihydroxy-3,7-dimethoxyflavone 5-glucoside",345trihydroxy37dimethoxyflavone5glucoside,CHEBI:191513,"3',4',5-Trihydroxy-3,7-dimethoxyflavone 5-glucoside",1,MTBLS14295,ols4_label
"3,4-Dichloroaniline",34dichloroaniline,CHEBI:16767,"3,4-dichloroaniline",1,MTBLS9662,ols4_label
"3,4-dihydro-2H-pyrrole-2-carboxylic acid",34dihydro2hpyrrole2carboxylicacid,CHEBI:1372,1-pyrroline-5-carboxylic acid,1,MTBLS13869,ols4_synonym
"3,4-Dihydroxy-5-methoxybenzoic acid",34dihydroxy5methoxybenzoicacid,CHEBI:28647,3-O-methylgallic acid,1,MTBLS9662,ols4_synonym
"3,4-dihydroxyacetophenone",34dihydroxyacetophenone,CHEBI:69446,"3,4-dihydroxyacetophenone",1,MTBLS13513,ols4_label
"3,4-dihydroxybenzaldehyde",34dihydroxybenzaldehyde,CHEBI:50205,"3,4-dihydroxybenzaldehyde",1,MTBLS13513,ols4_label
"3,4-dihydroxybenzoic acid",34dihydroxybenzoicacid,CHEBI:36062,"3,4-dihydroxybenzoic acid",1,MTBLS13513,ols4_label
"3,4-Dihydroxyhydrocinnamic acid",34dihydroxyhydrocinnamicacid,CHEBI:48400,"3-(3,4-dihydroxyphenyl)propanoic acid",1,MTBLS5667,metabolights_maf:MTBLS5667
"3,4-dihydroxymandelic acid",34dihydroxymandelicacid,CHEBI:27637,"3,4-dihydroxymandelic acid",1,MTBLS13513,ols4_label
"3,4-Dimethylbenzoic acid",34dimethylbenzoicacid,CHEBI:64818,"3,4-dimethylbenzoic acid",1,MTBLS9662,ols4_label
3-(4-hydroxyphenyl)lactate,34hydroxyphenyllactate,CHEBI:36659,3-(4-hydroxyphenyl)lactate,1,ST001412,ols4_label
"3,4-Methylenesebacic acid",34methylenesebacicacid,CHEBI:89935,"3,4-Methylenesebacic acid",1,MTBLS14295,ols4_label
"3,5-Dihydroxybenzoic acid",35dihydroxybenzoicacid,CHEBI:39912,"3,5-dihydroxybenzoic acid",1,MTBLS9662,ols4_label
"3,5-dihydroxydecanoic acid",35dihydroxydecanoicacid,CHEBI:188669,"3,5-dihydroxydecanoic acid",1,MTBLS13513,ols4_label
"3,5-Di-tert-butyl-2-hydroxybenzaldehyde",35ditertbutyl2hydroxybenzaldehyde,CHEBI:184002,"3,5-di-tert-butyl-2-hydroxybenzaldehyde",1,MTBLS14059,ols4_label
3-(5'-Methylthio)pentylmalic acid,35methylthiopentylmalicacid,CHEBI:80970,3-(5'-Methylthio)pentylmalic acid,1,MTBLS13869,ols4_label
"3, 5-Tetradecadiencarnitine",35tetradecadiencarnitine,CHEBI:89746,"3, 5-Tetradecadiencarnitine",1,MTBLS13869,ols4_label
"3,6,9,12,15,18,21,24,27,30-Decaoxadotriacontane-1,32-diol",36912151821242730decaoxadotriacontane132diol,CHEBI:46801,undecaethylene glycol,1,MTBLS13869,ols4_synonym
"3,6,9,12,15,18,21,24,27-Nonaoxanonacosane-1,29-diol",369121518212427nonaoxanonacosane129diol,CHEBI:46550,decaethylene glycol,1,MTBLS13869,ols4_synonym
"3,6,9,12-Tetraoxatetradecane-1,14-diol",36912tetraoxatetradecane114diol,CHEBI:39631,pentaethylene glycol,1,MTBLS13869,ols4_synonym
"3,7-Dihydroxy-12-oxocholanoic acid",37dihydroxy12oxocholanoicacid,CHEBI:16312,"3alpha,7alpha-dihydroxy-12-oxo-5beta-cholanic acid",1,MTBLS13869,ols4_synonym
"3,7-dimethylurate",37dimethylurate,CHEBI:68531,"3,7-dimethyluric acid",1,ST001412,ols4_synonym
"3',8-Dimethoxyapigenin 7-glucoside",38dimethoxyapigenin7glucoside,CHEBI:191716,"3',8-Dimethoxyapigenin 7-glucoside",1,MTBLS14295,ols4_label
"3a,4b,12a-Trihydroxy-5b-cholanoic acid",3a4b12atrihydroxy5bcholanoicacid,CHEBI:175276,"3a,4b,12a-Trihydroxy-5b-cholanoic acid",1,MTBLS14295,ols4_label
"3a,7a,12a,19-Tetrahydroxy-5b-cholanoic acid",3a7a12a19tetrahydroxy5bcholanoicacid,CHEBI:230917,"3a,7a,12a,19-Tetrahydroxy-5b-cholanoic acid",1,MTBLS13869,ols4_label
"3-Acetyl-2,7-naphthyridine",3acetyl27naphthyridine,CHEBI:172424,"3-Acetyl-2,7-naphthyridine",1,MTBLS5667,metabolights_maf:MTBLS5667
"3-alpha,20-alpha-dihydroxy-5-beta-pregnane 3-glucuronide",3alpha20alphadihydroxy5betapregnane3glucuronide,CHEBI:168999,"3-alpha,20-alpha-dihydroxy-5-beta-pregnane 3-glucuronide",1,MTBLS13869,ols4_label
"3alpha,21-Dihydroxy-5beta-pregnane-11,20-dione",3alpha21dihydroxy5betapregnane1120dione,CHEBI:1690,"3alpha,21-Dihydroxy-5beta-pregnane-11,20-dione",1,MTBLS2774,ols4_label
"3alpha,7alpha,12alpha-trihydroxy-5alpha-cholan-24-yl sulfate",3alpha7alpha12alphatrihydroxy5alphacholan24ylsulfate,CHEBI:50109,"3alpha,7alpha,12alpha-trihydroxy-5alpha-cholan-24-yl sulfate",1,MTBLS2774,metabolights_maf:MTBLS2774
"3alpha,7alpha-Dihydroxy-12-oxo-5beta-cholanate",3alpha7alphadihydroxy12oxo5betacholanate,CHEBI:11901,"3alpha,7alpha-dihydroxy-12-oxo-5beta-cholanate",1,MTBLS14295,ols4_label
"3alpha-Hydroxy-3,5-dihydromonacolin L",3alphahydroxy35dihydromonacolinl,CHEBI:199055,"3alpha-Hydroxy-3,5-dihydromonacolin L",1,MTBLS13869,ols4_label
"3alpha-Hydroxy-3,5-dihydromonacolin L acid",3alphahydroxy35dihydromonacolinlacid,CHEBI:82972,"3alpha-hydroxy-3,5-dihydromonacolin L acid",1,MTBLS14295,ols4_label
3alpha-Hydroxyoreadone,3alphahydroxyoreadone,CHEBI:166554,3alpha-Hydroxyoreadone,1,MTBLS13869,ols4_label
3-Amino-3-(4-hydroxyphenyl)propanoic acid,3amino34hydroxyphenylpropanoicacid,CHEBI:16939,3-amino-3-(4-hydroxyphenyl)propanoic acid,1,MTBLS14295,ols4_label
3-aminobutanoic acid,3aminobutanoicacid,CHEBI:37081,3-aminobutanoic acid,1,MTBLS13513,ols4_label
3-aminoisobutyrate,3aminoisobutyrate,CHEBI:49096,3-aminoisobutyrate,1,ST001412,ols4_label
3-aminopentanoic acid,3aminopentanoicacid,CHEBI:180619,3-Aminopentanoic acid,1,MTBLS13513,ols4_label
3-Aminopicolinaldehyde,3aminopicolinaldehyde,CHEBI:231207,3-aminopicolinaldehyde,1,MTBLS13869,ols4_label
3-Aminopropionitrile,3aminopropionitrile,CHEBI:27413,beta-aminopropionitrile,1,MTBLS9662,ols4_synonym
3-Aminoquinoline,3aminoquinoline,CHEBI:166512,3-Aminoquinoline,1,MTBLS9662,ols4_label
"3b,16a-Dihydroxyandrostenone sulfate",3b16adihydroxyandrostenonesulfate,CHEBI:168611,"3b,16a-Dihydroxyandrostenone sulfate",1,MTBLS2774,metabolights_maf:MTBLS2774
"3b,4b,7a,12a-Tetrahydroxy-5b-cholanoic acid",3b4b7a12atetrahydroxy5bcholanoicacid,CHEBI:230856,"3b,4b,7a,12a-Tetrahydroxy-5b-cholanoic acid",1,MTBLS13869,ols4_label
"(3beta,5alpha,7alpha)-14-Methylcholesta-9(11),24-diene-3,7-diol",3beta5alpha7alpha14methylcholesta91124diene37diol,CHEBI:175330,"(3beta,5alpha,7alpha)-14-Methylcholesta-9(11),24-diene-3,7-diol",1,MTBLS5667,metabolights_maf:MTBLS5667
"3beta,7alpha-dihydroxy-5-cholestenoate",3beta7alphadihydroxy5cholestenoate,CHEBI:81015,"3beta,7alpha-Dihydroxy-5-cholestenoate",1,ST001412,ols4_label
3-Chloroaniline,3chloroaniline,CHEBI:229245,3-Chloroaniline,1,MTBLS9662,ols4_label
3-Chlorobenzamide,3chlorobenzamide,CHEBI:10587,m-Chlorobenzamide,1,MTBLS9662,ols4_synonym
3-Chloro-L-Tyrosine,3chloroltyrosine,CHEBI:53678,3-chloro-L-tyrosine,1,ST003954,ols4_label
3-Cresol,3cresol,CHEBI:17231,m-cresol,1,MTBLS14295,ols4_synonym
3-deacetylsalannin,3deacetylsalannin,CHEBI:67311,3-deacetylsalannin,1,MTBLS13513,ols4_label
3-Decenoic acid,3decenoicacid,CHEBI:61200,3-decenoic acid,1,MTBLS14295,ols4_label
3-dehydrocarnitine,3dehydrocarnitine,CHEBI:57885,3-dehydrocarnitine,1,MTBLS13513,ols4_label
3-dehydroquinic acid,3dehydroquinicacid,CHEBI:17947,3-dehydroquinic acid,1,MTBLS13513,ols4_label
3-Dehydroshikimate,3dehydroshikimate,CHEBI:16630,3-dehydroshikimate,1,MTBLS9662,ols4_label
3-Dehydroxycarnitine,3dehydroxycarnitine,CHEBI:16244,4-(trimethylammonio)butanoate,1,MTBLS5667,metabolights_maf:MTBLS5667
3-demethylubiquinol-6,3demethylubiquinol6,CHEBI:64253,3-demethylubiquinol-6,1,MTBLS13869,ols4_label
3-formylindole,3formylindole,CHEBI:28238,indole-3-carbaldehyde,1,ST001412,ols4_synonym
3-Furoic acid,3furoicacid,CHEBI:30846,3-furoic acid,1,MTBLS5667,metabolights_maf:MTBLS5667
3'-Galactosyllactose,3galactosyllactose,CHEBI:60946,alpha-D-Gal-(1->3)-beta-D-Gal-(1->4)-D-Glc,1,MTBLS14059,ols4_synonym
3-hexenedioic acid,3hexenedioicacid,CHEBI:87166,3-hexenedioic acid,1,MTBLS2774,metabolights_maf:MTBLS2774
3-hydroxy-2-ethylpropionate,3hydroxy2ethylpropionate,CHEBI:82955,2-ethylhydracrylate,1,ST001412,ols4_synonym
3-hydroxy-3-methylglutarate,3hydroxy3methylglutarate,CHEBI:17325,3-hydroxy-3-methylglutarate(2-),1,ST001412,ols4_synonym
3-Hydroxy-5Z-octenyl acetate,3hydroxy5zoctenylacetate,CHEBI:171977,3-Hydroxy-5Z-octenyl acetate,1,MTBLS13869,ols4_label
3-Hydroxyanthranilic acid,3hydroxyanthranilicacid,CHEBI:15793,3-hydroxyanthranilic acid,1,MTBLS5667,metabolights_maf:MTBLS5667
3-hydroxybenzaldehyde,3hydroxybenzaldehyde,CHEBI:16207,3-hydroxybenzaldehyde,1,MTBLS14295,ols4_label
3-Hydroxy-beta-ionone,3hydroxybetaionone,CHEBI:177961,3-Hydroxy-beta-ionone,1,MTBLS13869,ols4_label
3-Hydroxybutanoic acid,3hydroxybutanoicacid,CHEBI:20067,3-hydroxybutyric acid,1,MTBLS9662,ols4_synonym
3-Hydroxy-cis-5-tetradecenoylcarnitine,3hydroxycis5tetradecenoylcarnitine,CHEBI:89748,3-Hydroxy-cis-5-tetradecenoylcarnitine,1,MTBLS13869,ols4_label
3-hydroxydecanoate,3hydroxydecanoate,CHEBI:132979,3-hydroxydecanoate,1,ST001412,ols4_label
3-Hydroxyhexadecadienoylcarnitine,3hydroxyhexadecadienoylcarnitine,CHEBI:171691,3-Hydroxyhexadecadienoylcarnitine,1,MTBLS13869,ols4_label
3-Hydroxyhexadecanoic acid,3hydroxyhexadecanoicacid,CHEBI:37248,3-hydroxypalmitic acid,1,MTBLS13869,ols4_synonym
3-hydroxyhexanoate,3hydroxyhexanoate,CHEBI:20070,3-hydroxyhexanoate,1,ST001412,ols4_label
3-Hydroxyhexanoic acid,3hydroxyhexanoicacid,CHEBI:37035,3-hydroxyhexanoic acid,1,MTBLS14295,ols4_label
3-hydroxyhippurate,3hydroxyhippurate,CHEBI:133607,m-hydroxyhippurate,1,ST001412,ols4_synonym
3-hydroxyisobutyrate,3hydroxyisobutyrate,CHEBI:11805,3-hydroxyisobutyrate,1,ST001412,ols4_label
3-Hydroxyisobutyric acid,3hydroxyisobutyricacid,CHEBI:18064,3-hydroxyisobutyric acid,1,MTBLS14295,ols4_label
3-Hydroxyisoheptanoic acid,3hydroxyisoheptanoicacid,CHEBI:165406,3-Hydroxyisoheptanoic acid,1,MTBLS2774,metabolights_maf:MTBLS2774
3-Hydroxyisovaleric acid,3hydroxyisovalericacid,CHEBI:37084,3-hydroxyisovaleric acid,1,MTBLS14295,ols4_label
3-Hydroxyisovalerylcarnitine,3hydroxyisovalerylcarnitine,CHEBI:73027,3-hydroxyisovalerylcarnitine,1,MTBLS5667,metabolights_maf:MTBLS5667
3-hydroxykynurenine,3hydroxykynurenine,CHEBI:1547,3-hydroxykynurenine,1,MTBLS13513,ols4_label
3-hydroxylaurate,3hydroxylaurate,CHEBI:76616,3-hydroxylaurate,1,ST001412,ols4_label
3-Hydroxylauric acid,3hydroxylauricacid,CHEBI:36206,3-hydroxylauric acid,1,MTBLS14295,ols4_label
3-Hydroxylinoleoylcarnitine,3hydroxylinoleoylcarnitine,CHEBI:73075,3-hydroxylinoleoylcarnitine,1,MTBLS14295,ols4_label
3-Hydroxy-L-phenylalanine,3hydroxylphenylalanine,CHEBI:44303,L-m-tyrosine,1,MTBLS9662,ols4_synonym
3-Hydroxymonoethylglycinexylidide,3hydroxymonoethylglycinexylidide,CHEBI:80575,3-Hydroxymonoethylglycinexylidide,1,MTBLS13869,ols4_label
3-hydroxymyristate,3hydroxymyristate,CHEBI:84197,3-hydroxytetradecanoate,1,ST001412,ols4_synonym
3-hydroxy-N-(2-oxooxolan-3-yl)tetradecanamide,3hydroxyn2oxooxolan3yltetradecanamide,CHEBI:182841,3-Hydroxy-N-(2-oxooxolan-3-yl)tetradecanamide,1,MTBLS13869,ols4_label
3-Hydroxyoctadecanoic Acid,3hydroxyoctadecanoicacid,CHEBI:50578,3-hydroxyoctadecanoic acid,1,MTBLS13869,ols4_label
3-hydroxyoleate*,3hydroxyoleate,CHEBI:233871,3-hydroxyoleate*,1,ST001412,ols4_label
3-hydroxyoleoylcarnitine,3hydroxyoleoylcarnitine,CHEBI:73076,(9Z)-3-hydroxyoctadecenoylcarnitine,1,ST001412,ols4_synonym
3-Hydroxyoleylcarnitine,3hydroxyoleylcarnitine,CHEBI:231314,3-Hydroxyoleylcarnitine,1,MTBLS14059,ols4_label
3-hydroxy-pentadecanoic acid,3hydroxypentadecanoicacid,CHEBI:176993,3-hydroxy-pentadecanoic acid,1,MTBLS2774,metabolights_maf:MTBLS2774
3-hydroxypentanoate,3hydroxypentanoate,CHEBI:760586,3-hydroxypentanoate(1-),1,MTBLS14295,ols4_synonym
3-Hydroxyphenylurea,3hydroxyphenylurea,CHEBI:229247,3-Hydroxyphenylurea,1,MTBLS9662,ols4_label
3-hydroxypyridine sulfate,3hydroxypyridinesulfate,CHEBI:133559,3-hydroxypyridine sulfate,1,ST001412,ols4_label
3-Hydroxysebacic acid,3hydroxysebacicacid,CHEBI:89182,3-hydroxysebacic acid,1,MTBLS14295,ols4_label
3-hydroxystanozolol glucuronide,3hydroxystanozololglucuronide,CHEBI:183884,3-hydroxystanozolol glucuronide,1,MTBLS13513,ols4_label
3-hydroxystearate,3hydroxystearate,CHEBI:76614,3-hydroxyoctadecanoate,1,ST001412,ols4_synonym
3-HYDROXYSUBERIC ACID,3hydroxysubericacid,CHEBI:70766,3-hydroxysuberic acid,1,MTBLS13869,ols4_label
3-hydroxyundecanoic acid,3hydroxyundecanoicacid,CHEBI:172064,3-hydroxyundecanoic acid,1,MTBLS13869,ols4_label
3-Hydroxyvalproic acid,3hydroxyvalproicacid,CHEBI:80637,3-Hydroxyvalproic acid,1,MTBLS14059,ols4_label
3-(imidazol-4-yl)propionic acid,3imidazol4ylpropionicacid,CHEBI:73087,dihydrourocanic acid,1,MTBLS9662,ols4_synonym
3-Indoleacetonitrile,3indoleacetonitrile,CHEBI:17566,indole-3-acetonitrile,1,MTBLS5667,metabolights_maf:MTBLS5667
3-Indolebutyric Acid,3indolebutyricacid,CHEBI:33070,indole-3-butyric acid,1,MTBLS9662,ols4_synonym
3-Indole carboxylic acid glucuronide,3indolecarboxylicacidglucuronide,CHEBI:68486,3-indole carboxylic acid glucuronide,1,MTBLS13869,ols4_label
3-Indoleglyoxylic acid,3indoleglyoxylicacid,CHEBI:233874,3-indoleglyoxylic acid,1,MTBLS13869,ols4_label
3-Indolehydracrylic acid,3indolehydracrylicacid,CHEBI:89877,3-Indolehydracrylic acid,1,MTBLS14295,ols4_label
3-indoxyl sulfate,3indoxylsulfate,CHEBI:43355,indoxyl sulfate,1,ST001412,ols4_synonym
3-Iodo-L-Tyrosine,3iodoltyrosine,CHEBI:27847,3-iodo-L-tyrosine,1,ST003954,ols4_label
3-Iodopropanoic acid,3iodopropanoicacid,CHEBI:177020,3-Iodopropanoic acid,1,MTBLS2774,metabolights_maf:MTBLS2774
3-Isochromanone,3isochromanone,CHEBI:28170,3-Isochromanone,1,MTBLS13869,ols4_label
3-Isopropenyl-6-oxoheptanoate,3isopropenyl6oxoheptanoate,CHEBI:64234,3-isopropenyl-6-oxoheptanoate,1,MTBLS14295,ols4_label
3-Ketolactose,3ketolactose,CHEBI:27571,3'-ketolactose,1,MTBLS9662,ols4_synonym
3-Ketosphingosine,3ketosphingosine,CHEBI:20096,3-dehydrosphingosine,1,MTBLS13869,ols4_synonym
3-Mercaptopyruvic acid,3mercaptopyruvicacid,CHEBI:16208,3-mercaptopyruvic acid,1,MTBLS9662,ols4_label
"3-Methoxy-16-octylestra-1,3,5(10)-triene-16beta,17beta-diol",3methoxy16octylestra13510triene16beta17betadiol,CHEBI:79517,"3-Methoxy-16-octylestra-1,3,5(10)-triene-16beta,17beta-diol",1,MTBLS13869,ols4_label
3-Methoxy-4-hydroxyphenylethyleneglycol sulfate,3methoxy4hydroxyphenylethyleneglycolsulfate,CHEBI:137054,3-methoxy-4-hydroxyphenylethyleneglycol sulfate,1,MTBLS5667,metabolights_maf:MTBLS5667
3-methoxy-4-hydroxyphenylglycol sulfate,3methoxy4hydroxyphenylglycolsulfate,CHEBI:89644,3-Methoxy-4-Hydroxyphenylglycol sulfate,1,MTBLS13513,ols4_label
3-methoxybenzoic acid,3methoxybenzoicacid,CHEBI:88458,3-methoxybenzoic acid,1,MTBLS13513,ols4_label
3-methoxylimaprost,3methoxylimaprost,CHEBI:183885,3-methoxylimaprost,1,MTBLS13513,ols4_label
3-Methoxytyramine,3methoxytyramine,CHEBI:1582,3-methoxytyramine,1,MTBLS9662,ols4_label
3-Methoxytyramine-betaxanthin,3methoxytyraminebetaxanthin,CHEBI:81319,3-Methoxytyramine-betaxanthin,1,MTBLS13869,ols4_label
3-methoxytyramine sulfate,3methoxytyraminesulfate,CHEBI:133708,3-methoxytyramine sulfate,1,ST001412,ols4_label
3-methoxytyrosine,3methoxytyrosine,CHEBI:172453,3-Methoxytyrosine,1,ST001412,ols4_label
3-methyl-2-oxobutyrate,3methyl2oxobutyrate,CHEBI:11851,3-methyl-2-oxobutanoate,1,ST001412,ols4_synonym
3-methyl-2-oxovalerate,3methyl2oxovalerate,CHEBI:28654,3-methyl-2-oxovalerate,1,ST001412,ols4_label
3-methyladipate,3methyladipate,CHEBI:132959,3-methyladipate,1,ST001412,ols4_label
3-Methyladipic acid,3methyladipicacid,CHEBI:68503,3-methyladipic acid,1,MTBLS14295,ols4_label
3-Methylbutyl 2-furanbutanoate,3methylbutyl2furanbutanoate,CHEBI:174159,3-Methylbutyl 2-furanbutanoate,1,MTBLS14295,ols4_label
3-Methylbutyl 3-oxobutanoate,3methylbutyl3oxobutanoate,CHEBI:171946,3-Methylbutyl 3-oxobutanoate,1,MTBLS14295,ols4_label
3-methylcholanthrene,3methylcholanthrene,CHEBI:34342,3-methylcholanthrene,1,MTBLS13869,ols4_label
3-Methylcytosine,3methylcytosine,CHEBI:39992,3-methylcytosine,1,MTBLS5667,metabolights_maf:MTBLS5667
3-Methylglutaric acid,3methylglutaricacid,CHEBI:68566,3-methylglutaric acid,1,MTBLS14295,ols4_label
3-Methylguanine,3methylguanine,CHEBI:1604,3-methylguanine,1,MTBLS5667,metabolights_maf:MTBLS5667
3-methylhistamine,3methylhistamine,CHEBI:29009,N(tele)-methylhistamine,1,MTBLS13513,ols4_synonym
3-methyl-l-histidine,3methyllhistidine,CHEBI:27596,N(pros)-methyl-L-histidine,1,MTBLS13513,ols4_synonym
3-methylphenylacetic acid,3methylphenylaceticacid,CHEBI:88356,3-methylphenylacetic acid,1,MTBLS13513,ols4_label
3-nitrobenzyl alcohol,3nitrobenzylalcohol,CHEBI:191016,3-nitrobenzyl alcohol,1,MTBLS13513,ols4_label
3-(n-maleimidopropionyl)biocytin,3nmaleimidopropionylbiocytin,CHEBI:184004,3-(n-maleimidopropionyl)biocytin,1,MTBLS13513,ols4_label
3-o-methylgallic acid,3omethylgallicacid,CHEBI:28647,3-O-methylgallic acid,1,MTBLS13513,ols4_label
3-Oxodecanoate,3oxodecanoate,CHEBI:75923,3-oxodecanoate,1,MTBLS14295,ols4_label
3-Oxohexadecanoic acid,3oxohexadecanoicacid,CHEBI:37251,3-oxopalmitic acid,1,MTBLS13869,ols4_synonym
3-Oxooctadecanoic acid,3oxooctadecanoicacid,CHEBI:50576,3-oxooctadecanoic acid,1,MTBLS13869,ols4_label
3-Oxotetradecanoic acid,3oxotetradecanoicacid,CHEBI:37270,3-oxotetradecanoic acid,1,MTBLS13869,ols4_label
3-Oxovalproic acid,3oxovalproicacid,CHEBI:80638,3-Oxovalproic acid,1,MTBLS14295,ols4_label
3-Palmitoyl-sn-glycerol,3palmitoylsnglycerol,CHEBI:64757,3-palmitoyl-sn-glycerol,1,MTBLS13869,ols4_label
3-Phenyllactic acid,3phenyllacticacid,CHEBI:25998,3-phenyllactic acid,1,MTBLS13869,ols4_label
3-Phenylpropanoic acid,3phenylpropanoicacid,CHEBI:28631,3-phenylpropionic acid,1,MTBLS14295,ols4_synonym
3-phosphoglycerate,3phosphoglycerate,CHEBI:132960,3-phosphoglycerate,1,ST001412,ols4_label
3-(pyrazol-1-yl)-L-alanine,3pyrazol1yllalanine,CHEBI:16357,3-(pyrazol-1-yl)-L-alanine,1,MTBLS9662,ols4_label
3-pyridinemethanol,3pyridinemethanol,CHEBI:45213,3-pyridinemethanol,1,MTBLS13513,ols4_label
"(3R),(6R)-6-hydroxy-de-O-methyllasiodiplodin|(3R,6S)-6-hydroxy-de-O-methyllasiodiplodin|F7855-2",3r6r6hydroxydeomethyllasiodiplodin3r6s6hydroxydeomethyllasiodiplodinf78552,CHEBI:197990,"(3R),(6R)-6-hydroxy-de-O-methyllasiodiplodin",1,MTBLS13869,ols4_label
"(3R, 6'Z)-3,4-Dihydro-8-hydroxy-3-(6-pentadecenyl)-1H-2-benzopyran-1-one",3r6z34dihydro8hydroxy36pentadecenyl1h2benzopyran1one,CHEBI:229944,"(3R, 6'Z)-3,4-Dihydro-8-hydroxy-3-(6-pentadecenyl)-1H-2-benzopyran-1-one",1,MTBLS5667,metabolights_maf:MTBLS5667
(3S)-3-Hydroxy-L-arginine,3s3hydroxylarginine,CHEBI:73972,(3S)-3-hydroxy-L-arginine,1,MTBLS9662,ols4_label
3'-sialyllactose,3sialyllactose,CHEBI:59226,N-acetyl-alpha-neuraminyl-(2->3)-beta-D-galactosyl-(1->4)-beta-D-glucose,1,MTBLS13513,ols4_synonym
3-Succinoylpyridine,3succinoylpyridine,CHEBI:66951,4-oxo-4-(pyridin-3-yl)butanoic acid,1,MTBLS14295,ols4_synonym
3-Sulfocatechol,3sulfocatechol,CHEBI:27802,"2,3-dihydroxybenzenesulfonic acid",1,MTBLS13869,ols4_synonym
3-Sulfodeoxycholic acid,3sulfodeoxycholicacid,CHEBI:88888,3-Sulfodeoxycholic acid,1,MTBLS13869,ols4_label
3-sulfo-L-alanine,3sulfolalanine,CHEBI:17285,L-cysteic acid,1,ST001412,ols4_synonym
(3S)-versiconol acetate,3sversiconolacetate,CHEBI:72681,(3S)-versiconol acetate,1,MTBLS9662,ols4_label
3-ureidopropionate,3ureidopropionate,CHEBI:18261,N-carbamoyl-beta-alanine,1,ST001412,ols4_synonym
3-ureidopropionic acid,3ureidopropionicacid,CHEBI:18261,N-carbamoyl-beta-alanine,1,MTBLS13513,ols4_synonym
"(3xi,6xi)-Cyclo(alanylvalyl)",3xi6xicycloalanylvalyl,CHEBI:186810,"(3xi,6xi)-Cyclo(alanylvalyl)",1,MTBLS5667,metabolights_maf:MTBLS5667
"4-(1,1,3,3-Tetramethylbutyl)-phenol",41133tetramethylbutylphenol,CHEBI:35096,p-tert-Amylphenol,1,MTBLS14059,ols4_synonym
"4-(2-Aminophenyl)-2,4-dioxobutanoic acid",42aminophenyl24dioxobutanoicacid,CHEBI:17442,"4-(2-aminophenyl)-2,4-dioxobutanoic acid",1,MTBLS13869,ols4_label
4-(3-Pyridyl)-3-butenoic acid,43pyridyl3butenoicacid,CHEBI:179048,4-(3-Pyridyl)-3-butenoic acid,1,MTBLS13869,ols4_label
"4,4'-Bipyridine",44bipyridine,CHEBI:30985,"4,4'-bipyridine",1,MTBLS13869,ols4_label
"4,4'-Dichlorobenzophenone",44dichlorobenzophenone,CHEBI:27519,"4,4'-Dichlorobenzophenone",1,MTBLS9662,ols4_label
"4,4'-Dihydroxybenzophenone",44dihydroxybenzophenone,CHEBI:34365,"4,4'-Dihydroxybenzophenone",1,MTBLS9662,ols4_label
"4,4'-Oxydianiline",44oxydianiline,CHEBI:34384,4-Aminophenyl ether,1,MTBLS13869,ols4_synonym
"4,5-Dimethyloxazole",45dimethyloxazole,CHEBI:192309,"4,5-Dimethyloxazole",1,MTBLS13869,ols4_label
"4,6-Dinitro-O-cresol",46dinitroocresol,CHEBI:39349,"4,6-dinitro-o-cresol",1,MTBLS9662,ols4_label
"4,7,10,13,16,19-Docosahexaynoic acid",4710131619docosahexaynoicacid,CHEBI:168458,"4,7,10,13,16,19-Docosahexaynoic acid",1,MTBLS2774,metabolights_maf:MTBLS2774
"4,7-dioxooctanoic acid",47dioxooctanoicacid,CHEBI:73742,"4,7-dioxooctanoic acid",1,MTBLS13869,ols4_label
"4,8,12,15-Octadecatetraenoic acid",481215octadecatetraenoicacid,CHEBI:171729,"4,8,12,15-Octadecatetraenoic acid",1,MTBLS13869,ols4_label
"4,8 dimethylnonanoyl carnitine",48dimethylnonanoylcarnitine,CHEBI:63874,"O-(4,8-dimethylnonanoyl)carnitine",1,MTBLS2774,metabolights_maf:MTBLS2774
4-acetamidobenzoate,4acetamidobenzoate,CHEBI:63815,4-acetamidobenzoate,1,ST001412,ols4_label
4-Acetamidobenzoic acid,4acetamidobenzoicacid,CHEBI:46171,4-acetamidobenzoic acid,1,MTBLS14295,ols4_label
4-acetamidobutanoate,4acetamidobutanoate,CHEBI:11951,4-acetamidobutanoate,1,ST001412,ols4_label
4-acetamidophenol,4acetamidophenol,CHEBI:46195,paracetamol,1,ST001412,ols4_synonym
4-acetaminophen sulfate,4acetaminophensulfate,CHEBI:32635,paracetamol sulfate,1,ST001412,ols4_synonym
4-acetoxyphenol,4acetoxyphenol,CHEBI:31128,4-hydroxyphenyl acetate,1,MTBLS9662,ols4_synonym
4-Acetylbutyric acid,4acetylbutyricacid,CHEBI:15888,5-oxohexanoic acid,1,MTBLS9662,ols4_synonym
4-acetylphenol sulfate,4acetylphenolsulfate,CHEBI:133226,4-acetylphenyl hydrogen sulfate,1,ST001412,ols4_synonym
4-allylcatechol sulfate,4allylcatecholsulfate,CHEBI:232805,4-allylcatechol sulfate,1,ST001412,ols4_label
4-Allylphenol,4allylphenol,CHEBI:50158,chavicol,1,MTBLS9662,ols4_synonym
4-allylphenol sulfate,4allylphenolsulfate,CHEBI:133097,chavicol sulfate,1,ST001412,ols4_synonym
"4alpha,5alpha-Epoxy-11-eudesmen-3a-ol",4alpha5alphaepoxy11eudesmen3aol,CHEBI:171716,"4alpha,5alpha-Epoxy-11-eudesmen-3a-ol",1,MTBLS9662,ols4_label
4-Amino-1-piperidinecarboxylic acid,4amino1piperidinecarboxylicacid,CHEBI:44262,4-aminopiperidine-1-carboxylic acid,1,MTBLS2774,metabolights_maf:MTBLS2774
4-aminobenzoate,4aminobenzoate,CHEBI:17836,4-aminobenzoate,1,MTBLS13513,ols4_label
4-Aminobiphenyl,4aminobiphenyl,CHEBI:1784,biphenyl-4-amine,1,MTBLS14059,ols4_synonym
"4beta,7alpha-dihydroxycholesterol",4beta7alphadihydroxycholesterol,CHEBI:85779,"4beta,7alpha-dihydroxycholesterol",1,MTBLS13869,ols4_label
4-(Butylamino)benzoic acid,4butylaminobenzoicacid,CHEBI:521021,4-(butylamino)benzoic acid,1,MTBLS13869,ols4_label
4-Butyl-gamma-butyrolactone,4butylgammabutyrolactone,CHEBI:87416,4-butyl-gamma-butyrolactone,1,MTBLS14295,ols4_label
4-Chlorochalcone,4chlorochalcone,CHEBI:34398,4-chlorochalcone,1,MTBLS9662,ols4_label
4-Chloro-L-phenylalanine,4chlorolphenylalanine,CHEBI:47069,4-chloro-L-phenylalanine,1,MTBLS9662,ols4_label
4-Cresol sulfate,4cresolsulfate,CHEBI:82914,p-cresol sulfate,1,MTBLS14295,ols4_synonym
4-Deoxyerythronic acid,4deoxyerythronicacid,CHEBI:173466,4-Deoxyerythronic acid,1,MTBLS13869,ols4_label
4-Dodecylbenzenesulfonic Acid,4dodecylbenzenesulfonicacid,CHEBI:149776,4-dodecylbenzenesulfonic acid,1,MTBLS5667,metabolights_maf:MTBLS5667
4-Dodecylphenol,4dodecylphenol,CHEBI:34402,4-Dodecylphenol,1,MTBLS9662,ols4_label
4-Ethoxybenzaldehyde,4ethoxybenzaldehyde,CHEBI:167817,4-ethoxybenzaldehyde,1,MTBLS13869,ols4_label
4-ethylcatechol sulfate,4ethylcatecholsulfate,CHEBI:232804,4-ethylcatechol sulfate,1,ST001412,ols4_label
4-Ethylphenol,4ethylphenol,CHEBI:49584,4-ethylphenol,1,MTBLS13869,ols4_label
4-Ethylphenol glucuronide,4ethylphenolglucuronide,CHEBI:233882,4-ethylphenol glucuronide,1,MTBLS14295,ols4_label
4-guanidinobutanoate,4guanidinobutanoate,CHEBI:86392,4-guanidinobutanoate,1,ST001412,ols4_label
4-Guanidinobutyric Acid,4guanidinobutyricacid,CHEBI:86564,4-guanidinobutyric acid,1,MTBLS9662,ols4_label
4-Heptanone,4heptanone,CHEBI:89484,4-heptanone,1,ST000603,ols4_label
4-Heptyloxyphenol,4heptyloxyphenol,CHEBI:34406,4-Heptyloxyphenol,1,MTBLS14295,ols4_label
4-Hydroxy-1H-indole-3-acetonitrile,4hydroxy1hindole3acetonitrile,CHEBI:173467,4-Hydroxy-1H-indole-3-acetonitrile,1,MTBLS5667,metabolights_maf:MTBLS5667
"4-Hydroxy-2,5,6-trichloroisophthalonitrile",4hydroxy256trichloroisophthalonitrile,CHEBI:133542,4-hydroxychlorothalonil,1,MTBLS13869,ols4_synonym
4-Hydroxy-2H-pyran-3-carboxaldehyde,4hydroxy2hpyran3carboxaldehyde,CHEBI:178340,4-Hydroxy-2H-pyran-3-carboxaldehyde,1,MTBLS13869,ols4_label
4-Hydroxy-3-methoxybenzaldehyde,4hydroxy3methoxybenzaldehyde,CHEBI:18346,vanillin,1,MTBLS9662,ols4_synonym
4-Hydroxy-3-methoxycinnamaldehyde,4hydroxy3methoxycinnamaldehyde,CHEBI:16547,coniferyl aldehyde,1,MTBLS9662,ols4_synonym
4-Hydroxy-3-methylbenzoic acid,4hydroxy3methylbenzoicacid,CHEBI:85239,4-hydroxy-3-methylbenzoic acid,1,MTBLS13869,ols4_label
"4-Hydroxy-5-(3',5'-dihydroxyphenyl)-valeric acid-O-glucuronide",4hydroxy535dihydroxyphenylvalericacidoglucuronide,CHEBI:88688,"4-Hydroxy-5-(3',5'-dihydroxyphenyl)-valeric acid-O-glucuronide",1,MTBLS14295,ols4_label
4-(Hydroxyamino)quinoline 1-oxide,4hydroxyaminoquinoline1oxide,CHEBI:28469,4-(hydroxyamino)quinoline N-oxide,1,MTBLS9662,ols4_synonym
4-hydroxyatorvastatin lactone,4hydroxyatorvastatinlactone,CHEBI:180934,4-hydroxyatorvastatin lactone,1,MTBLS13513,ols4_label
4-Hydroxybenzeneacetonitrile,4hydroxybenzeneacetonitrile,CHEBI:16667,(4-hydroxyphenyl)acetonitrile,1,MTBLS9662,ols4_synonym
4-Hydroxybenzenesulfonic acid,4hydroxybenzenesulfonicacid,CHEBI:32354,4-hydroxybenzenesulfonic acid,1,MTBLS2774,metabolights_maf:MTBLS2774
4-hydroxybenzoate,4hydroxybenzoate,CHEBI:17879,4-hydroxybenzoate,1,MTBLS13513,ols4_label
4-Hydroxybenzonitrile,4hydroxybenzonitrile,CHEBI:38622,4-cyanophenol,1,MTBLS13869,ols4_synonym
4-hydroxychlorothalonil,4hydroxychlorothalonil,CHEBI:133542,4-hydroxychlorothalonil,1,ST001412,ols4_label
4-hydroxycoumarin,4hydroxycoumarin,CHEBI:40070,4-hydroxycoumarin,1,ST001412,ols4_label
4-Hydroxyderricin,4hydroxyderricin,CHEBI:185630,4-Hydroxyderricin,1,MTBLS14295,ols4_label
4'-Hydroxyfenoprofen glucuronide,4hydroxyfenoprofenglucuronide,CHEBI:196622,4'-Hydroxyfenoprofen glucuronide,1,MTBLS14295,ols4_label
4-hydroxyhippurate,4hydroxyhippurate,CHEBI:133613,p-hydroxyhippurate,1,ST001412,ols4_synonym
4-Hydroxyhippuric acid,4hydroxyhippuricacid,CHEBI:71018,p-hydroxyhippuric acid,1,MTBLS13869,ols4_synonym
4-Hydroxyisovaleric acid,4hydroxyisovalericacid,CHEBI:90005,4-Hydroxyisovaleric acid,1,MTBLS14295,ols4_label
4-Hydroxy-L-Glutamic Acid,4hydroxylglutamicacid,CHEBI:32811,4-hydroxy-L-glutamic acid,1,MTBLS9662,ols4_label
4-hydroxy-l-isoleucine,4hydroxylisoleucine,CHEBI:180593,4-Hydroxy-L-isoleucine,1,MTBLS13513,ols4_label
4-hydroxypentanoate,4hydroxypentanoate,CHEBI:231928,4-hydroxypentanoate,1,MTBLS14295,ols4_label
4-Hydroxyphenanthrene,4hydroxyphenanthrene,CHEBI:20469,4-phenanthrol,1,MTBLS14059,ols4_synonym
4-hydroxyphenylacetate,4hydroxyphenylacetate,CHEBI:48999,4-hydroxyphenylacetate,1,ST001412,ols4_label
4-Hydroxyphenylacetic acid,4hydroxyphenylaceticacid,CHEBI:18101,4-hydroxyphenylacetic acid,1,MTBLS14295,ols4_label
4-Hydroxyphenylacetic acid sulfate,4hydroxyphenylaceticacidsulfate,CHEBI:149607,4-hydroxyphenylacetic acid sulfate,1,MTBLS14295,ols4_label
4-hydroxyphenylpyruvate,4hydroxyphenylpyruvate,CHEBI:36242,3-(4-hydroxyphenyl)pyruvate,1,ST001412,ols4_synonym
4-Hydroxystyrene,4hydroxystyrene,CHEBI:1883,4-hydroxystyrene,1,MTBLS13869,ols4_label
4-hydroxytamoxifen,4hydroxytamoxifen,CHEBI:231618,4-hydroxytamoxifen,1,MTBLS13513,ols4_label
4-Hydroxyvalsartan,4hydroxyvalsartan,CHEBI:165851,4-Hydroxyvalsartan,1,MTBLS14059,ols4_label
4-Keto-clonostachydiol,4ketoclonostachydiol,CHEBI:206648,4-keto-clonostachydiol,1,MTBLS13869,ols4_label
4-methoxyphenol sulfate,4methoxyphenolsulfate,CHEBI:192726,4-methoxyphenol sulfate,1,ST001412,ols4_label
4-methyl-1h-pyrazole,4methyl1hpyrazole,CHEBI:5141,fomepizole,1,MTBLS13513,ols4_synonym
4-methyl-2-oxopentanoate,4methyl2oxopentanoate,CHEBI:17865,4-methyl-2-oxopentanoate,1,ST001412,ols4_label
4-(Methylamino)butanoic acid,4methylaminobutanoicacid,CHEBI:37755,4-(methylamino)butyric acid,1,MTBLS14295,ols4_synonym
4-methylcatechol sulfate,4methylcatecholsulfate,CHEBI:232803,4-methylcatechol sulfate,1,ST001412,ols4_label
(+/-)-4-Methylene-2-pyrrolidinecarboxylic acid,4methylene2pyrrolidinecarboxylicacid,CHEBI:178117,4-Methyleneproline,1,MTBLS5667,metabolights_maf:MTBLS5667
4-methylnonanoylcarnitine,4methylnonanoylcarnitine,CHEBI:232887,4-methylnonanoylcarnitine,1,ST001412,ols4_label
4-Methylthiobutanaldoxime,4methylthiobutanaldoxime,CHEBI:50705,4-(methylsulfanyl)butanal oxime,1,MTBLS9662,ols4_synonym
4-Methylumbelliferyl glucuronide,4methylumbelliferylglucuronide,CHEBI:1904,4-methylumbelliferone beta-D-glucuronide,1,MTBLS9662,ols4_synonym
4-methylumbelliferyl sulfate,4methylumbelliferylsulfate,CHEBI:1905,4-methylumbelliferone sulfate,1,MTBLS13513,ols4_synonym
4-nitroaniline,4nitroaniline,CHEBI:17064,4-nitroaniline,1,MTBLS13513,ols4_label
4-Nitrophenol,4nitrophenol,CHEBI:16836,4-nitrophenol,1,MTBLS13869,ols4_label
4'-o-methylnorbelladine,4omethylnorbelladine,CHEBI:80667,4'-O-methylnorbelladine,1,MTBLS13513,ols4_label
4-Oxohexanoic acid,4oxohexanoicacid,CHEBI:180089,4-keto-n-caproic acid,1,MTBLS14295,ols4_synonym
4-Oxo-L-proline,4oxolproline,CHEBI:16821,4-oxo-L-proline,1,MTBLS13869,ols4_label
4-Oxoretinol,4oxoretinol,CHEBI:44597,all-trans-4-oxoretinol,1,MTBLS13869,ols4_synonym
4-Phenylbutanoic acid,4phenylbutanoicacid,CHEBI:41500,4-phenylbutyric acid,1,MTBLS14295,ols4_synonym
4-phenylbutyric acid,4phenylbutyricacid,CHEBI:41500,4-phenylbutyric acid,1,MTBLS13513,ols4_label
4-Phenylpyridine,4phenylpyridine,CHEBI:173662,4-Phenylpyridine,1,MTBLS14059,ols4_label
4-Pyridoxate,4pyridoxate,CHEBI:30959,4-pyridoxate,1,MTBLS13869,ols4_label
4-Pyridoxic acid/ Choline sulfate,4pyridoxicacidcholinesulfate,CHEBI:52859,choline hydrogen sulfate,1,MTBLS2774,metabolights_maf:MTBLS2774
4-tert-butylphenol,4tertbutylphenol,CHEBI:34444,4-tert-butylphenol,1,MTBLS13513,ols4_label
4-tert-Octylphenol,4tertoctylphenol,CHEBI:34445,4-tert-Octylphenol,1,MTBLS9662,ols4_label
4-thiouridine,4thiouridine,CHEBI:20480,4-thiouridine,1,MTBLS13513,ols4_label
4-toluenesulfonic acid,4toluenesulfonicacid,CHEBI:27849,toluene-4-sulfonic acid,1,MTBLS9662,ols4_synonym
4-Vinylcyclohexene,4vinylcyclohexene,CHEBI:82377,4-Vinylcyclohexene,1,MTBLS13869,ols4_label
4-vinylphenol sulfate,4vinylphenolsulfate,CHEBI:82931,4-vinylphenol sulfate,1,ST001412,ols4_label
"5,2'-o-dimethyluridine",52odimethyluridine,CHEBI:166841,"5,2'-O-dimethyluridine",1,MTBLS13513,ols4_label
"5-(3',4'-Dihydroxyphenyl)-gamma-valerolactone-4'-O-glucuronide",534dihydroxyphenylgammavalerolactone4oglucuronide,CHEBI:88695,"5-(3',4'-Dihydroxyphenyl)-gamma-valerolactone-4'-O-glucuronide",1,MTBLS14295,ols4_label
"5-(3',5'-Dihydroxyphenyl)-gamma-valerolactone 3-O-glucuronide",535dihydroxyphenylgammavalerolactone3oglucuronide,CHEBI:88659,"5-(3',5'-Dihydroxyphenyl)-gamma-valerolactone 3-O-glucuronide",1,MTBLS14295,ols4_label
5-(3'-Hydroxyphenyl)-gamma-valerolactone-3'-O-glucuronide,53hydroxyphenylgammavalerolactone3oglucuronide,CHEBI:88746,5-(3'-hydroxyphenyl)-gamma-valerolactone-3'-O-beta-D-glucuronide,1,MTBLS14295,ols4_synonym
"5,6,7,8-Tetrahydro-2-naphthoic acid",5678tetrahydro2naphthoicacid,CHEBI:34447,"5,6,7,8-tetrahydro-2-naphthoic acid",1,MTBLS9662,ols4_label
"5,6-dihydrothymine",56dihydrothymine,CHEBI:27468,"5,6-dihydrothymine",1,ST001412,ols4_label
"5,6-Dihydroxyindole",56dihydroxyindole,CHEBI:27404,"5,6-dihydroxyindole",1,MTBLS14059,ols4_label
"5,6-dihydroxyindole-2-carboxylic acid",56dihydroxyindole2carboxylicacid,CHEBI:2003,"5,6-dihydroxyindole-2-carboxylic acid",1,MTBLS13513,ols4_label
"5,6-Dihydroxyprostaglandin F1a",56dihydroxyprostaglandinf1a,CHEBI:139312,"5,6-Dihydroxyprostaglandin F1a",1,MTBLS13869,ols4_label
"5,6-Dimethylbenzimidazole",56dimethylbenzimidazole,CHEBI:15890,"5,6-dimethylbenzimidazole",1,MTBLS9662,ols4_label
"5,6-Epoxy-18R-HEPE",56epoxy18rhepe,CHEBI:81561,"5,6-Epoxy-18R-HEPE",1,MTBLS14295,ols4_label
"5,7,8-Trihydroxyflavanone 7-glucoside",578trihydroxyflavanone7glucoside,CHEBI:196621,"5,7,8-Trihydroxyflavanone 7-glucoside",1,MTBLS14295,ols4_label
"5,8,11-Eicosatrienoic acid",5811eicosatrienoicacid,CHEBI:165475,"5,8,11-eicosatrienoic acid",1,MTBLS14059,ols4_label
"5,9-hexacosadienoic acid",59hexacosadienoicacid,CHEBI:177019,"5,9-hexacosadienoic acid",1,MTBLS2774,metabolights_maf:MTBLS2774
"5a,6a-Epoxy-7E-megastigmene-3a,9e-diol 3-glucoside",5a6aepoxy7emegastigmene3a9ediol3glucoside,CHEBI:168493,"5a,6a-Epoxy-7E-megastigmene-3a,9e-diol 3-glucoside",1,MTBLS14295,ols4_label
"5a,6a-Epoxy-7E-megastigmene-3b,9e-diol 9-glucoside",5a6aepoxy7emegastigmene3b9ediol9glucoside,CHEBI:175108,"5a,6a-Epoxy-7E-megastigmene-3b,9e-diol 9-glucoside",1,MTBLS14295,ols4_label
"5a-Cholesta-8,24-dien-3-one",5acholesta824dien3one,CHEBI:172615,"5a-Cholesta-8,24-dien-3-one",1,MTBLS2774,metabolights_maf:MTBLS2774
"5alpha,8alpha-epidioxysterol",5alpha8alphaepidioxysterol,CHEBI:65853,"5alpha,8alpha-epidioxysterol",1,MTBLS13869,ols4_label
"5alpha-androstan-3alpha,17alpha-diol monosulfate",5alphaandrostan3alpha17alphadiolmonosulfate,CHEBI:233348,"5alpha-androstan-3alpha,17alpha-diol monosulfate",1,ST001412,ols4_label
"5alpha-androstan-3alpha,17beta-diol disulfate",5alphaandrostan3alpha17betadioldisulfate,CHEBI:133100,"5alpha-androstane-3alpha,17beta-diol disulfate anion",1,ST001412,ols4_synonym
"5alpha-androstan-3beta,17alpha-diol disulfate",5alphaandrostan3beta17alphadioldisulfate,CHEBI:133111,"5alpha-androstane-3beta,17alpha-diol disulfate anion",1,ST001412,ols4_synonym
"5alpha-androstan-3beta,17beta-diol disulfate",5alphaandrostan3beta17betadioldisulfate,CHEBI:133114,"5alpha-androstane-3beta,17beta-diol disulfate anion",1,ST001412,ols4_synonym
"5alpha-Androstane-11beta,17beta-diol",5alphaandrostane11beta17betadiol,CHEBI:79790,"5alpha-Androstane-11beta,17beta-diol",1,MTBLS14295,ols4_label
"5alpha-Androstane-3beta,17beta-diol diacetate",5alphaandrostane3beta17betadioldiacetate,CHEBI:79848,"5alpha-Androstane-3beta,17beta-diol diacetate",1,MTBLS2774,metabolights_maf:MTBLS2774
"5alpha-Cholane-3alpha,7alpha,12alpha,24-tetrol",5alphacholane3alpha7alpha12alpha24tetrol,CHEBI:50108,"5alpha-cholane-3alpha,7alpha,12alpha,24-tetrol",1,MTBLS2774,metabolights_maf:MTBLS2774
"5alpha-pregnan-3beta,20alpha-diol disulfate",5alphapregnan3beta20alphadioldisulfate,CHEBI:133118,"5alpha-pregnane-3beta,20alpha-diol disulfate anion",1,ST001412,ols4_synonym
5alpha-pregnan-diol disulfate,5alphapregnandioldisulfate,CHEBI:233435,5alpha-pregnan-diol disulfate,1,ST001412,ols4_label
5-Aminoimidazole ribonucleotide,5aminoimidazoleribonucleotide,CHEBI:138560,5-amino-1-(5-phospho-beta-D-ribosyl)imidazole,1,MTBLS5667,metabolights_maf:MTBLS5667
5-aminolevulinic acid,5aminolevulinicacid,CHEBI:17549,5-aminolevulinic acid,1,MTBLS13513,ols4_label
5-Aminopentanoic acid,5aminopentanoicacid,CHEBI:15887,5-aminopentanoic acid,1,MTBLS14295,ols4_label
5-aminosalicylic acid,5aminosalicylicacid,CHEBI:6775,mesalamine,1,MTBLS13513,ols4_synonym
5-aminovaleric acid betaine,5aminovalericacidbetaine,CHEBI:145234,5-aminovaleric acid betaine,1,MTBLS13513,ols4_label
5a-Tetrahydrocorticosterone,5atetrahydrocorticosterone,CHEBI:89328,5a-Tetrahydrocorticosterone,1,MTBLS5667,metabolights_maf:MTBLS5667
"5b-Cholestane-3a,7a,12a,25-tetrol",5bcholestane3a7a12a25tetrol,CHEBI:171992,"5b-Cholestane-3a,7a,12a,25-tetrol",1,MTBLS2774,metabolights_maf:MTBLS2774
5b-Cyprinol sulfate,5bcyprinolsulfate,CHEBI:177282,5b-Cyprinol sulfate,1,MTBLS13869,ols4_label
"5beta-Chola-3,8(14),11-trien-24-oic Acid",5betachola381411trien24oicacid,CHEBI:142528,"5beta-chola-3,8(14),11-trien-24-oic acid",1,MTBLS2774,metabolights_maf:MTBLS2774
5'-Carboxy-alpha-chromanol,5carboxyalphachromanol,CHEBI:172549,5'-Carboxy-alpha-chromanol,1,MTBLS13869,ols4_label
5'-Carboxy-gamma-chromanol,5carboxygammachromanol,CHEBI:138782,"(2R)-5-[(2R)-6-hydroxy-2,7,8-trimethyl-3,4-dihydro-2H-chromen-2-yl]-2-methylpentanoic acid",1,MTBLS14295,ols4_synonym
5-Carboxyvanillic Acid,5carboxyvanillicacid,CHEBI:81684,5-Carboxyvanillic acid,1,MTBLS9662,ols4_label
5-cis-8-cis-Tetradecadienoyl-CoA,5cis8cistetradecadienoylcoa,CHEBI:176978,,1,MTBLS2774,metabolights_maf:MTBLS2774
5-Dehydroavenasterol,5dehydroavenasterol,CHEBI:80097,5-Dehydroavenasterol,1,MTBLS2774,metabolights_maf:MTBLS2774
5'-Deoxy-5'-fluoroadenosine,5deoxy5fluoroadenosine,CHEBI:12060,5'-deoxy-5'-fluoroadenosine,1,MTBLS9662,ols4_label
5'-deoxyadenosine,5deoxyadenosine,CHEBI:17319,5'-deoxyadenosine,1,MTBLS13513,ols4_label
5-fluorouridine,5fluorouridine,CHEBI:40154,5-fluorouridine,1,MTBLS13513,ols4_label
"5-Formyl-5,6,7,8-tetrahydromethanopterin",5formyl5678tetrahydromethanopterin,CHEBI:17114,"N(5)-formyl-5,6,7,8-tetrahydromethanopterin",1,MTBLS2774,metabolights_maf:MTBLS2774
"5-Heneicosyl-1,3-benzenediol",5heneicosyl13benzenediol,CHEBI:166655,"5-Heneicosyl-1,3-benzenediol",1,MTBLS5667,metabolights_maf:MTBLS5667
5-HETE,5hete,CHEBI:60943,5-HETE,1,MTBLS5667,metabolights_maf:MTBLS5667
5-Hydroxyflavone,5hydroxyflavone,CHEBI:172638,5-Hydroxyflavone,1,MTBLS13869,ols4_label
5-hydroxyhexanoate,5hydroxyhexanoate,CHEBI:132985,5-hydroxyhexanoate,1,ST001412,ols4_label
5-Hydroxyhexanoic acid,5hydroxyhexanoicacid,CHEBI:131434,5-hydroxyhexanoic acid,1,MTBLS14295,ols4_label
5-Hydroxyindolepyruvate,5hydroxyindolepyruvate,CHEBI:195180,3-(5-hydroxyindol-3-yl)pyruvate,1,MTBLS9662,ols4_synonym
5-Hydroxyisourate,5hydroxyisourate,CHEBI:18072,5-hydroxyisouric acid,1,MTBLS9662,ols4_synonym
5-Hydroxy-L-tryptophan,5hydroxyltryptophan,CHEBI:17780,5-hydroxy-L-tryptophan,1,MTBLS5667,metabolights_maf:MTBLS5667
5-Hydroxymaltol,5hydroxymaltol,CHEBI:179105,5-Hydroxymaltol,1,MTBLS13869,ols4_label
5-Hydroxypentanoate,5hydroxypentanoate,CHEBI:16230,5-hydroxypentanoate,1,MTBLS14295,ols4_label
5-Hydroxysebacate,5hydroxysebacate,CHEBI:169023,5-Hydroxysebacate,1,MTBLS14295,ols4_label
5-Hydroxyvalproic acid,5hydroxyvalproicacid,CHEBI:80636,5-Hydroxyvalproic acid,1,MTBLS14295,ols4_label
"5-methyl-5,6-dihydrouracil",5methyl56dihydrouracil,CHEBI:27468,"5,6-dihydrothymine",1,MTBLS13513,ols4_synonym
5-Methylthioribulose 1-phosphate,5methylthioribulose1phosphate,CHEBI:28096,S-methyl-5-thio-D-ribulose 1-phosphate,1,MTBLS2774,metabolights_maf:MTBLS2774
5-octenoylglycine,5octenoylglycine,CHEBI:193814,5-octenoylglycine,1,MTBLS13869,ols4_label
5OH-HIP,5ohhip,CHEBI:84579,"3-[(3aS,4S,5R,7aS)-5-hydroxy-7a-methyl-1-oxo-octahydroinden-4-yl]propanoic acid",1,MTBLS13869,ols4_synonym
5-Oxoavermectin ''1b'' aglycone,5oxoavermectin1baglycone,CHEBI:185950,5-Oxoavermectin ''1b'' aglycone,1,MTBLS13869,ols4_label
5-Oxooctadecanoic acid,5oxooctadecanoicacid,CHEBI:172110,5-Oxooctadecanoic acid,1,MTBLS13869,ols4_label
5-oxoproline,5oxoproline,CHEBI:16010,5-oxoproline,1,ST001412,ols4_label
5-Oxoprolylvaline,5oxoprolylvaline,CHEBI:132991,pyroglutamylvaline,1,MTBLS13869,ols4_synonym
"5Z,8Z,11Z-Eicosatrienoic acid",5z8z11zeicosatrienoicacid,CHEBI:72865,"(5Z,8Z,11Z)-icosatrienoic acid",1,MTBLS14295,ols4_synonym
"5(Z),8(Z),11(Z)-Eicosatrienoic Acid methyl ester",5z8z11zeicosatrienoicacidmethylester,CHEBI:190340,"cis-5,8,11-Eicosatrienoic acid methyl ester",1,MTBLS9662,ols4_synonym
6-acetamido-2-oxohexanoic acid,6acetamido2oxohexanoicacid,CHEBI:28376,6-acetamido-2-oxohexanoic acid,1,MTBLS13869,ols4_label
6-acetamido-3-oxohexanoic acid,6acetamido3oxohexanoicacid,CHEBI:2165,6-acetamido-3-oxohexanoic acid,1,MTBLS13869,ols4_label
6-alpha-Testosterone Enanthate,6alphatestosteroneenanthate,CHEBI:9464,testosterone enanthate,1,MTBLS2774,metabolights_maf:MTBLS2774
(+)-6-aminopenicillanic acid,6aminopenicillanicacid,CHEBI:16705,6-aminopenicillanic acid,1,MTBLS13513,ols4_synonym
"6beta,7beta-Dihydroxykaurenoic acid",6beta7betadihydroxykaurenoicacid,CHEBI:29502,"6beta,7beta-Dihydroxykaurenoic acid",1,MTBLS14295,ols4_label
6-Butyltetrahydro-2H-pyran-2-one,6butyltetrahydro2hpyran2one,CHEBI:171747,6-Butyltetrahydro-2H-pyran-2-one,1,MTBLS13869,ols4_label
6-Deoxyfagomine,6deoxyfagomine,CHEBI:172323,6-Deoxyfagomine,1,MTBLS5667,metabolights_maf:MTBLS5667
6-Dimethylaminopurine,6dimethylaminopurine,CHEBI:60281,"N(6),N(6)-dimethyladenine",1,MTBLS9662,ols4_synonym
6-Hydroxy-1H-indole-3-acetamide,6hydroxy1hindole3acetamide,CHEBI:184259,6-Hydroxy-1H-indole-3-acetamide,1,MTBLS5667,metabolights_maf:MTBLS5667
6-hydroxyindole sulfate,6hydroxyindolesulfate,CHEBI:133568,6-hydroxyindole sulfate,1,ST001412,ols4_label
6-Methoxy-pyridine-3-carboxylic acid,6methoxypyridine3carboxylicacid,CHEBI:89900,6-Methoxy-pyridine-3-carboxylic acid,1,MTBLS13869,ols4_label
6-methyladenosine,6methyladenosine,CHEBI:21891,N(6)-methyladenosine,1,MTBLS13513,ols4_synonym
6-Methylcoumarin,6methylcoumarin,CHEBI:563586,6-methylcoumarin,1,MTBLS9662,ols4_label
6-Methylgingediol,6methylgingediol,CHEBI:229033,6-Methylgingediol,1,MTBLS14295,ols4_label
6-Methyl indole,6methylindole,CHEBI:229031,6-Methyl indole,1,MTBLS13869,ols4_label
6-Methylnicotinamide,6methylnicotinamide,CHEBI:88954,6-Methylnicotinamide,1,MTBLS9662,ols4_label
6-Methylthiopurine 5'-monophosphate ribonucleotide,6methylthiopurine5monophosphateribonucleotide,CHEBI:80609,6-Methylthiopurine 5'-monophosphate ribonucleotide,1,MTBLS9662,ols4_label
6-Octenal,6octenal,CHEBI:168664,6-octenal,1,MTBLS14295,ols4_label
6-O-methylguanine,6omethylguanine,CHEBI:20689,6-O-methylguanine,1,MTBLS9662,ols4_label
6-Oxotetradecanoic acid,6oxotetradecanoicacid,CHEBI:174253,6-Ketomyristic acid,1,MTBLS14295,ols4_synonym
6-Pentadecylsalicylic acid,6pentadecylsalicylicacid,CHEBI:2696,anacardic acid,1,MTBLS14295,ols4_synonym
6-Phenylundecane,6phenylundecane,CHEBI:77514,6-phenylundecane,1,MTBLS14059,ols4_label
6'-sialyllactose,6sialyllactose,CHEBI:153372,"5-acetamido-3,5-dideoxy-D-glycero-alpha-D-galacto-non-2-ulopyranonosyl-(2->6)-beta-D-galactopyranosyl-(1->4)-D-glucopyranose",1,MTBLS13513,ols4_synonym
6-trans-Leukotriene B4,6transleukotrieneb4,CHEBI:63981,6-trans-leukotriene B4,1,MTBLS13869,ols4_label
"6Z,9Z-octadecadienoic acid",6z9zoctadecadienoicacid,CHEBI:82749,"(6Z,9Z)-octadecadienoic acid",1,MTBLS13869,ols4_synonym
"7,18-Dihydroxykaurenolide",718dihydroxykaurenolide,CHEBI:190318,"7,18-Dihydroxykaurenolide",1,MTBLS14295,ols4_label
"7,8-Diaminononanoate",78diaminononanoate,CHEBI:2247,"7,8-diaminononanoic acid",1,MTBLS2774,metabolights_maf:MTBLS2774
"7,8-DiHDPE",78dihdpe,CHEBI:165252,"7,8-DiHDPE",1,MTBLS14295,ols4_label
"7',8'-Dihydro-8'-hydroxyreticulataxanthin",78dihydro8hydroxyreticulataxanthin,CHEBI:175796,"7',8'-Dihydro-8'-hydroxyreticulataxanthin",1,MTBLS13869,ols4_label
7-Aminonitrazepam,7aminonitrazepam,CHEBI:166534,7-Aminonitrazepam,1,MTBLS9662,ols4_label
7b-Hydroxy-3-oxo-5b-cholan-24-oate,7bhydroxy3oxo5bcholan24oate,CHEBI:179144,7b-Hydroxy-3-oxo-5b-cholan-24-oate,1,MTBLS2774,ols4_label
7C-aglycone,7caglycone,CHEBI:166699,7C-Aglycone,1,MTBLS13869,ols4_label
7'-Carboxy-alpha-chromanol,7carboxyalphachromanol,CHEBI:175455,7'-Carboxy-alpha-chromanol,1,MTBLS13869,ols4_label
7'-Carboxy-gamma-chromanol,7carboxygammachromanol,CHEBI:189982,7'-Carboxy-gamma-chromanol,1,MTBLS14295,ols4_label
7-Ethoxycoumarin,7ethoxycoumarin,CHEBI:28184,7-ethoxycoumarin,1,MTBLS13869,ols4_label
7-Hydroxy-3-oxocholanoic acid,7hydroxy3oxocholanoicacid,CHEBI:145760,7beta-hydroxy-3-oxo-5alpha-cholan-24-oic acid,1,MTBLS13869,ols4_synonym
7-Hydroxyindole sulfate,7hydroxyindolesulfate,CHEBI:233892,7-hydroxyindole sulfate,1,MTBLS13869,ols4_label
7-hydroxy-L-tryptophan,7hydroxyltryptophan,CHEBI:49348,7-hydroxy-L-tryptophan,1,MTBLS13869,ols4_label
7-Hydroxywarfarin,7hydroxywarfarin,CHEBI:180534,7-Hydroxywarfarin,1,MTBLS9662,ols4_label
7-Ketolithocholic acid,7ketolithocholicacid,CHEBI:82679,7-oxolithocholic acid,1,MTBLS14295,ols4_synonym
7-methylthioheptyl glucosinolate,7methylthioheptylglucosinolate,CHEBI:80988,7-Methylthioheptyl glucosinolate,1,MTBLS13513,ols4_label
7-Methyluric acid,7methyluricacid,CHEBI:80470,7-Methyluric acid,1,MTBLS13869,ols4_label
7-methylxanthine,7methylxanthine,CHEBI:48991,7-methylxanthine,1,ST001412,ols4_label
7-Oxo-11-dodecenoic acid,7oxo11dodecenoicacid,CHEBI:176968,7-Oxo-11-Dodecenoic acid,1,MTBLS2774,metabolights_maf:MTBLS2774
"8,11,14-Eicosatrienoylethanolamide",81114eicosatrienoylethanolamide,CHEBI:89608,Cervonoyl ethanolamide,1,MTBLS14295,ols4_synonym
"8,12-Octadecadienoic acid",812octadecadienoicacid,CHEBI:196558,"8,12-octadecadienoic acid",1,MTBLS13869,ols4_label
"8,5'-Cda",85cda,CHEBI:131825,"8,5'-cyclo-2'-deoxyadenosine",1,MTBLS13869,ols4_synonym
"8,9-DHET",89dhet,CHEBI:63970,"(5Z,11Z,14Z)-8,9-dihydroxyicosatrienoic acid",1,MTBLS2774,metabolights_maf:MTBLS2774
"8,9-epoxy-11-nor-7-driman-12-oic acid|nebularic acid B",89epoxy11nor7driman12oicacidnebularicacidb,CHEBI:202741,Nebularic acid B,1,MTBLS13869,ols4_label
[8]-Gingerdione,8gingerdione,CHEBI:175095,[8]-Gingerdione,1,MTBLS14295,ols4_label
8-HDoHE,8hdohe,CHEBI:72610,8-HDoHE,1,MTBLS2774,metabolights_maf:MTBLS2774
8-HETE,8hete,CHEBI:72643,8-HETE,1,MTBLS13869,ols4_label
8-HETrE,8hetre,CHEBI:72866,8-HETrE,1,MTBLS13869,ols4_label
8-Hydroxyoctanoic acid,8hydroxyoctanoicacid,CHEBI:79162,8-hydroxyoctanoic acid,1,MTBLS14295,ols4_label
8-isoprostaglandin E2,8isoprostaglandine2,CHEBI:131888,8-epi-prostaglandin E2,1,MTBLS5667,metabolights_maf:MTBLS5667
8-keto palmitic acid,8ketopalmiticacid,CHEBI:174563,8-Oxohexadecanoic acid,1,MTBLS2774,metabolights_maf:MTBLS2774
8-methoxykynurenate,8methoxykynurenate,CHEBI:2323,4-hydroxy-8-methoxyquinaldic acid,1,ST001412,ols4_synonym
8-Methylnonanoic acid,8methylnonanoicacid,CHEBI:176811,8-methyl Nonanoic acid,1,MTBLS9662,ols4_synonym
8-Methylquinoline,8methylquinoline,CHEBI:48984,8-methylquinoline,1,MTBLS13869,ols4_label
8-oxo-ETE,8oxoete,CHEBI:75819,8-oxo-ETE,1,MTBLS14295,ols4_label
[8]-Paradyl acetate,8paradylacetate,CHEBI:175458,[8]-Paradyl acetate,1,MTBLS5667,metabolights_maf:MTBLS5667
8(S)-HETrE,8shetre,CHEBI:140473,8(S)-HETrE,1,MTBLS2774,metabolights_maf:MTBLS2774
"8Z,11Z,14Z,17Z,20Z,23Z-hexacosahexaenoic acid",8z11z14z17z20z23zhexacosahexaenoicacid,CHEBI:77371,"(8Z,11Z,14Z,17Z,20Z,23Z)-hexacosahexaenoic acid",1,MTBLS13869,ols4_synonym
"9,10,13-TriHOME",91013trihome,CHEBI:34499,"9,10,13-TriHOME",1,MTBLS13869,ols4_label
"9,10-DHOME",910dhome,CHEBI:72663,"9,10-DiHOME",1,MTBLS5667,metabolights_maf:MTBLS5667
"9,10-DiHOME",910dihome,CHEBI:72663,"9,10-DiHOME",1,ST001412,ols4_label
"9,10-Dihydroxystearic acid",910dihydroxystearicacid,CHEBI:28724,"9,10-dihydroxyoctadecanoic acid",1,MTBLS13869,ols4_synonym
"9,10-epoxyoctadecanoic acid",910epoxyoctadecanoicacid,CHEBI:85661,"9,10-epoxyoctadecanoic acid",1,MTBLS5667,metabolights_maf:MTBLS5667
"9,10-Epoxyoctadecenoic acid",910epoxyoctadecenoicacid,CHEBI:34494,9(10)-EpOME,1,MTBLS5667,metabolights_maf:MTBLS5667
"9,11-methane-epoxy PGF1alpha",911methaneepoxypgf1alpha,CHEBI:193525,"9,11-methane-epoxy PGF1alpha",1,MTBLS13869,ols4_label
"9,12,13-Todea",91213todea,CHEBI:91217,"9,12,13-trihydroxyoctadec-10-enoic acid",1,MTBLS13869,ols4_synonym
"9,12,13-TriHOME",91213trihome,CHEBI:34506,pinellic acid,1,MTBLS14295,ols4_synonym
9'-Carboxy-gamma-chromanol,9carboxygammachromanol,CHEBI:156199,9'-Carboxy-gamma-chromanol,1,MTBLS14295,ols4_label
9-Decenoic acid,9decenoicacid,CHEBI:32381,dec-9-enoic acid,1,MTBLS5667,metabolights_maf:MTBLS5667
9-Decenoylcarnitine,9decenoylcarnitine,CHEBI:88543,9-Decenoylcarnitine,1,MTBLS13869,ols4_label
9-Demethylmunduserone,9demethylmunduserone,CHEBI:80370,9-Demethylmunduserone,1,MTBLS14295,ols4_label
9-F1-phytoprostane,9f1phytoprostane,CHEBI:231009,9-F1-phytoprostane,1,MTBLS13869,ols4_label
9-HODE,9hode,CHEBI:72651,9-HODE,1,MTBLS2774,metabolights_maf:MTBLS2774
9-Hydroxyoctadecanoic acid,9hydroxyoctadecanoicacid,CHEBI:136638,9-hydroxyoctadecanoic acid,1,MTBLS14295,ols4_label
9-hydroxystearate,9hydroxystearate,CHEBI:136286,9-hydroxyoctadecanoate,1,ST001412,ols4_synonym
9-oxo-ETE,9oxoete,CHEBI:136365,9-oxo-ETE,1,MTBLS14295,ols4_label
9-Oxooctadecanoic acid,9oxooctadecanoicacid,CHEBI:172114,9-Oxooctadecanoic acid,1,MTBLS14295,ols4_label
9R-HODE,9rhode,CHEBI:78730,9(R)-HODE,1,MTBLS13869,ols4_synonym
9(S)-HOTrE,9shotre,CHEBI:80447,9(S)-HOTrE,1,MTBLS13869,ols4_label
"(9xi,10xi,12xi)-9,10-Dihydroxy-12-octadecenoic acid",9xi10xi12xi910dihydroxy12octadecenoicacid,CHEBI:190147,"(9xi,10xi,12xi)-9,10-Dihydroxy-12-octadecenoic acid",1,MTBLS5667,metabolights_maf:MTBLS5667
"(9Z,11E,13E,15Z)-4-Oxo-9,11,13,15-octadecatetraenoic acid",9z11e13e15z4oxo9111315octadecatetraenoicacid,CHEBI:138781,"(9Z,11E,13E,15Z)-4-oxo-9,11,13,15-octadecatetraenoic acid",1,MTBLS2774,metabolights_maf:MTBLS2774
"(9Z,12Z,15Z)-(7S,8S)-Dihydroxyoctadeca-9,12,15-trienoic acid",9z12z15z7s8sdihydroxyoctadeca91215trienoicacid,CHEBI:268,"(9Z,12Z,15Z)-(7S,8S)-Dihydroxyoctadeca-9,12,15-trienoic acid",1,MTBLS13869,ols4_label
"(9Z)-(7S,8S)-Dihydroxyoctadecenoic acid",9z7s8sdihydroxyoctadecenoicacid,CHEBI:448,"(Z)-(7S,8S)-Dihydroxyoctadeca-9-enoate",1,MTBLS13869,ols4_synonym
Acamprosate,acamprosate,CHEBI:51041,acamprosate,1,MTBLS13513,ols4_label
Ac-Asp-Glu-Glu,acaspgluglu,CHEBI:77064,Ac-Asp-Glu-Glu,1,MTBLS9662,ols4_label
Aceclofenac,aceclofenac,CHEBI:31159,aceclofenac,1,MTBLS9662,ols4_label
Acetaminophen,acetaminophen,CHEBI:46195,paracetamol,1,MTBLS13513,ols4_synonym
Acetanilide,acetanilide,CHEBI:28884,N-phenylacetamide,1,MTBLS9662,ols4_synonym
acetoacetate,acetoacetate,CHEBI:13705,acetoacetate,1,ST001412,ols4_label
Acetochlor,acetochlor,CHEBI:2394,acetochlor,1,MTBLS13513,ols4_label
Acetohexamide,acetohexamide,CHEBI:28052,acetohexamide,1,MTBLS9662,ols4_label
Acetoin,acetoin,CHEBI:15688,acetoin,1,MTBLS14295,ols4_label
Acetophenone,acetophenone,CHEBI:27632,acetophenone,1,ST000603,ols4_label
Acetoveratrone,acetoveratrone,CHEBI:86576,acetoveratrone,1,MTBLS13513,ols4_label
Acetylpterosin C,acetylpterosinc,CHEBI:168987,Acetylpterosin C,1,MTBLS5667,metabolights_maf:MTBLS5667
Acetylvanillin,acetylvanillin,CHEBI:86956,vanillin acetate,1,MTBLS13513,ols4_synonym
Acibenzolar,acibenzolar,CHEBI:73185,acibenzolar,1,MTBLS13869,ols4_label
acisoga,acisoga,CHEBI:133185,N-(3-acetamidopropyl)pyrrolidin-2-one,1,ST001412,ols4_synonym
Acridine orange,acridineorange,CHEBI:51739,acridine orange,1,MTBLS13513,ols4_label
Actinidine,actinidine,CHEBI:2443,actinidine,1,MTBLS2774,metabolights_maf:MTBLS2774
"Adenosine 2',3'-cyclic phosphate",adenosine23cyclicphosphate,CHEBI:175195,"Adenosine 2',3'-cyclic phosphate",1,MTBLS14295,ols4_label
Adenosine 2'-monophosphate,adenosine2monophosphate,CHEBI:28223,adenosine 2'-phosphate,1,MTBLS13513,ols4_synonym
Adenosine 3'-monophosphate,adenosine3monophosphate,CHEBI:28931,3'-AMP,1,MTBLS13513,ols4_synonym
Adenosine 5'-diphosphoribose,adenosine5diphosphoribose,CHEBI:16960,ADP-D-ribose,1,MTBLS14059,ols4_synonym
Adenosine 5'-monophosphate,adenosine5monophosphate,CHEBI:16027,adenosine 5'-monophosphate,1,MTBLS13513,ols4_label
Adenosine_Diphosphate,adenosinediphosphate,CHEBI:177051,Adenosine_Diphosphate,1,MTBLS14059,ols4_label
Adenosine monophosphate,adenosinemonophosphate,CHEBI:16027,adenosine 5'-monophosphate,1,MTBLS14059,ols4_synonym
Adenylosuccinate,adenylosuccinate,CHEBI:15919,"N(6)-(1,2-dicarboxyethyl)-AMP",1,MTBLS13513,ols4_synonym
ADP,adp,CHEBI:16761,ADP,1,MTBLS14059,ols4_label
Agglomerin C,agglomerinc,CHEBI:218687,Agglomerin C,1,MTBLS13869,ols4_label
Agmatine,agmatine,CHEBI:17431,agmatine,1,MTBLS9662,ols4_label
Ajmaline,ajmaline,CHEBI:28462,ajmaline,1,MTBLS14059,ols4_label
Ala-Arg-Trp,alaargtrp,CHEBI:157975,Ala-Arg-Trp,1,MTBLS9662,ols4_label
Ala-asp,alaasp,CHEBI:73803,Ala-Asp,1,MTBLS13513,ols4_label
Ala-Cys-Gln,alacysgln,CHEBI:158064,Ala-Cys-Gln,1,MTBLS9662,ols4_label
Ala-Gly,alagly,CHEBI:73757,Ala-Gly,1,MTBLS14295,ols4_label
Ala-Lys,alalys,CHEBI:132403,Ala-Lys,1,MTBLS13513,ols4_label
Alanine betaine,alaninebetaine,CHEBI:145235,Alanine betaine,1,MTBLS13513,ols4_label
Alantolactone,alantolactone,CHEBI:2540,alantolactone,1,MTBLS5667,metabolights_maf:MTBLS5667
Alanyl-Isoleucine,alanylisoleucine,CHEBI:73805,Ala-Ile,1,MTBLS5667,metabolights_maf:MTBLS5667
Alanyl-serine,alanylserine,CHEBI:179921,Alanyl-Serine,1,MTBLS14295,ols4_label
Ala-Pro,alapro,CHEBI:73393,Ala-Pro,1,MTBLS9662,ols4_label
Ala-Pro-Ala,alaproala,CHEBI:158444,Ala-Pro-Ala,1,MTBLS9662,ols4_label
ALAREMYCIN,alaremycin,CHEBI:209839,Alaremycin,1,MTBLS13869,ols4_label
Ala-Ser-Gln,alasergln,CHEBI:158491,Ala-Ser-Gln,1,MTBLS9662,ols4_label
Alfuzosin,alfuzosin,CHEBI:51141,alfuzosin,1,MTBLS9662,ols4_label
Algestone,algestone,CHEBI:763,algestone,1,MTBLS14295,ols4_label
Alismorientol A,alismorientola,CHEBI:65386,alismorientol A,1,MTBLS13869,ols4_label
Allantoic acid,allantoicacid,CHEBI:30837,allantoic acid,1,MTBLS13513,ols4_label
(all-E)-Crocetin,allecrocetin,CHEBI:174430,(all-E)-Crocetin,1,MTBLS14059,ols4_label
alliin,alliin,CHEBI:2596,alliin,1,ST001412,ols4_label
Allocholic acid,allocholicacid,CHEBI:81308,allocholic acid,1,MTBLS14295,ols4_label
allopurinol riboside,allopurinolriboside,CHEBI:74074,allopurinol riboside,1,ST001412,ols4_label
Allose,allose,CHEBI:37690,allose,1,MTBLS14059,ols4_label
allo-threonine,allothreonine,CHEBI:28718,L-allothreonine,1,ST001412,ols4_synonym
all-trans-Retinoic acid,alltransretinoicacid,CHEBI:15367,all-trans-retinoic acid,1,MTBLS5667,metabolights_maf:MTBLS5667
Allyl Isothiocyanate,allylisothiocyanate,CHEBI:73224,allyl isothiocyanate,1,ST000603,ols4_label
alpha-Alanine,alphaalanine,CHEBI:16977,L-alanine,1,MTBLS2774,metabolights_maf:MTBLS2774
alpha-Aminoadipic acid,alphaaminoadipicacid,CHEBI:37024,2-aminoadipic acid,1,ST003984,ols4_synonym
alpha-Asarone,alphaasarone,CHEBI:78309,alpha-asarone,1,MTBLS9662,ols4_label
alpha-Asp-Ile,alphaaspile,CHEBI:68599,alpha-Asp-Ile,1,MTBLS13869,ols4_label
alpha-Carboxy-delta-decalactone,alphacarboxydeltadecalactone,CHEBI:167948,alpha-Carboxy-delta-decalactone,1,MTBLS14295,ols4_label
alpha-Carboxy-delta-nonalactone,alphacarboxydeltanonalactone,CHEBI:172085,alpha-Carboxy-delta-nonalactone,1,MTBLS14295,ols4_label
Alpha-CEHC,alphacehc,CHEBI:88427,alpha-CEHC,1,MTBLS5667,metabolights_maf:MTBLS5667
alpha-CEHC sulfate,alphacehcsulfate,CHEBI:232995,alpha-CEHC sulfate,1,ST001412,ols4_label
alpha-Damascone,alphadamascone,CHEBI:53220,"1-(2,6,6-trimethylcyclohex-2-en-1-yl)but-2-enone",1,MTBLS14295,ols4_synonym
alpha-D-Glucose,alphadglucose,CHEBI:17925,alpha-D-glucose,1,MTBLS2774,metabolights_maf:MTBLS2774
alpha-Eleostearic acid,alphaeleostearicacid,CHEBI:10275,"(9Z,11E,13E)-octadeca-9,11,13-trienoic acid",1,MTBLS13869,ols4_synonym
alpha-Glutamylaspartic acid,alphaglutamylasparticacid,CHEBI:73503,Glu-Asp,1,MTBLS9662,ols4_synonym
alpha-hydroxycaproate,alphahydroxycaproate,CHEBI:133738,2-hydroxyhexanoate,1,ST001412,ols4_synonym
.alpha.-Hydroxyfarnesylphosphonic acid,alphahydroxyfarnesylphosphonicacid,CHEBI:229995,.alpha.-Hydroxyfarnesylphosphonic acid,1,MTBLS14059,ols4_label
Alpha-hydroxyhippuric acid,alphahydroxyhippuricacid,CHEBI:68451,alpha-hydroxyhippuric acid,1,MTBLS13513,ols4_label
alpha-hydroxyisocaproate,alphahydroxyisocaproate,CHEBI:133577,2-hydroxy-4-methylvalerate,1,ST001412,ols4_synonym
alpha-hydroxyisovalerate,alphahydroxyisovalerate,CHEBI:64669,2-hydroxy-3-methylbutyrate,1,ST001412,ols4_synonym
alpha-Ionone,alphaionone,CHEBI:32319,alpha-ionone,1,MTBLS9662,ols4_label
alpha-ketobutyrate,alphaketobutyrate,CHEBI:30831,2-oxobutanoic acid,1,ST001412,ols4_synonym
alpha-Methoxy-1H-indole-3-propanoic acid,alphamethoxy1hindole3propanoicacid,CHEBI:183039,alpha-Methoxy-1H-indole-3-propanoic acid,1,MTBLS9662,ols4_label
alpha-Methylene butyrolactone,alphamethylenebutyrolactone,CHEBI:104120,alpha-methylene gamma-butyrolactone,1,MTBLS13869,ols4_synonym
alpha-Methylstyrene,alphamethylstyrene,CHEBI:35060,alpha-Methylstyrene,1,MTBLS13869,ols4_label
alpha-Muricholic acid,alphamuricholicacid,CHEBI:81243,alpha-muricholic acid,1,MTBLS14295,ols4_label
alpha-Pyrrolidinopropiophenone,alphapyrrolidinopropiophenone,CHEBI:180548,alpha-pyrrolidinopropiophenone,1,MTBLS9662,ols4_label
alpha-Tocotrienol,alphatocotrienol,CHEBI:33270,alpha-tocotrienol,1,MTBLS2774,metabolights_maf:MTBLS2774
a-L-Rhamnose,alrhamnose,CHEBI:16055,aldehydo-L-rhamnose,1,MTBLS2774,metabolights_maf:MTBLS2774
Altretamine,altretamine,CHEBI:24564,hexamethylmelamine,1,MTBLS14059,ols4_synonym
Aminochrome o-semiquinone,aminochromeosemiquinone,CHEBI:173245,Aminochrome o-semiquinone,1,MTBLS13869,ols4_label
Aminohippuric acid,aminohippuricacid,CHEBI:104011,p-aminohippuric acid,1,MTBLS13513,ols4_synonym
Aminomalonic Acid,aminomalonicacid,CHEBI:17475,aminomalonic acid,1,MTBLS9662,ols4_label
Ammelide,ammelide,CHEBI:28134,ammelide,1,MTBLS9662,ols4_label
Amoxicillin,amoxicillin,CHEBI:2676,amoxicillin,1,MTBLS13513,ols4_label
AMP,amp,CHEBI:28971,ampicillin,1,MTBLS14059,ols4_synonym
Amylene Hydrate,amylenehydrate,CHEBI:132750,2-methylbutan-2-ol,1,ST000603,ols4_synonym
Anabsin,anabsin,CHEBI:183524,Anabsin,1,MTBLS13869,ols4_label
"Anandamide (20:2, n-6)",anandamide202n6,CHEBI:73733,"N-(11Z,14Z)-eicosadienoylethanolamine",1,MTBLS2774,metabolights_maf:MTBLS2774
"Anandamide (22:6, n-3)",anandamide226n3,CHEBI:85252,"N-(4Z,7Z,10Z,13Z,16Z,19Z)-docosahexaenoylethanolamine",1,MTBLS2774,metabolights_maf:MTBLS2774
Andrastin A,andrastina,CHEBI:142842,andrastin A,1,MTBLS13869,ols4_label
"Androst-4-ene-3beta,17beta-diol diacetate",androst4ene3beta17betadioldiacetate,CHEBI:79826,"Androst-4-ene-3beta,17beta-diol diacetate",1,MTBLS2774,metabolights_maf:MTBLS2774
"Androstane-3,17-diol 17-sulfate",androstane317diol17sulfate,CHEBI:133103,"(3alpha,5alpha,17beta)-3-hydroxyandrostan-17-yl sulfate",1,MTBLS13869,ols4_synonym
Androstenediol,androstenediol,CHEBI:2710,"androst-5-ene-3beta,17beta-diol",1,MTBLS9662,ols4_synonym
Angeloylgomisin h,angeloylgomisinh,CHEBI:184022,Angeloylgomisin h,1,MTBLS13513,ols4_label
Anhydroamarouciaxanthin B,anhydroamarouciaxanthinb,CHEBI:176132,Anhydroamarouciaxanthin B,1,MTBLS9662,ols4_label
Anilazine,anilazine,CHEBI:82076,anilazine,1,MTBLS9662,ols4_label
Anisole,anisole,CHEBI:16579,anisole,1,MTBLS13869,ols4_label
Annocherin A,annocherina,CHEBI:171902,Annocherin A,1,MTBLS14295,ols4_label
Annosquamosin A,annosquamosina,CHEBI:174847,Annosquamosin A,1,MTBLS14295,ols4_label
Antanapeptin C,antanapeptinc,CHEBI:205121,Antanapeptin C,1,MTBLS9662,ols4_label
Apafant,apafant,CHEBI:31226,Apafant,1,MTBLS13513,ols4_label
Apigenin,apigenin,CHEBI:18388,apigenin,1,MTBLS13513,ols4_label
Apigenin 7-glucuronide,apigenin7glucuronide,CHEBI:181620,Apigenin 7-glucuronide,1,MTBLS14295,ols4_label
Apiin,apiin,CHEBI:15932,apiin,1,MTBLS13513,ols4_label
Aplidiasphingosine,aplidiasphingosine,CHEBI:73894,aplidiasphingosine,1,MTBLS13869,ols4_label
apo-[3-methylcrotonoyl-CoA:carbon-dioxide ligase (ADP-forming)],apo3methylcrotonoylcoacarbondioxideligaseadpforming,CHEBI:176719,(2S)-6-Amino-2-[(E)-(hydroxymethylene)amino]hexanimidic acid,1,MTBLS5667,metabolights_maf:MTBLS5667
Apocholic acid,apocholicacid,CHEBI:79877,Apocholic acid,1,MTBLS14295,ols4_label
Apocynin,apocynin,CHEBI:2781,apocynin,1,MTBLS13513,ols4_label
arabinose,arabinose,CHEBI:22599,arabinose,1,ST001412,ols4_label
Arachidic acid,arachidicacid,CHEBI:28822,icosanoic acid,1,MTBLS13869,ols4_synonym
Arachidonamide,arachidonamide,CHEBI:137830,arachidonoyl amine,1,MTBLS9662,ols4_synonym
Arachidonic Acid (peroxide free),arachidonicacidperoxidefree,CHEBI:15843,arachidonic acid,1,MTBLS2774,metabolights_maf:MTBLS2774
arachidonoylcholine,arachidonoylcholine,CHEBI:133694,arachidonoylcholine,1,ST001412,ols4_label
Arachidonyl alcohol,arachidonylalcohol,CHEBI:77577,"(5Z,8Z,11Z,14Z)-icosatetraen-1-ol",1,MTBLS13869,ols4_synonym
Arachidonyl trifluoromethyl ketone,arachidonyltrifluoromethylketone,CHEBI:2341,AACOCF3,1,MTBLS13513,ols4_synonym
Arenobufagin,arenobufagin,CHEBI:197067,Arenobufagin,1,MTBLS13513,ols4_label
Arg-Ala,argala,CHEBI:73810,Arg-Ala,1,MTBLS13513,ols4_label
Arg-Asp-Ile,argaspile,CHEBI:158818,Arg-Asp-Ile,1,MTBLS9662,ols4_label
Arg-gly,arggly,CHEBI:157792,Arg-Gly,1,MTBLS13513,ols4_label
Arginine ornithine,arginineornithine,CHEBI:132919,arginine ornithine,1,MTBLS13869,ols4_label
Arg-Leu-Arg,argleuarg,CHEBI:159081,Arg-Leu-Arg,1,MTBLS13513,ols4_label
Arg-Met-Met,argmetmet,CHEBI:159182,Arg-Met-Met,1,MTBLS9662,ols4_label
Arg-Pro-Arg,argproarg,CHEBI:159241,Arg-Pro-Arg,1,MTBLS13513,ols4_label
Arg-Thr-Lys-Arg,argthrlysarg,CHEBI:230288,Arg-Thr-Lys-Arg,1,MTBLS9662,ols4_label
Arg-Trp-Arg,argtrparg,CHEBI:159360,Arg-Trp-Arg,1,MTBLS13513,ols4_label
Arg-Trp-Lys,argtrplys,CHEBI:159380,Arg-Trp-Lys,1,MTBLS13513,ols4_label
Arg-Val-Ser,argvalser,CHEBI:159464,Arg-Val-Ser,1,MTBLS9662,ols4_label
Aripiprazole,aripiprazole,CHEBI:31236,aripiprazole,1,MTBLS13513,ols4_label
Armillarilin,armillarilin,CHEBI:175487,Armillarilin,1,MTBLS9662,ols4_label
Aromatic aldehyde,aromaticaldehyde,CHEBI:33855,arenecarbaldehyde,1,MTBLS13869,ols4_synonym
Artenolide,artenolide,CHEBI:175952,Artenolide,1,MTBLS13869,ols4_label
Artesunate,artesunate,CHEBI:63918,artesunate,1,MTBLS13513,ols4_label
Ascochlorin,ascochlorin,CHEBI:156219,ascochlorin,1,MTBLS13513,ols4_label
Ascorbate,ascorbate,CHEBI:22651,ascorbate,1,MTBLS14295,ols4_label
ascr#11,ascr11,CHEBI:78743,ascr#11,1,MTBLS13869,ols4_label
Asn-Asn,asnasn,CHEBI:73406,Asn-Asn,1,MTBLS9662,ols4_label
Asn-Gly-Lys,asnglylys,CHEBI:159776,Asn-Gly-Lys,1,MTBLS13513,ols4_label
Asn-Pro,asnpro,CHEBI:73425,Asn-Pro,1,MTBLS13513,ols4_label
Asn-Ser-Arg,asnserarg,CHEBI:160077,Asn-Ser-Arg,1,MTBLS13513,ols4_label
Asn-Tyr,asntyr,CHEBI:73427,Asn-Tyr,1,MTBLS13513,ols4_label
Asp-Ala,aspala,CHEBI:73826,Asp-Ala,1,MTBLS13513,ols4_label
Asp-Arg,asparg,CHEBI:73445,Asp-Arg,1,MTBLS13513,ols4_label
Aspartame,aspartame,CHEBI:2877,aspartame,1,MTBLS13513,ols4_label
aspartate,aspartate,CHEBI:132943,aspartate,1,ST001412,ols4_label
Aspartyl-Threonine,aspartylthreonine,CHEBI:174200,Aspartyl-Threonine,1,MTBLS14295,ols4_label
Asp-Asn,aspasn,CHEBI:157799,Asp-Asn,1,MTBLS13513,ols4_label
Asp-Asn-Lys,aspasnlys,CHEBI:160379,Asp-Asn-Lys,1,MTBLS13513,ols4_label
Asp-Asp,aspasp,CHEBI:73446,Asp-Asp,1,MTBLS13513,ols4_label
Asp-Asp-Arg,aspasparg,CHEBI:160399,Asp-Asp-Arg,1,MTBLS13513,ols4_label
Asp-Asp-Lys,aspasplys,CHEBI:160419,Asp-Asp-Lys,1,MTBLS13513,ols4_label
Asperic acid,aspericacid,CHEBI:218208,Asperic acid,1,MTBLS13869,ols4_label
Asperuloside,asperuloside,CHEBI:2881,asperuloside,1,MTBLS9662,ols4_label
Asp-Gln,aspgln,CHEBI:73827,Asp-Gln,1,MTBLS13513,ols4_label
Asp-Glu,aspglu,CHEBI:73828,Asp-Glu,1,MTBLS13513,ols4_label
Asp-His,asphis,CHEBI:73451,Asp-His,1,MTBLS13513,ols4_label
Asp-Leu-Val-Ser,aspleuvalser,CHEBI:73435,Asp-Leu-Val-Ser,1,MTBLS13869,ols4_label
aspochalasin J,aspochalasinj,CHEBI:200340,Aspochalasin J,1,MTBLS13869,ols4_label
Asp-Phe,aspphe,CHEBI:73830,Asp-Phe,1,ST003954,ols4_label
Asp-Pro,asppro,CHEBI:137245,Asp-Pro,1,MTBLS13513,ols4_label
Aspterric acid,aspterricacid,CHEBI:219357,Aspterric acid,1,MTBLS13869,ols4_label
Asp-Tyr,asptyr,CHEBI:73455,Asp-Tyr,1,MTBLS13513,ols4_label
Astaxanthin,astaxanthin,CHEBI:40968,astaxanthin,1,MTBLS9662,ols4_label
Astin I,astini,CHEBI:192105,Astin I,1,MTBLS9662,ols4_label
Asymmetric dimethylarginine,asymmetricdimethylarginine,CHEBI:17929,"N(omega),N(omega)-dimethyl-L-arginine",1,MTBLS5667,metabolights_maf:MTBLS5667
atenolol,atenolol,CHEBI:2904,atenolol,1,ST001412,ols4_label
Atorvastatin,atorvastatin,CHEBI:39548,atorvastatin,1,MTBLS13513,ols4_label
Aucubin,aucubin,CHEBI:69796,aucubin,1,MTBLS14295,ols4_label
Auraptene,auraptene,CHEBI:134355,auraptene,1,MTBLS13869,ols4_label
Avaroferrin,avaroferrin,CHEBI:215520,Avaroferrin,1,MTBLS13869,ols4_label
Avermectin A1a aglycone,avermectina1aaglycone,CHEBI:29523,Avermectin A1a aglycone,1,MTBLS9662,ols4_label
Avocadyne 1-acetate,avocadyne1acetate,CHEBI:168762,Avocadyne 1-acetate,1,MTBLS13869,ols4_label
Axitinib,axitinib,CHEBI:66910,axitinib,1,MTBLS13869,ols4_label
Azacitidine,azacitidine,CHEBI:2038,5-azacytidine,1,MTBLS9662,ols4_synonym
Azadiradione,azadiradione,CHEBI:67280,azadiradione,1,MTBLS13513,ols4_label
Azelaoyl PAF,azelaoylpaf,CHEBI:138940,1-O-hexadecyl-2-(8-carboxyoctanoyl)-sn-glycero-3-phosphocholine,1,MTBLS9662,ols4_synonym
Baccatin iii,baccatiniii,CHEBI:32898,baccatin III,1,MTBLS13513,ols4_label
Bacilysocin,bacilysocin,CHEBI:71621,bacilysocin,1,MTBLS13869,ols4_label
Balenine,balenine,CHEBI:193825,Balenine,1,MTBLS13869,ols4_label
Barbituric acid,barbituricacid,CHEBI:16294,barbituric acid,1,MTBLS9662,ols4_label
Bassianolide,bassianolide,CHEBI:145108,bassianolide,1,MTBLS13869,ols4_label
Belladonnine,belladonnine,CHEBI:3006,Belladonnine,1,MTBLS13869,ols4_label
Bellendine,bellendine,CHEBI:3007,Bellendine,1,MTBLS9662,ols4_label
Bendiocarb,bendiocarb,CHEBI:34556,bendiocarb,1,MTBLS13513,ols4_label
Bensulfuron-methyl,bensulfuronmethyl,CHEBI:3017,bensulfuron-methyl,1,MTBLS13513,ols4_label
Benzamidine,benzamidine,CHEBI:41033,benzamidine,1,MTBLS9662,ols4_label
Benzenebutanoic acid,benzenebutanoicacid,CHEBI:41500,4-phenylbutyric acid,1,MTBLS2774,metabolights_maf:MTBLS2774
Benzidine,benzidine,CHEBI:80495,benzidine,1,MTBLS14059,ols4_label
benzoate,benzoate,CHEBI:16150,benzoate,1,ST001412,ols4_label
Benzododecinium,benzododecinium,CHEBI:135611,benzododecinium,1,MTBLS13869,ols4_label
Benzofuran,benzofuran,CHEBI:36790,benzofuran,1,MTBLS13869,ols4_label
Benzoin,benzoin,CHEBI:17682,benzoin,1,MTBLS9662,ols4_label
Benzonitrile,benzonitrile,CHEBI:27991,benzonitrile,1,MTBLS13869,ols4_label
Benzothiazole,benzothiazole,CHEBI:45993,benzothiazole,1,MTBLS13869,ols4_label
Benzoylcholine,benzoylcholine,CHEBI:177037,Benzoylcholine,1,MTBLS13869,ols4_label
benzoylformic acid,benzoylformicacid,CHEBI:18280,phenylglyoxylic acid,1,ST000603,ols4_synonym
Benzoyl glucuronide (Benzoic acid),benzoylglucuronidebenzoicacid,CHEBI:168513,Benzoyl glucuronide (Benzoic acid),1,MTBLS5667,metabolights_maf:MTBLS5667
benzyl alcohol,benzylalcohol,CHEBI:17987,benzyl alcohol,1,MTBLS13869,ols4_label
Berberrubine,berberrubine,CHEBI:175111,Berberrubine,1,MTBLS14059,ols4_label
Bergapten,bergapten,CHEBI:18293,5-methoxypsoralen,1,MTBLS9662,ols4_synonym
Bergaptol,bergaptol,CHEBI:17377,bergaptol,1,MTBLS13513,ols4_label
Bestatin,bestatin,CHEBI:3070,bestatin,1,MTBLS13513,ols4_label
beta-citrylglutamate,betacitrylglutamate,CHEBI:76942,beta-citrylglutamate(4-),1,ST001412,ols4_synonym
beta-cryptoxanthin,betacryptoxanthin,CHEBI:10362,beta-cryptoxanthin,1,ST001412,ols4_label
Beta-D-Fructose 6-phosphate,betadfructose6phosphate,CHEBI:16084,beta-D-fructofuranose 6-phosphate,1,MTBLS13513,ols4_synonym
beta-D-Glucopyranuronic acid,betadglucopyranuronicacid,CHEBI:28860,beta-D-glucuronic acid,1,MTBLS2774,ols4_synonym
beta-D-Glucosamine,betadglucosamine,CHEBI:28393,beta-D-glucosamine,1,MTBLS5667,metabolights_maf:MTBLS5667
beta-D-Glucose pentaacetate,betadglucosepentaacetate,CHEBI:177390,beta-d-glucose pentaacetate,1,MTBLS9662,ols4_label
beta-hydroxyisovalerate,betahydroxyisovalerate,CHEBI:82957,3-hydroxyisovalerate,1,ST001412,ols4_synonym
Beta-octylglucoside,betaoctylglucoside,CHEBI:41128,octyl beta-D-glucopyranoside,1,MTBLS13513,ols4_synonym
beta-Phocaecholate,betaphocaecholate,CHEBI:81249,beta-Phocaecholate,1,MTBLS14295,ols4_label
beta-Solamarine,betasolamarine,CHEBI:189918,Beta-Solamarine,1,MTBLS5667,metabolights_maf:MTBLS5667
Beta-Tyrosine,betatyrosine,CHEBI:16939,3-amino-3-(4-hydroxyphenyl)propanoic acid,1,MTBLS9662,ols4_synonym
Betaxolol,betaxolol,CHEBI:3082,betaxolol,1,MTBLS9662,ols4_label
betonicine,betonicine,CHEBI:85533,trans-4-hydroxy-L-proline betaine,1,ST001412,ols4_synonym
Bicine,bicine,CHEBI:39065,bicine,1,MTBLS9662,ols4_label
Bilobalide A,bilobalidea,CHEBI:3103,bilobalide,1,MTBLS5667,metabolights_maf:MTBLS5667
Biotinamide,biotinamide,CHEBI:16615,biotin amide,1,MTBLS9662,ols4_synonym
Biphenyl,biphenyl,CHEBI:17097,biphenyl,1,MTBLS14059,ols4_label
Bis(2-ethylhexyl) adipate,bis2ethylhexyladipate,CHEBI:34675,bis(2-ethylhexyl) adipate,1,MTBLS14059,ols4_label
Bis(2-ethylhexyl)phthalate,bis2ethylhexylphthalate,CHEBI:17747,bis(2-ethylhexyl) phthalate,1,MTBLS14295,ols4_synonym
bisphenol A diglycidyl ether,bisphenoladiglycidylether,CHEBI:34578,Bisphenol A diglycidyl ether,1,MTBLS9662,ols4_label
Bisphenol AF,bisphenolaf,CHEBI:72754,bisphenol AF,1,MTBLS9662,ols4_label
Bitocholate,bitocholate,CHEBI:81252,Bitocholate,1,MTBLS14295,ols4_label
Blood group a trisaccharide,bloodgroupatrisaccharide,CHEBI:61012,alpha-D-GalpNAc-(1->3)-[alpha-L-Fucp-(1->2)]-beta-D-Galp,1,MTBLS13513,ols4_synonym
Blood group b trisaccharide,bloodgroupbtrisaccharide,CHEBI:61010,alpha-L-Fuc-(1->2)-[alpha-D-Gal-(1->3)]-beta-D-Gal,1,MTBLS13513,ols4_synonym
Bombykol,bombykol,CHEBI:41200,bombykol,1,MTBLS13869,ols4_label
Borreverine,borreverine,CHEBI:3156,Borreverine,1,MTBLS13869,ols4_label
Bortezomib,bortezomib,CHEBI:52717,bortezomib,1,MTBLS13869,ols4_label
Boscalid,boscalid,CHEBI:81822,boscalid,1,MTBLS13513,ols4_label
Boschnialactone,boschnialactone,CHEBI:3158,Boschnialactone,1,MTBLS13869,ols4_label
"botryosphaerin A|rel-(3aS,5aR,10aS,10bS,10cR)-1,2,3,3a,5a,7,10,10a,10b,10c-decahydro-10a-hydroxy-3a,10b-dimethyl-4H,9H-[2]benzofuro[7,1-fg]isochrome-4,9-dione",botryosphaerinarel3as5ar10as10bs10cr1233a5a71010a10b10cdecahydro10ahydroxy3a10bdimethyl4h9h2benzofuro71fgisochrome49dione,CHEBI:212214,Botryosphaerin A,1,MTBLS13869,ols4_label
Bovinic acid,bovinicacid,CHEBI:32798,"9-cis,11-trans-octadecadienoic acid",1,MTBLS5667,metabolights_maf:MTBLS5667
Brazilin,brazilin,CHEBI:3170,brazilin,1,MTBLS13513,ols4_label
Bromhexine,bromhexine,CHEBI:77032,bromhexine,1,MTBLS9662,ols4_label
Bucladesine,bucladesine,CHEBI:50095,bucladesine,1,MTBLS13513,ols4_label
Bupivacaine,bupivacaine,CHEBI:3215,bupivacaine,1,MTBLS9662,ols4_label
Bupropion,bupropion,CHEBI:3219,bupropion,1,MTBLS9662,ols4_label
Buspirone,buspirone,CHEBI:3223,buspirone,1,MTBLS13513,ols4_label
Butalbital,butalbital,CHEBI:102524,butalbital,1,MTBLS9662,ols4_label
Butamifos,butamifos,CHEBI:3232,Butamifos,1,MTBLS13513,ols4_label
Butaprost,butaprost,CHEBI:230184,(R)-Butaprost,1,MTBLS14295,ols4_synonym
Butein,butein,CHEBI:3237,butein,1,MTBLS13513,ols4_label
Butopyronoxyl,butopyronoxyl,CHEBI:82262,Butopyronoxyl,1,MTBLS14295,ols4_label
Butylate,butylate,CHEBI:34594,Butylate,1,MTBLS9662,ols4_label
Butyl levulinate,butyllevulinate,CHEBI:171935,Butyl levulinate,1,MTBLS14295,ols4_label
Butylone,butylone,CHEBI:189244,Butylone,1,MTBLS9662,ols4_label
Butyric acid,butyricacid,CHEBI:30772,butyric acid,1,MTBLS2774,metabolights_maf:MTBLS2774
butyrylglycine,butyrylglycine,CHEBI:89963,butyrylglycine,1,ST001412,ols4_label
C16 Sphingosine,c16sphingosine,CHEBI:71052,hexadecasphing-4-enine,1,MTBLS13869,ols4_synonym
C17-sphinganine,c17sphinganine,CHEBI:184033,C17-sphinganine,1,MTBLS13513,ols4_label
C17 Sphingosine,c17sphingosine,CHEBI:74220,C17 sphingosine,1,MTBLS13869,ols4_label
C20 phytosphingosine,c20phytosphingosine,CHEBI:64910,C20 phytosphingosine,1,MTBLS14295,ols4_label
C20 sphinganine,c20sphinganine,CHEBI:64905,C20 sphinganine,1,MTBLS14295,ols4_label
Cadabicilone,cadabicilone,CHEBI:174307,Cadabicilone,1,MTBLS13869,ols4_label
Caffeic acid 3'-sulfate,caffeicacid3sulfate,CHEBI:90242,caffeic acid 3-sulfate,1,MTBLS13869,ols4_synonym
caffeic acid sulfate,caffeicacidsulfate,CHEBI:133740,caffeic acid 3-sulfate(2-),1,ST001412,ols4_synonym
Calcipotriol,calcipotriol,CHEBI:50749,calcipotriol,1,MTBLS9662,ols4_label
Calcium Gluceptate,calciumgluceptate,CHEBI:3314,calcium glucoheptonate,1,MTBLS13869,ols4_synonym
Caldine,caldine,CHEBI:135737,lacidipine,1,MTBLS9662,ols4_synonym
Calendic acid,calendicacid,CHEBI:86148,"(8E,10E,12Z)-octadecatrienoic acid",1,MTBLS13869,ols4_synonym
Calystegine A6,calysteginea6,CHEBI:173685,Calystegine A6,1,MTBLS13869,ols4_label
Calystegine A7,calysteginea7,CHEBI:173215,Calystegine A7,1,MTBLS13869,ols4_label
Campestanol,campestanol,CHEBI:36799,campestanol,1,MTBLS9662,ols4_label
Camphoratin B,camphoratinb,CHEBI:70301,Camphoratin B,1,MTBLS13869,ols4_label
Camphoratin C,camphoratinc,CHEBI:70302,Camphoratin C,1,MTBLS13869,ols4_label
Camptothecin,camptothecin,CHEBI:27656,camptothecin,1,MTBLS13513,ols4_label
Camylofin,camylofin,CHEBI:748821,camylofin,1,MTBLS9662,ols4_label
Candesartan cilexetil,candesartancilexetil,CHEBI:3348,Candesartan cilexetil,1,MTBLS13513,ols4_label
Cannabidiolic acid,cannabidiolicacid,CHEBI:3359,cannabidiolic acid,1,MTBLS9662,ols4_label
cannabigerolate,cannabigerolate,CHEBI:66962,cannabigerolate,1,MTBLS13869,ols4_label
Canrenoic acid,canrenoicacid,CHEBI:50156,canrenoic acid,1,MTBLS13869,ols4_label
Canrenone,canrenone,CHEBI:135445,canrenone,1,MTBLS13869,ols4_label
Caprolactam,caprolactam,CHEBI:28579,epsilon-caprolactam,1,MTBLS14295,ols4_synonym
Capsaicin,capsaicin,CHEBI:3374,capsaicin,1,MTBLS9662,ols4_label
Captopril,captopril,CHEBI:3380,captopril,1,MTBLS13513,ols4_label
CAR 14:2,car142,CHEBI:228522,CAR 14:2,1,ST003984,ols4_label
CAR 16:2,car162,CHEBI:228644,CAR 16:2,1,ST003984,ols4_label
Caracurine V,caracurinev,CHEBI:3382,Caracurine V,1,MTBLS13869,ols4_label
Carbadox,carbadox,CHEBI:174442,Carbadox,1,MTBLS5667,metabolights_maf:MTBLS5667
Carbapenem,carbapenem,CHEBI:46765,carbapenem,1,MTBLS13869,ols4_label
Carbaryl,carbaryl,CHEBI:3390,carbaryl,1,MTBLS9662,ols4_label
Carbazochrome sulfonate,carbazochromesulfonate,CHEBI:183908,Carbazochrome sulfonate,1,MTBLS13513,ols4_label
Carbocyclic Thromboxane A2,carbocyclicthromboxanea2,CHEBI:139043,carbocyclic thromboxane A2,1,MTBLS13869,ols4_label
carboxyibuprofen,carboxyibuprofen,CHEBI:133199,carboxyibuprofen,1,ST001412,ols4_label
Carboxynorspermidine,carboxynorspermidine,CHEBI:67204,carboxynorspermidine,1,MTBLS2774,metabolights_maf:MTBLS2774
Carglumic acid,carglumicacid,CHEBI:71028,carglumic acid,1,MTBLS9662,ols4_label
Carindone,carindone,CHEBI:168592,Carindone,1,MTBLS13869,ols4_label
Carisoprodol,carisoprodol,CHEBI:3419,carisoprodol,1,MTBLS13513,ols4_label
Carnosic acid,carnosicacid,CHEBI:65585,carnosic acid,1,MTBLS5667,metabolights_maf:MTBLS5667
Casegravol isovalerate,casegravolisovalerate,CHEBI:175629,Casegravol isovalerate,1,MTBLS14295,ols4_label
(-)-catechin,catechin,CHEBI:33992,(-)-catechin,1,MTBLS13513,ols4_label
catechol sulfate,catecholsulfate,CHEBI:133072,pyrocatechol sulfate(1-),1,ST001412,ols4_synonym
Cediranib,cediranib,CHEBI:94782,4-[(4-fluoro-2-methyl-1H-indol-5-yl)oxy]-6-methoxy-7-[3-(1-pyrrolidinyl)propoxy]quinazoline,1,MTBLS13869,ols4_synonym
celecoxib,celecoxib,CHEBI:41423,celecoxib,1,ST001412,ols4_label
Cellobiose,cellobiose,CHEBI:17057,cellobiose,1,MTBLS13513,ols4_label
cephalosporin C,cephalosporinc,CHEBI:15776,cephalosporin C,1,MTBLS9662,ols4_label
Cepharadione B,cepharadioneb,CHEBI:188963,Cepharadione B,1,MTBLS9662,ols4_label
cetirizine,cetirizine,CHEBI:3561,cetirizine,1,ST001412,ols4_label
C-glycosyltryptophan,cglycosyltryptophan,CHEBI:165856,C-Glycosyltryptophan,1,ST001412,ols4_label
chaetoglocin D,chaetoglocind,CHEBI:68769,chaetoglocin D,1,MTBLS13869,ols4_label
Chalcone,chalcone,CHEBI:27618,chalcone,1,MTBLS9662,ols4_label
Chalepensin,chalepensin,CHEBI:3572,Chalepensin,1,MTBLS13513,ols4_label
Chaulmoogric acid,chaulmoogricacid,CHEBI:27939,chaulmoogric acid,1,MTBLS13869,ols4_label
Chenodeoxycholic acid 3-glucuronide,chenodeoxycholicacid3glucuronide,CHEBI:137725,chenodeoxycholic acid 3-O-(beta-D-glucuronide),1,MTBLS13869,ols4_synonym
Chenodeoxycholic acid 3-sulfate,chenodeoxycholicacid3sulfate,CHEBI:89060,Chenodeoxycholic acid 3-sulfate,1,MTBLS2774,metabolights_maf:MTBLS2774
Chenodeoxycholic acid sulfate,chenodeoxycholicacidsulfate,CHEBI:166727,Chenodeoxycholic acid sulfate,1,MTBLS13869,ols4_label
Chenodeoxycholylalanine,chenodeoxycholylalanine,CHEBI:230097,Chenodeoxycholylalanine,1,MTBLS13869,ols4_label
Chenodeoxyglycocholic acid,chenodeoxyglycocholicacid,CHEBI:36274,glycochenodeoxycholic acid,1,MTBLS13869,ols4_synonym
chiro-inositol,chiroinositol,CHEBI:23098,chiro-inositol,1,ST001412,ols4_label
Chlorambucil,chlorambucil,CHEBI:28830,chlorambucil,1,MTBLS13513,ols4_label
Chloranocryl,chloranocryl,CHEBI:82173,Chloranocryl,1,MTBLS13869,ols4_label
Chloriolide,chloriolide,CHEBI:224203,Chloriolide,1,MTBLS13869,ols4_label
CHLOROACETYL CHLORIDE,chloroacetylchloride,CHEBI:34624,Chloroacetyl chloride,1,MTBLS13869,ols4_label
Chlorobactene,chlorobactene,CHEBI:80167,chlorobactene,1,MTBLS13869,ols4_label
Chloromethyl methyl ether,chloromethylmethylether,CHEBI:82271,Chloromethyl methyl ether,1,MTBLS9662,ols4_label
Chlorsulfuron,chlorsulfuron,CHEBI:3652,chlorsulfuron,1,MTBLS13513,ols4_label
chlorthalidone,chlorthalidone,CHEBI:3654,chlorthalidone,1,ST001412,ols4_label
Chlorthiophos,chlorthiophos,CHEBI:82109,Chlorthiophos,1,MTBLS9662,ols4_label
cholate,cholate,CHEBI:29747,cholate,1,ST001412,ols4_label
Cholic Acid Methyl Ester,cholicacidmethylester,CHEBI:177012,Cholic Acid Methyl Ester,1,MTBLS2774,metabolights_maf:MTBLS2774
choline phosphate,cholinephosphate,CHEBI:18132,phosphocholine,1,ST001412,ols4_synonym
Cholylalanine,cholylalanine,CHEBI:231158,Cholylalanine,1,MTBLS13869,ols4_label
Chorismic acid,chorismicacid,CHEBI:17333,chorismic acid,1,MTBLS13513,ols4_label
Chrysophanol,chrysophanol,CHEBI:3687,chrysophanol,1,MTBLS9662,ols4_label
Cibaric acid,cibaricacid,CHEBI:138788,"(9E,13Z,15E)-14,18-dihydroxy-12-oxooctadeca-9,13,15-trienoic acid",1,MTBLS14295,ols4_synonym
Cidofovir,cidofovir,CHEBI:3696,cidofovir anhydrous,1,MTBLS13513,ols4_synonym
cimetidine,cimetidine,CHEBI:3699,cimetidine,1,ST001412,ols4_label
Cinchonidine,cinchonidine,CHEBI:3703,cinchonidine,1,MTBLS13513,ols4_label
Cinchonine,cinchonine,CHEBI:27509,cinchonine,1,MTBLS13513,ols4_label
Cinnamic acid,cinnamicacid,CHEBI:27386,cinnamic acid,1,MTBLS13869,ols4_label
Cinncassiol C3,cinncassiolc3,CHEBI:81237,Cinncassiol C3,1,MTBLS13869,ols4_label
Ciprofibrate,ciprofibrate,CHEBI:50867,ciprofibrate,1,MTBLS13513,ols4_label
Ciprostene,ciprostene,CHEBI:177626,Ciprostene,1,MTBLS13869,ols4_label
Cirsimaritin,cirsimaritin,CHEBI:81337,cirsimaritin,1,MTBLS9662,ols4_label
"cis-1,2-Dihydro-3-ethylcatechol",cis12dihydro3ethylcatechol,CHEBI:16843,"cis-1,2-dihydro-3-ethylcatechol",1,MTBLS9662,ols4_label
cis-2-Dodecenoic acid,cis2dodecenoicacid,CHEBI:38372,cis-2-dodecenoic acid,1,MTBLS14295,ols4_label
cis-4-Hydroxy-D-proline,cis4hydroxydproline,CHEBI:16231,cis-4-hydroxy-D-proline,1,MTBLS13513,ols4_label
Cis-4-Hydroxy-L-Proline,cis4hydroxylproline,CHEBI:28397,cis-4-hydroxy-L-proline,1,MTBLS9662,ols4_label
cis-4-Octenedioic acid,cis4octenedioicacid,CHEBI:89625,cis-4-Octenedioic acid,1,MTBLS14295,ols4_label
cis-9-Palmitoleic acid,cis9palmitoleicacid,CHEBI:28716,palmitoleic acid,1,MTBLS14295,ols4_synonym
"cis,cis-Muconic acid",ciscismuconicacid,CHEBI:16508,"cis,cis-muconic acid",1,MTBLS14059,ols4_label
Cit,cit,CHEBI:16349,L-citrulline,1,ST003984,ols4_synonym
Citraconic acid,citraconicacid,CHEBI:17626,citraconic acid,1,MTBLS5667,metabolights_maf:MTBLS5667
Citral propylene glycol acetal,citralpropyleneglycolacetal,CHEBI:174068,Citral propylene glycol acetal,1,MTBLS14059,ols4_label
Citramalic acid,citramalicacid,CHEBI:15584,citramalic acid,1,MTBLS5667,metabolights_maf:MTBLS5667
Citrinin,citrinin,CHEBI:48708,citrinin,1,MTBLS13869,ols4_label
Citrusin E,citrusine,CHEBI:168372,Citrusin E,1,MTBLS14295,ols4_label
Clavulanic acid,clavulanicacid,CHEBI:48947,clavulanic acid,1,MTBLS13513,ols4_label
Clobetasol propionate,clobetasolpropionate,CHEBI:31414,clobetasol propionate,1,MTBLS13513,ols4_label
Clofentezine,clofentezine,CHEBI:39315,clofentezine,1,MTBLS14059,ols4_label
Clomipramine hydrochloride,clomipraminehydrochloride,CHEBI:3755,clomipramine hydrochloride,1,MTBLS9662,ols4_label
Clopyralid,clopyralid,CHEBI:62961,clopyralid,1,MTBLS9662,ols4_label
Cloransulam-methyl,cloransulammethyl,CHEBI:3760,cloransulam-methyl,1,MTBLS9662,ols4_label
Clorgyline,clorgyline,CHEBI:3763,clorgyline,1,MTBLS13513,ols4_label
Clorophene,clorophene,CHEBI:228003,2-benzyl-4-chlorophenol,1,MTBLS13869,ols4_synonym
Clothianidin,clothianidin,CHEBI:39178,clothianidin,1,MTBLS13513,ols4_label
Clotrimazole,clotrimazole,CHEBI:3764,clotrimazole,1,MTBLS9662,ols4_label
Clupanodonic acid,clupanodonicacid,CHEBI:53488,"(7Z,10Z,13Z,16Z,19Z)-docosapentaenoic acid",1,MTBLS13869,ols4_synonym
Cochlioquinone a,cochlioquinonea,CHEBI:177074,Cochlioquinone A,1,MTBLS13513,ols4_label
Cohumulone,cohumulone,CHEBI:175443,Cohumulone,1,MTBLS13513,ols4_label
Colneleic acid,colneleicacid,CHEBI:60956,colneleic acid,1,MTBLS13869,ols4_label
Colnelenic acid,colnelenicacid,CHEBI:60959,colnelenic acid,1,MTBLS13869,ols4_label
Compactin diol lactone,compactindiollactone,CHEBI:34652,compactin diol lactone,1,MTBLS14295,ols4_label
Conessine,conessine,CHEBI:27965,conessine,1,MTBLS9662,ols4_label
Coniferaldehyde,coniferaldehyde,CHEBI:16547,coniferyl aldehyde,1,MTBLS13869,ols4_synonym
Coniferol,coniferol,CHEBI:17745,coniferol,1,MTBLS9662,ols4_label
coniferonic acid,coniferonicacid,CHEBI:86135,"(5Z,9Z,12Z,15Z)-octadecatetraenoic acid",1,MTBLS13869,ols4_synonym
Contignasterol,contignasterol,CHEBI:144405,Contignasterol,1,MTBLS9662,ols4_label
Coproporphyrin i,coproporphyrini,CHEBI:28421,coproporphyrin I,1,MTBLS13513,ols4_label
Coronaric acid,coronaricacid,CHEBI:34494,9(10)-EpOME,1,MTBLS13869,ols4_synonym
Cortexolone,cortexolone,CHEBI:86600,cortexolone,1,MTBLS14295,ols4_label
Cortodoxone,cortodoxone,CHEBI:28324,11-deoxycortisol,1,MTBLS13869,ols4_synonym
Cortol,cortol,CHEBI:3898,Cortol,1,MTBLS2774,metabolights_maf:MTBLS2774
Cortolone,cortolone,CHEBI:3899,Cortolone,1,MTBLS13869,ols4_label
Corydaline,corydaline,CHEBI:14027,corydaline,1,MTBLS13513,ols4_label
Cosmosiin,cosmosiin,CHEBI:16778,apigenin 7-O-beta-D-glucoside,1,MTBLS13869,ols4_synonym
Costunolide,costunolide,CHEBI:3900,costunolide,1,MTBLS13869,ols4_label
Cotarnine chloride,cotarninechloride,CHEBI:750629,cotarnine chloride,1,MTBLS9662,ols4_label
cotinine,cotinine,CHEBI:749089,cotinine,1,ST001412,ols4_label
Creatine/3-Methylindole,creatine3methylindole,CHEBI:9171,skatole,1,MTBLS2774,metabolights_maf:MTBLS2774
Crepenynic acid,crepenynicacid,CHEBI:16423,(9Z)-octadec-9-en-12-ynoic acid,1,MTBLS13869,ols4_synonym
Crotonic acid,crotonicacid,CHEBI:41131,crotonic acid,1,MTBLS13869,ols4_label
Crustecdysone,crustecdysone,CHEBI:16587,20-hydroxyecdysone,1,MTBLS13869,ols4_synonym
Cryogenine,cryogenine,CHEBI:3929,cryogenine,1,MTBLS13869,ols4_label
Cryptocaryol E,cryptocaryole,CHEBI:67420,cryptocaryol E,1,MTBLS13869,ols4_label
Crystal violet,crystalviolet,CHEBI:41688,crystal violet,1,MTBLS13513,ols4_label
cyathin C5,cyathinc5,CHEBI:203174,Cyathin C5,1,MTBLS14295,ols4_label
Cyclamate,cyclamate,CHEBI:82431,Cyclamate,1,MTBLS14059,ols4_label
Cyclic gmp,cyclicgmp,CHEBI:16356,"3',5'-cyclic GMP",1,MTBLS13513,ols4_synonym
Cyclocreatine,cyclocreatine,CHEBI:229254,Cyclocreatine,1,MTBLS9662,ols4_label
cyclo(glu-glu),cyclogluglu,CHEBI:228276,cyclo(Glu-Glu),1,MTBLS9662,ols4_label
Cyclohexanone,cyclohexanone,CHEBI:17854,cyclohexanone,1,ST000603,ols4_label
Cyclohexyl acetate,cyclohexylacetate,CHEBI:31447,Cyclohexyl acetate,1,MTBLS14295,ols4_label
Cyclohexylamine,cyclohexylamine,CHEBI:15773,cyclohexylamine,1,MTBLS13869,ols4_label
Cyclopentanone,cyclopentanone,CHEBI:16486,cyclopentanone,1,MTBLS13869,ols4_label
CYCLOPIAZONIC ACID,cyclopiazonicacid,CHEBI:38615,cyclopiazonic acid,1,MTBLS9662,ols4_label
cyclo(pro-pro),cyclopropro,CHEBI:228280,Cyclo(Pro-Pro),1,MTBLS9662,ols4_label
Cyclosulfamuron,cyclosulfamuron,CHEBI:81747,Cyclosulfamuron,1,MTBLS13513,ols4_label
Cyhalothrin,cyhalothrin,CHEBI:4035,cyhalothrin,1,MTBLS13513,ols4_label
Cyproconazole,cyproconazole,CHEBI:81758,cyproconazole,1,MTBLS13513,ols4_label
Cyromazine,cyromazine,CHEBI:30260,cyromazine,1,MTBLS9662,ols4_label
Cys-Gly-Lys,cysglylys,CHEBI:161363,Cys-Gly-Lys,1,MTBLS13513,ols4_label
"cys-gly, oxidized",cysglyoxidized,CHEBI:133040,Cys-Gly disulfide,1,ST001412,ols4_synonym
Cys-His-Lys,cyshislys,CHEBI:161403,Cys-His-Lys,1,MTBLS9662,ols4_label
Cys-Lys-Lys,cyslyslys,CHEBI:161523,Cys-Lys-Lys,1,MTBLS13513,ols4_label
Cys-Pro,cyspro,CHEBI:73461,Cys-Pro,1,MTBLS9662,ols4_label
cystathionine,cystathionine,CHEBI:17755,cystathionine,1,ST001412,ols4_label
cysteine,cysteine,CHEBI:15356,cysteine,1,ST001412,ols4_label
cysteinylglycine,cysteinylglycine,CHEBI:4047,L-cysteinylglycine,1,ST001412,ols4_synonym
cystine,cystine,CHEBI:17376,cystine,1,ST001412,ols4_label
Cystophorene,cystophorene,CHEBI:191588,Cystophorene,1,MTBLS14295,ols4_label
Cytarabine,cytarabine,CHEBI:28680,cytarabine,1,MTBLS5667,metabolights_maf:MTBLS5667
Cytidine 5'-diphosphate,cytidine5diphosphate,CHEBI:17239,CDP,1,MTBLS9662,ols4_synonym
Cytidine 5'-diphosphocholine,cytidine5diphosphocholine,CHEBI:16436,CDP-choline,1,MTBLS13513,ols4_synonym
Cytidine 5'-monophosphate,cytidine5monophosphate,CHEBI:17361,cytidine 5'-monophosphate,1,MTBLS13513,ols4_label
Cytidine monophosphate n-acetylneuraminic acid,cytidinemonophosphatenacetylneuraminicacid,CHEBI:16556,CMP-N-acetyl-beta-neuraminic acid,1,MTBLS13513,ols4_synonym
Cytochalasin H,cytochalasinh,CHEBI:216284,Cytochalasin H,1,MTBLS9662,ols4_label
cytochalasin U,cytochalasinu,CHEBI:221210,Cytochalasin U,1,MTBLS13869,ols4_label
Cytochalasin Z4,cytochalasinz4,CHEBI:199625,Cytochalasin Z4,1,MTBLS13869,ols4_label
Cytochalasin Z6,cytochalasinz6,CHEBI:204241,Cytochalasin Z6,1,MTBLS13869,ols4_label
D-1-Piperideine-2-carboxylic acid,d1piperideine2carboxylicacid,CHEBI:30912,1-piperideine-2-carboxylic acid,1,MTBLS5667,metabolights_maf:MTBLS5667
"D-2,3-Dihydroxypropanoic acid",d23dihydroxypropanoicacid,CHEBI:32398,D-glyceric acid,1,MTBLS5667,metabolights_maf:MTBLS5667
D-2-aminobutyric acid,d2aminobutyricacid,CHEBI:28797,D-alpha-aminobutyric acid,1,MTBLS13513,ols4_synonym
D6-Ambrettolide,d6ambrettolide,CHEBI:180521,D6-Ambrettolide,1,MTBLS14059,ols4_label
D8'-Merulinic acid A,d8merulinicacida,CHEBI:175125,D8'-Merulinic acid A,1,MTBLS13869,ols4_label
Dacarbazine,dacarbazine,CHEBI:4305,dacarbazine,1,MTBLS13513,ols4_label
Daidzein,daidzein,CHEBI:28197,daidzein,1,MTBLS9662,ols4_label
Daidzein 4'-sulfate,daidzein4sulfate,CHEBI:183911,Daidzein 4'-sulfate,1,MTBLS13513,ols4_label
Daidzein 7-O-glucuronide,daidzein7oglucuronide,CHEBI:166642,Daidzein 7-O-glucuronide,1,MTBLS13869,ols4_label
D-Alanine,dalanine,CHEBI:15570,D-alanine,1,MTBLS14059,ols4_label
D-Alanyl-D-Alanine,dalanyldalanine,CHEBI:16576,D-alanyl-D-alanine,1,ST003954,ols4_label
Dalbergin,dalbergin,CHEBI:4308,Dalbergin,1,MTBLS9662,ols4_label
D-Alloisoleucine,dalloisoleucine,CHEBI:20899,D-alloisoleucine,1,MTBLS9662,ols4_label
dalpatein,dalpatein,CHEBI:55549,dalpatein,1,MTBLS14295,ols4_label
Daminozide,daminozide,CHEBI:4312,Daminozide,1,MTBLS9662,ols4_label
Daphnoretin,daphnoretin,CHEBI:4324,daphnoretin,1,MTBLS9662,ols4_label
Dapt,dapt,CHEBI:86193,DAPT,1,MTBLS9662,ols4_label
D-arabinonic acid,darabinonicacid,CHEBI:20912,D-arabinonic acid,1,MTBLS13513,ols4_label
D-Arabinose,darabinose,CHEBI:17108,D-arabinose,1,MTBLS9662,ols4_label
Darunavir,darunavir,CHEBI:367163,darunavir,1,MTBLS13513,ols4_label
D-asparagine,dasparagine,CHEBI:28159,D-asparagine,1,MTBLS13513,ols4_label
Daunorubicin,daunorubicin,CHEBI:41977,daunorubicin,1,MTBLS13513,ols4_label
Dazomet,dazomet,CHEBI:75212,dazomet,1,MTBLS9662,ols4_label
DDAO,ddao,CHEBI:177036,DDAO,1,MTBLS13869,ols4_label
Deacetyldiltiazem,deacetyldiltiazem,CHEBI:169833,Deacetyldiltiazem,1,MTBLS9662,ols4_label
Debenzoylzucchini factor B,debenzoylzucchinifactorb,CHEBI:192200,Debenzoylzucchini factor B,1,MTBLS5667,metabolights_maf:MTBLS5667
Decahydrogambogic Acid,decahydrogambogicacid,CHEBI:183912,Decahydrogambogic acid,1,MTBLS13869,ols4_label
Decanoyl acetaldehyde,decanoylacetaldehyde,CHEBI:80815,Decanoyl acetaldehyde,1,MTBLS14295,ols4_label
Decenedioic acid,decenedioicacid,CHEBI:89730,cis-4-Decenedioic acid,1,MTBLS2774,metabolights_maf:MTBLS2774
Deferiprone,deferiprone,CHEBI:68554,deferiprone,1,MTBLS13869,ols4_label
Defluoroatorvastatin,defluoroatorvastatin,CHEBI:191096,Defluoroatorvastatin,1,MTBLS13513,ols4_label
DEHP,dehp,CHEBI:17747,bis(2-ethylhexyl) phthalate,1,MTBLS13869,ols4_synonym
Dehydroabietinol,dehydroabietinol,CHEBI:52486,dehydroabietadienol,1,MTBLS13869,ols4_synonym
Dehydroascorbic acid,dehydroascorbicacid,CHEBI:17242,dehydroascorbic acid,1,MTBLS9662,ols4_label
Dehydroepiandrosterone,dehydroepiandrosterone,CHEBI:28689,dehydroepiandrosterone,1,MTBLS13869,ols4_label
Dehydro-l-(+)-ascorbic acid dimer,dehydrolascorbicaciddimer,CHEBI:132138,dehydroascorbic acid dimer,1,MTBLS13513,ols4_synonym
Dehydronifedipine,dehydronifedipine,CHEBI:168902,dehydronifedipine,1,MTBLS13513,ols4_label
Dehydronuciferine,dehydronuciferine,CHEBI:174097,Dehydronuciferine,1,MTBLS14059,ols4_label
delta-CEHC,deltacehc,CHEBI:193172,delta-CEHC,1,ST001412,ols4_label
delta-Tocotrienol,deltatocotrienol,CHEBI:33276,delta-tocotrienol,1,MTBLS13869,ols4_label
Demethylated antipyrine,demethylatedantipyrine,CHEBI:190738,Demethylated antipyrine,1,MTBLS5667,metabolights_maf:MTBLS5667
dendrodolide C,dendrodolidec,CHEBI:208323,Dendrodolide C,1,MTBLS13869,ols4_label
Dendrodolide N,dendrodoliden,CHEBI:209686,Dendrodolide N,1,MTBLS13869,ols4_label
Deoxyadenosine,deoxyadenosine,CHEBI:17256,2'-deoxyadenosine,1,MTBLS13513,ols4_synonym
deoxycholate,deoxycholate,CHEBI:23614,deoxycholate,1,ST001412,ols4_label
deoxycholic acid glucuronide,deoxycholicacidglucuronide,CHEBI:233495,deoxycholic acid glucuronide,1,ST001412,ols4_label
Deoxycorticosterone,deoxycorticosterone,CHEBI:16973,11-deoxycorticosterone,1,MTBLS13869,ols4_synonym
Deoxypentalenylglucuron,deoxypentalenylglucuron,CHEBI:223081,Deoxypentalenylglucuron,1,MTBLS13869,ols4_label
Deoxyribose 5-phosphate,deoxyribose5phosphate,CHEBI:190741,Deoxyribose 5-phosphate,1,MTBLS5667,metabolights_maf:MTBLS5667
Deoxyuridine,deoxyuridine,CHEBI:16450,2'-deoxyuridine,1,MTBLS13869,ols4_synonym
Deoxyuridine triphosphate,deoxyuridinetriphosphate,CHEBI:17625,dUTP,1,MTBLS9662,ols4_synonym
D-Erythronolactone,derythronolactone,CHEBI:87625,"erythrono-1,4-lactone",1,MTBLS9662,ols4_synonym
D-erythrose 4-phosphate,derythrose4phosphate,CHEBI:48153,D-erythrose 4-phosphate,1,MTBLS13513,ols4_label
D-Erythrulose,derythrulose,CHEBI:16023,D-erythrulose,1,MTBLS9662,ols4_label
Desaminotyrosine,desaminotyrosine,CHEBI:32980,phloretic acid,1,MTBLS14295,ols4_synonym
Desferal-iron(III),desferalironiii,CHEBI:5044,ferrioxamine B,1,MTBLS9662,ols4_synonym
desmethylnaproxen,desmethylnaproxen,CHEBI:133474,desmethylnaproxen,1,ST001412,ols4_label
desmethylnaproxen sulfate,desmethylnaproxensulfate,CHEBI:133458,desmethylnaproxen sulfate,1,ST001412,ols4_label
Desmethylxanthohumol,desmethylxanthohumol,CHEBI:80489,desmethylxanthohumol,1,MTBLS13513,ols4_label
Desmosterol,desmosterol,CHEBI:17737,desmosterol,1,MTBLS13869,ols4_label
Desogestrel,desogestrel,CHEBI:4453,desogestrel,1,MTBLS13869,ols4_label
Desomorphine,desomorphine,CHEBI:135119,desomorphine,1,MTBLS13513,ols4_label
Dexamethasone,dexamethasone,CHEBI:41879,dexamethasone,1,MTBLS5667,metabolights_maf:MTBLS5667
Dexibuprofen,dexibuprofen,CHEBI:43415,dexibuprofen,1,MTBLS9662,ols4_label
"DG(14:0/22:5(4Z,7Z,10Z,13Z,16Z)/0:0)",dg1402254z7z10z13z16z00,CHEBI:88789,"DG(14:0/22:5(4Z,7Z,10Z,13Z,16Z)/0:0)",1,MTBLS2774,metabolights_maf:MTBLS2774
"DG(18:2(9Z,12Z)/18:2(9Z,12Z)/0:0)",dg1829z12z1829z12z00,CHEBI:77127,"1,2-dilinoleoyl-sn-glycerol",1,MTBLS5667,metabolights_maf:MTBLS5667
"DG(18:3(6Z,9Z,12Z)/20:3(5Z,8Z,11Z)/0:0)",dg1836z9z12z2035z8z11z00,CHEBI:89162,"DG(18:3(6Z,9Z,12Z)/20:3(5Z,8Z,11Z)/0:0)",1,MTBLS5667,metabolights_maf:MTBLS5667
"DG(22:4(7Z,10Z,13Z,16Z)/14:1(9Z)/0:0)",dg2247z10z13z16z1419z00,CHEBI:89812,"DG(22:4(7Z,10Z,13Z,16Z)/14:1(9Z)/0:0)",1,MTBLS5667,metabolights_maf:MTBLS5667
"D-Galactaro-1,5-lactone",dgalactaro15lactone,CHEBI:84190,"D-galactaro-1,5-lactone",1,MTBLS13869,ols4_label
D-Galactose,dgalactose,CHEBI:12936,D-galactose,1,MTBLS9662,ols4_label
Dg-c8-aac,dgc8aac,CHEBI:184040,Dg-c8-aac,1,MTBLS13513,ols4_label
D-glucarate,dglucarate,CHEBI:30612,D-glucarate(2-),1,MTBLS13513,ols4_synonym
D-gluconate,dgluconate,CHEBI:18391,D-gluconate,1,MTBLS13513,ols4_label
D-Gluconic Acid,dgluconicacid,CHEBI:33198,D-gluconic acid,1,MTBLS9662,ols4_label
D-glucosamine 6-phosphate,dglucosamine6phosphate,CHEBI:12962,D-glucosamine 6-phosphate,1,MTBLS13513,ols4_label
D-Glucose,dglucose,CHEBI:4167,D-glucopyranose,1,MTBLS5667,metabolights_maf:MTBLS5667
D-Glutamic acid,dglutamicacid,CHEBI:15966,D-glutamic acid,1,MTBLS5667,metabolights_maf:MTBLS5667
D-Glyceraldehyde 3-phosphate,dglyceraldehyde3phosphate,CHEBI:29052,D-glyceraldehyde 3-phosphate,1,MTBLS14059,ols4_label
D-Homocysteine,dhomocysteine,CHEBI:183322,D-Homocysteine,1,ST003954,ols4_label
Di(2-nonyl) phthalate,di2nonylphthalate,CHEBI:184041,Di(2-nonyl) phthalate,1,MTBLS14059,ols4_label
Diacetylrhein,diacetylrhein,CHEBI:94708,"4,5-diacetyloxy-9,10-dioxo-2-anthracenecarboxylic acid",1,MTBLS13513,ols4_synonym
Diaveridine,diaveridine,CHEBI:123115,diaveridine,1,MTBLS13869,ols4_label
Diazinon,diazinon,CHEBI:34682,diazinon,1,MTBLS13513,ols4_label
Dibefurin,dibefurin,CHEBI:214717,Dibefurin,1,MTBLS13869,ols4_label
Dibenzylamine,dibenzylamine,CHEBI:189125,Dibenzylamine,1,MTBLS14059,ols4_label
Dibucaine,dibucaine,CHEBI:247956,cinchocaine,1,MTBLS13513,ols4_synonym
Dibutyl adipate,dibutyladipate,CHEBI:34686,Dibutyl adipate,1,MTBLS14295,ols4_label
Dibutyl phosphate,dibutylphosphate,CHEBI:166473,Dibutyl phosphate,1,MTBLS13869,ols4_label
Dicamba,dicamba,CHEBI:81856,dicamba,1,MTBLS14059,ols4_label
Dichlorprop,dichlorprop,CHEBI:75375,dichlorprop,1,MTBLS9662,ols4_label
Dichlorprop-P,dichlorpropp,CHEBI:75373,(R)-dichlorprop,1,MTBLS9662,ols4_synonym
Diclofop,diclofop,CHEBI:81909,diclofop,1,MTBLS13513,ols4_label
Dicranin,dicranin,CHEBI:65768,"(9Z,12Z,15Z)-octadeca-9,12,15-trien-6-ynoic acid",1,MTBLS13869,ols4_synonym
Dicyclohexyl phthalate,dicyclohexylphthalate,CHEBI:34693,Dicyclohexyl phthalate,1,MTBLS14295,ols4_label
"Didodecyl 3,3'-thiodipropionate oxide",didodecyl33thiodipropionateoxide,CHEBI:195269,"Didodecyl 3,3'-thiodipropionate oxide",1,MTBLS13513,ols4_label
Diethyl adipate,diethyladipate,CHEBI:34697,Diethyl adipate,1,MTBLS14295,ols4_label
Diethyl phthalate,diethylphthalate,CHEBI:34698,diethyl phthalate,1,MTBLS13869,ols4_label
Diethylstilbestrol monomethyl ether,diethylstilbestrolmonomethylether,CHEBI:34702,Diethylstilbestrol monomethyl ether,1,MTBLS13869,ols4_label
Diethyltoluamide,diethyltoluamide,CHEBI:7071,"N,N-diethyl-m-toluamide",1,MTBLS14295,ols4_synonym
Difenacoum,difenacoum,CHEBI:80743,Difenacoum,1,MTBLS13513,ols4_label
Diflorasone diacetate,diflorasonediacetate,CHEBI:31483,diflorasone diacetate,1,MTBLS13513,ols4_label
dihomo-linoleate (20:2n6),dihomolinoleate202n6,CHEBI:88670,Dihomo-linoleate (20:2n6),1,ST001412,ols4_label
"Dihydro-4,4-dimethyl-2,3-furandione",dihydro44dimethyl23furandione,CHEBI:18395,2-dehydropantolactone,1,MTBLS13513,ols4_synonym
Dihydroamorphigenin,dihydroamorphigenin,CHEBI:186058,Dihydroamorphigenin,1,MTBLS13869,ols4_label
Dihydrocaffeic acid 3-O-glucuronide,dihydrocaffeicacid3oglucuronide,CHEBI:176466,Dihydrocaffeic acid 3-O-glucuronide,1,MTBLS14295,ols4_label
Dihydrocapsaicin,dihydrocapsaicin,CHEBI:46932,dihydrocapsaicin,1,MTBLS9662,ols4_label
Dihydrocapsiate,dihydrocapsiate,CHEBI:174951,Dihydrocapsiate,1,MTBLS14295,ols4_label
Dihydrocitrinone,dihydrocitrinone,CHEBI:235420,Dihydrocitrinone,1,MTBLS13869,ols4_label
Dihydrodioscorine,dihydrodioscorine,CHEBI:184336,"4',5-Dimethyl-5-azaspiro[bicyclo[2.2.2]octane-2,2'-oxane]-6'-one",1,MTBLS5667,metabolights_maf:MTBLS5667
Dihydrofolic acid,dihydrofolicacid,CHEBI:15633,dihydrofolic acid,1,MTBLS9662,ols4_label
Dihydroisoferulic acid,dihydroisoferulicacid,CHEBI:189726,dihydroisoferulic acid,1,MTBLS13513,ols4_label
Dihydrojasmonic acid,dihydrojasmonicacid,CHEBI:23747,dihydrojasmonic acid,1,MTBLS5667,metabolights_maf:MTBLS5667
Dihydrolipoate,dihydrolipoate,CHEBI:18047,dihydrolipoic acid,1,MTBLS5667,metabolights_maf:MTBLS5667
Dihydromonacolin L acid,dihydromonacolinlacid,CHEBI:82970,dihydromonacolin L acid,1,MTBLS14295,ols4_label
Dihydroneopterin phosphate,dihydroneopterinphosphate,CHEBI:48954,"7,8-dihydroneopterin 3'-phosphate",1,MTBLS9662,ols4_synonym
dihydroorotate,dihydroorotate,CHEBI:30867,dihydroorotate,1,ST001412,ols4_label
Dihydropteroic acid,dihydropteroicacid,CHEBI:4581,"7,8-dihydropteroic acid",1,MTBLS2774,metabolights_maf:MTBLS2774
Dihydrosphingosine,dihydrosphingosine,CHEBI:16566,sphinganine,1,MTBLS13869,ols4_synonym
Dihydrosuberenol,dihydrosuberenol,CHEBI:174459,Dihydrosuberenol,1,MTBLS5667,metabolights_maf:MTBLS5667
Dihydrothymine,dihydrothymine,CHEBI:27468,"5,6-dihydrothymine",1,MTBLS5667,metabolights_maf:MTBLS5667
Dihydroxyacetone phosphate,dihydroxyacetonephosphate,CHEBI:16108,dihydroxyacetone phosphate,1,MTBLS13513,ols4_label
Dihydroxyoctadecenoic acid,dihydroxyoctadecenoicacid,CHEBI:72662,DiHOME,1,MTBLS14295,ols4_synonym
Dihydroxyphenylacetic acid,dihydroxyphenylaceticacid,CHEBI:61409,dihydroxyphenylacetic acid,1,MTBLS2774,metabolights_maf:MTBLS2774
Dihyroxy-1H-indole glucuronide I,dihyroxy1hindoleglucuronidei,CHEBI:88744,Dihyroxy-1H-indole glucuronide I,1,MTBLS14295,ols4_label
Diisononyl phthalate,diisononylphthalate,CHEBI:35459,diisononyl phthalate,1,MTBLS14295,ols4_label
Diisooctyl phthalate,diisooctylphthalate,CHEBI:34710,Diisooctyl phthalate,1,MTBLS14295,ols4_label
diltiazem,diltiazem,CHEBI:101278,diltiazem,1,ST001412,ols4_label
Dimefuron,dimefuron,CHEBI:81957,Dimefuron,1,MTBLS13513,ols4_label
Dimethisterone,dimethisterone,CHEBI:4606,Dimethisterone,1,MTBLS13869,ols4_label
Dimethylallyltryptophan,dimethylallyltryptophan,CHEBI:28473,Dimethylallyltryptophan,1,MTBLS2774,metabolights_maf:MTBLS2774
Dimethylarginine,dimethylarginine,CHEBI:86468,dimethylarginine,1,ST003984,ols4_label
Dimethylbenzyl carbinyl hexanoate,dimethylbenzylcarbinylhexanoate,CHEBI:138770,2-methyl-1-phenyl-2-propanyl hexanoate,1,MTBLS14295,ols4_synonym
Dimethyl carbonate,dimethylcarbonate,CHEBI:36596,dimethyl carbonate,1,MTBLS14059,ols4_label
Dimethylethanolamine,dimethylethanolamine,CHEBI:271436,"N,N-dimethylethanolamine",1,MTBLS13869,ols4_synonym
Dimethylmalonic acid,dimethylmalonicacid,CHEBI:111517,dimethylmalonic acid,1,MTBLS14295,ols4_label
dimethyl sulfone,dimethylsulfone,CHEBI:9349,sulfonyldimethane,1,ST001412,ols4_synonym
Dimetridazole,dimetridazole,CHEBI:141155,dimetridazole,1,MTBLS13513,ols4_label
Dinaciclib,dinaciclib,CHEBI:95060,dinaciclib,1,MTBLS9662,ols4_label
DINITROSOPENTAMETHYLENETETRAMINE,dinitrosopentamethylenetetramine,CHEBI:82457,Dinitrosopentamethylenetetramine,1,MTBLS13869,ols4_label
Dinoseb,dinoseb,CHEBI:34719,dinoseb,1,MTBLS9662,ols4_label
dioctylamine,dioctylamine,CHEBI:132284,dioctylamine,1,MTBLS14295,ols4_label
Dioleoylphosphatidylcholine,dioleoylphosphatidylcholine,CHEBI:60428,dioleoyl phosphatidylcholine,1,MTBLS2774,metabolights_maf:MTBLS2774
Diosgenin,diosgenin,CHEBI:4629,diosgenin,1,MTBLS9662,ols4_label
Diphenolic acid,diphenolicacid,CHEBI:34721,Diphenolic acid,1,MTBLS13869,ols4_label
DIPHENYL DISULFIDE,diphenyldisulfide,CHEBI:174102,Diphenyl disulfide,1,MTBLS13869,ols4_label
Diphenyl phosphate,diphenylphosphate,CHEBI:166468,Diphenyl phosphate,1,MTBLS13869,ols4_label
Disialyllactose,disialyllactose,CHEBI:59210,alpha-Neup5Ac-(2->8)-alpha-Neup5Ac-(2->3)-beta-D-Galp-(1->4)-beta-D-Glcp,1,MTBLS13513,ols4_synonym
Diuron-desdimethyl,diurondesdimethyl,CHEBI:83464,diuron-desdimethyl,1,MTBLS14059,ols4_label
DL-2-Aminooctanoic acid,dl2aminooctanoicacid,CHEBI:75145,2-aminooctanoic acid,1,MTBLS5667,metabolights_maf:MTBLS5667
D-Lactaldehyde,dlactaldehyde,CHEBI:17167,(R)-lactaldehyde,1,MTBLS9662,ols4_synonym
D-Lactic acid,dlacticacid,CHEBI:42111,(R)-lactic acid,1,MTBLS14059,ols4_synonym
DL-Cycloserine,dlcycloserine,CHEBI:27792,DL-cycloserine,1,MTBLS13869,ols4_label
D-Leucine,dleucine,CHEBI:28225,D-leucine,1,MTBLS13869,ols4_label
DL-histidine,dlhistidine,CHEBI:27570,histidine,1,MTBLS13513,ols4_synonym
DL-O-tyrosine,dlotyrosine,CHEBI:89461,o-tyrosine,1,MTBLS9662,ols4_synonym
Dl-threonine methyl ester,dlthreoninemethylester,CHEBI:184044,Dl-threonine methyl ester,1,MTBLS13513,ols4_label
Dl-tmap,dltmap,CHEBI:181860,DL-Tmap,1,MTBLS13513,ols4_label
D-Lysine,dlysine,CHEBI:16855,D-lysine,1,MTBLS13869,ols4_label
D-lyxose,dlyxose,CHEBI:62318,D-lyxose,1,MTBLS13513,ols4_label
DMABA-d10 NHS ester,dmabad10nhsester,CHEBI:230062,DMABA-d10 NHS ester,1,MTBLS9662,ols4_label
D-mannitol 1-phosphate,dmannitol1phosphate,CHEBI:16298,D-mannitol 1-phosphate,1,MTBLS13513,ols4_label
D-mannose 1-phosphate,dmannose1phosphate,CHEBI:35374,D-mannose 1-phosphate,1,MTBLS13513,ols4_label
DMH-1,dmh1,CHEBI:86289,DMH1,1,MTBLS13869,ols4_synonym
"d-Myo-inositol-1,4,5-triphosphate",dmyoinositol145triphosphate,CHEBI:16595,"1D-myo-inositol 1,4,5-trisphosphate",1,MTBLS9662,ols4_synonym
D-N-(Carboxyacetyl)alanine,dncarboxyacetylalanine,CHEBI:173805,D-N-(Carboxyacetyl)alanine,1,MTBLS5667,metabolights_maf:MTBLS5667
D-neopterin,dneopterin,CHEBI:49771,D-erythro-neopterin,1,MTBLS13513,ols4_synonym
"Docosa-2,4,6,8,10-pentaenoic acid",docosa246810pentaenoicacid,CHEBI:231216,"Docosa-2,4,6,8,10-pentaenoic acid",1,MTBLS13869,ols4_label
docosadienoate (22:2n6),docosadienoate222n6,CHEBI:145970,"13,16-docosadienoic acid",1,ST001412,ols4_synonym
Docosahexaenoic acid ethyl ester,docosahexaenoicacidethylester,CHEBI:167855,Docosahexaenoic acid ethyl ester,1,MTBLS14295,ols4_label
docosahexaenoylcholine,docosahexaenoylcholine,CHEBI:232915,docosahexaenoylcholine,1,ST001412,ols4_label
Docosanedioate,docosanedioate,CHEBI:76299,docosanedioate(2-),1,MTBLS13869,ols4_synonym
Dodecamethylcyclohexasiloxane,dodecamethylcyclohexasiloxane,CHEBI:191103,Dodecamethylcyclohexasiloxane,1,MTBLS13869,ols4_label
Dodecanamide,dodecanamide,CHEBI:34726,dodecanamide,1,MTBLS13869,ols4_label
Dodecyl sulfate,dodecylsulfate,CHEBI:23872,dodecyl sulfate,1,MTBLS13869,ols4_label
Dolasetron,dolasetron,CHEBI:4682,dolasetron,1,MTBLS13513,ols4_label
Donhexocin,donhexocin,CHEBI:173302,Donhexocin,1,MTBLS9662,ols4_label
DOPA,dopa,CHEBI:49168,dopa,1,ST003984,ols4_label
dopamine 3-O-sulfate,dopamine3osulfate,CHEBI:37946,dopamine 3-O-sulfate,1,ST001412,ols4_label
Dopamine glucuronide,dopamineglucuronide,CHEBI:88776,Dopamine glucuronide,1,MTBLS2774,metabolights_maf:MTBLS2774
Doramapimod,doramapimod,CHEBI:40953,doramapimod,1,MTBLS9662,ols4_label
D-Ornithine,dornithine,CHEBI:16176,D-ornithine,1,MTBLS9662,ols4_label
Doxorubicin,doxorubicin,CHEBI:28748,doxorubicin,1,MTBLS13513,ols4_label
D-(+)-Pantothenic acid,dpantothenicacid,CHEBI:46905,(R)-pantothenic acid,1,MTBLS14059,ols4_synonym
D-phenylalanine,dphenylalanine,CHEBI:16998,D-phenylalanine,1,MTBLS9662,ols4_label
D-Prolinol,dprolinol,CHEBI:84258,D-prolinol,1,MTBLS13869,ols4_label
D-pyroglutamic acid,dpyroglutamicacid,CHEBI:16924,5-oxo-D-proline,1,MTBLS13513,ols4_synonym
D-Quinovose,dquinovose,CHEBI:28140,D-quinovose,1,MTBLS9662,ols4_label
D-ribulose 5-phosphate,dribulose5phosphate,CHEBI:17363,D-ribulose 5-phosphate,1,MTBLS13513,ols4_label
Drofenine,drofenine,CHEBI:748823,drofenine,1,MTBLS13869,ols4_label
Dronedarone,dronedarone,CHEBI:50659,dronedarone,1,MTBLS13513,ols4_label
D-Sorbitol,dsorbitol,CHEBI:17924,D-glucitol,1,MTBLS13513,ols4_synonym
D-Threitol,dthreitol,CHEBI:48300,D-threitol,1,MTBLS13513,ols4_label
d-Tocotrienol,dtocotrienol,CHEBI:166698,d-Tocotrienol,1,MTBLS5667,metabolights_maf:MTBLS5667
D-tryptophan,dtryptophan,CHEBI:16296,D-tryptophan,1,MTBLS13513,ols4_label
D-turanose,dturanose,CHEBI:32528,turanose,1,MTBLS13513,ols4_synonym
Dulcitol,dulcitol,CHEBI:16813,galactitol,1,MTBLS13513,ols4_synonym
Dulxanthone E,dulxanthonee,CHEBI:172634,Dulxanthone E,1,MTBLS13869,ols4_label
D-Urobilin,durobilin,CHEBI:4259,D-Urobilin,1,MTBLS2774,metabolights_maf:MTBLS2774
D-Xylitol,dxylitol,CHEBI:17151,xylitol,1,MTBLS5667,metabolights_maf:MTBLS5667
D-Xylulose,dxylulose,CHEBI:17140,D-xylulose,1,MTBLS5667,metabolights_maf:MTBLS5667
(E)-3-Octene,e3octene,CHEBI:88863,(E)-3-octene,1,MTBLS14059,ols4_label
(E)-4'-Methylresveratrol 3-glucoside,e4methylresveratrol3glucoside,CHEBI:175994,(E)-4'-Methylresveratrol 3-glucoside,1,MTBLS5667,metabolights_maf:MTBLS5667
Ecdysone palmitate,ecdysonepalmitate,CHEBI:17551,ecdysone palmitate,1,MTBLS9662,ols4_label
Ecgonine,ecgonine,CHEBI:4743,ecgonine,1,MTBLS13513,ols4_label
Ecgonine methyl ester,ecgoninemethylester,CHEBI:31529,ecgonine methyl ester,1,MTBLS13869,ols4_label
Ecklonialactone A,ecklonialactonea,CHEBI:168744,Ecklonialactone A,1,MTBLS13869,ols4_label
"(E,E)-4,4''-Bi(N-4-hydroxycinnamoylserotonin)",ee44bin4hydroxycinnamoylserotonin,CHEBI:192316,"(E,E)-4,4''-Bi(N-4-hydroxycinnamoylserotonin)",1,MTBLS9662,ols4_label
Eflornithine,eflornithine,CHEBI:41948,eflornithine,1,MTBLS13513,ols4_label
Eicosanedioic acid,eicosanedioicacid,CHEBI:73728,icosanedioic acid,1,MTBLS13869,ols4_synonym
Eicosanoyl-EA,eicosanoylea,CHEBI:85253,N-(icosanoyl)ethanolamine,1,MTBLS13869,ols4_synonym
Eicosatetraenoic acid,eicosatetraenoicacid,CHEBI:166893,eicosatetraenoic acid,1,MTBLS13869,ols4_label
Elenaic acid,elenaicacid,CHEBI:174252,Elenaic acid,1,MTBLS9662,ols4_label
Emtricitabine,emtricitabine,CHEBI:31536,emtricitabine,1,MTBLS13513,ols4_label
Enalapril,enalapril,CHEBI:4784,enalapril,1,MTBLS13513,ols4_label
Enhydrin,enhydrin,CHEBI:4793,Enhydrin,1,MTBLS13513,ols4_label
Enilconazole,enilconazole,CHEBI:81927,enilconazole,1,MTBLS9662,ols4_label
Ensulizole,ensulizole,CHEBI:135132,ensulizole,1,MTBLS9662,ols4_label
"ent-16b,19-Kauranediol 19-acetate",ent16b19kauranediol19acetate,CHEBI:171876,"ent-16b,19-Kauranediol 19-acetate",1,MTBLS14295,ols4_label
Enterodiol,enterodiol,CHEBI:81556,Enterodiol,1,MTBLS2774,metabolights_maf:MTBLS2774
Enterolactone,enterolactone,CHEBI:81555,Enterolactone,1,MTBLS13869,ols4_label
Ephedrine,ephedrine,CHEBI:15407,(-)-ephedrine,1,MTBLS13869,ols4_synonym
Epigoitrin,epigoitrin,CHEBI:183228,(R)-goitrin,1,MTBLS13869,ols4_synonym
Eplerenone,eplerenone,CHEBI:31547,eplerenone,1,MTBLS9662,ols4_label
Epoprostenol,epoprostenol,CHEBI:15552,prostaglandin I2,1,MTBLS13869,ols4_synonym
Epoxyeicosatrienoic acid,epoxyeicosatrienoicacid,CHEBI:64007,EET,1,MTBLS13869,ols4_synonym
Eprosartan,eprosartan,CHEBI:4814,eprosartan,1,MTBLS13513,ols4_label
Equol,equol,CHEBI:34741,equol,1,MTBLS13869,ols4_label
Eremofortin A,eremofortina,CHEBI:220129,Eremofortin A,1,MTBLS13869,ols4_label
Ergosterol peroxide,ergosterolperoxide,CHEBI:65858,ergosterol peroxide,1,MTBLS13869,ols4_label
Eriodictin,eriodictin,CHEBI:186238,Eriodictin,1,MTBLS14295,ols4_label
Erucic acid,erucicacid,CHEBI:28792,erucic acid,1,MTBLS14295,ols4_label
"Erythrono-1,4-lactone",erythrono14lactone,CHEBI:87625,"erythrono-1,4-lactone",1,MTBLS5667,metabolights_maf:MTBLS5667
escitalopram,escitalopram,CHEBI:36791,escitalopram,1,ST001412,ols4_label
"Estra-1,3,5(10)-triene-3,17-diol",estra13510triene317diol,CHEBI:23965,estradiol,1,MTBLS9662,ols4_synonym
Estradiol-3-sulfate,estradiol3sulfate,CHEBI:4866,17beta-estradiol 3-sulfate,1,MTBLS9662,ols4_synonym
Estradiol cypionate,estradiolcypionate,CHEBI:34745,Estradiol 17beta-cyclopentylpropionate,1,MTBLS9662,ols4_synonym
Estrane,estrane,CHEBI:23966,estrane,1,MTBLS13869,ols4_label
estrone 3-sulfate,estrone3sulfate,CHEBI:17474,estrone 3-sulfate,1,MTBLS9662,ols4_label
Ethanolamine,ethanolamine,CHEBI:16000,ethanolamine,1,ST003954,ols4_label
Ethionamide,ethionamide,CHEBI:4885,ethionamide,1,MTBLS9662,ols4_label
Ethirimol,ethirimol,CHEBI:81989,ethirimol,1,MTBLS9662,ols4_label
Ethyl 3-hydroxydodecanoate,ethyl3hydroxydodecanoate,CHEBI:171863,Ethyl 3-hydroxydodecanoate,1,MTBLS14295,ols4_label
Ethyl 3-Indoleacetate,ethyl3indoleacetate,CHEBI:166543,Ethyl 3-indoleacetate,1,MTBLS9662,ols4_label
Ethyl 3-(N-butylacetamido)propionate,ethyl3nbutylacetamidopropionate,CHEBI:81991,Ethyl 3-(N-butylacetamido)propionate,1,MTBLS14295,ols4_label
ethyl alpha-glucopyranoside,ethylalphaglucopyranoside,CHEBI:233902,ethyl alpha-glucopyranoside,1,ST001412,ols4_label
Ethylbenzene,ethylbenzene,CHEBI:16101,ethylbenzene,1,ST000603,ols4_label
Ethylenethiourea,ethylenethiourea,CHEBI:34750,Ethylenethiourea,1,MTBLS2774,metabolights_maf:MTBLS2774
Ethyl hexadecanoate,ethylhexadecanoate,CHEBI:84932,ethyl hexadecanoate,1,MTBLS5667,metabolights_maf:MTBLS5667
Ethylhexyl salicylate,ethylhexylsalicylate,CHEBI:88639,Ethylhexyl salicylate,1,MTBLS14295,ols4_label
Ethyl isovalerate,ethylisovalerate,CHEBI:31571,ethyl isovalerate,1,MTBLS14295,ols4_label
ethylmalonate,ethylmalonate,CHEBI:132938,ethylmalonate,1,ST001412,ols4_label
Ethylmalonic acid,ethylmalonicacid,CHEBI:741548,ethylmalonic acid,1,MTBLS13513,ols4_label
Ethyl N-acetyl-L-tyrosinate,ethylnacetylltyrosinate,CHEBI:28828,ethyl N-acetyl-L-tyrosinate,1,MTBLS9662,ols4_label
ethylparaben sulfate,ethylparabensulfate,CHEBI:133704,ethyl 4-hydroxybenzoate sulfate,1,ST001412,ols4_synonym
Ethyl tetradecanoate,ethyltetradecanoate,CHEBI:84849,ethyl myristate,1,MTBLS9662,ols4_synonym
Ethyl vanillate,ethylvanillate,CHEBI:181310,Ethyl vanillate,1,MTBLS13513,ols4_label
Ethyl vanillin isobutyrate,ethylvanillinisobutyrate,CHEBI:143870,ethyl vanillin isobutyrate,1,MTBLS14295,ols4_label
Etidronic acid,etidronicacid,CHEBI:4907,etidronic acid,1,MTBLS9662,ols4_label
etiocholanolone glucuronide,etiocholanoloneglucuronide,CHEBI:133504,etiocholanolone 3-glucuronide,1,ST001412,ols4_synonym
Etobenzanid,etobenzanid,CHEBI:81790,Etobenzanid,1,MTBLS9662,ols4_label
Etoposide,etoposide,CHEBI:4911,etoposide,1,MTBLS13513,ols4_label
Euparin,euparin,CHEBI:67437,Euparin,1,MTBLS13869,ols4_label
eurysterol A sulfonic acid,eurysterolasulfonicacid,CHEBI:68591,eurysterol A sulfonic acid,1,MTBLS13869,ols4_label
Euscaphic acid,euscaphicacid,CHEBI:67914,euscaphic acid,1,MTBLS9662,ols4_label
Evoxanthidine,evoxanthidine,CHEBI:4951,Evoxanthidine,1,MTBLS9662,ols4_label
Evoxine,evoxine,CHEBI:4952,Evoxine,1,MTBLS13513,ols4_label
EXC4,exc4,CHEBI:63984,eoxin C4,1,MTBLS13869,ols4_synonym
Exemestane,exemestane,CHEBI:4953,exemestane,1,MTBLS13869,ols4_label
Falcarinol,falcarinol,CHEBI:66722,Panaxynol,1,MTBLS13869,ols4_synonym
F-Amidine,famidine,CHEBI:188065,F-Amidine,1,MTBLS13869,ols4_label
Farnesoic acid,farnesoicacid,CHEBI:36969,farnesoic acid,1,MTBLS14295,ols4_label
Farnesylacetone,farnesylacetone,CHEBI:67252,farnesyl acetone,1,MTBLS9662,ols4_synonym
Fellutanine D,fellutanined,CHEBI:198174,Fellutanine D,1,MTBLS13869,ols4_label
Fenazaflor,fenazaflor,CHEBI:82159,Fenazaflor,1,MTBLS9662,ols4_label
Fenazaquin,fenazaquin,CHEBI:38593,fenazaquin,1,MTBLS13513,ols4_label
Fenfluramine,fenfluramine,CHEBI:5000,fenfluramine,1,MTBLS9662,ols4_label
Fenfuram,fenfuram,CHEBI:81994,fenfuram,1,MTBLS13513,ols4_label
Fenofibrate,fenofibrate,CHEBI:5001,fenofibrate,1,MTBLS9662,ols4_label
Fenoldopam,fenoldopam,CHEBI:5002,fenoldopam,1,MTBLS9662,ols4_label
Fenothiocarb,fenothiocarb,CHEBI:5006,Fenothiocarb,1,MTBLS9662,ols4_label
Fenpiclonil,fenpiclonil,CHEBI:34759,fenpiclonil,1,MTBLS9662,ols4_label
Fenson,fenson,CHEBI:82160,Fenson,1,MTBLS9662,ols4_label
Fenuron,fenuron,CHEBI:5013,fenuron,1,MTBLS9662,ols4_label
Ferimzone,ferimzone,CHEBI:81844,ferimzone,1,MTBLS9662,ols4_label
Ferulic acid 4-sulfate,ferulicacid4sulfate,CHEBI:133508,ferulic acid 4-sulfate,1,MTBLS13869,ols4_label
Feruloyl C1-glucuronide,feruloylc1glucuronide,CHEBI:168179,Feruloyl C1-glucuronide,1,MTBLS14295,ols4_label
Feruloylcholine,feruloylcholine,CHEBI:168277,Feruloylcholine,1,MTBLS9662,ols4_label
Flibanserin,flibanserin,CHEBI:90865,flibanserin,1,MTBLS9662,ols4_label
Floionolic acid,floionolicacid,CHEBI:197233,Floionolic acid,1,MTBLS13869,ols4_label
Flonicamid,flonicamid,CHEBI:39291,flonicamid,1,MTBLS13513,ols4_label
Fluazifop-butyl,fluazifopbutyl,CHEBI:5097,fluazifop-butyl,1,MTBLS13513,ols4_label
Flubendazole,flubendazole,CHEBI:77095,flubendazole,1,MTBLS9662,ols4_label
Flufenacet,flufenacet,CHEBI:81920,flufenacet,1,MTBLS13513,ols4_label
Fluorodifen,fluorodifen,CHEBI:5116,Fluorodifen,1,MTBLS9662,ols4_label
Fluorouracil,fluorouracil,CHEBI:46345,5-fluorouracil,1,MTBLS9662,ols4_synonym
fluoxetine,fluoxetine,CHEBI:5118,fluoxetine,1,ST001412,ols4_label
Flusulfamide,flusulfamide,CHEBI:81801,flusulfamide,1,MTBLS9662,ols4_label
Formoterol,formoterol,CHEBI:5147,formoterol,1,MTBLS13513,ols4_label
Formothion,formothion,CHEBI:82126,Formothion,1,MTBLS9662,ols4_label
Forsythoside e,forsythosidee,CHEBI:228871,Forsythoside E,1,MTBLS13513,ols4_label
Fructose-1P,fructose1p,CHEBI:78737,fructose 1-phosphate,1,MTBLS5667,metabolights_maf:MTBLS5667
fructosyllysine,fructosyllysine,CHEBI:24109,fructosyllysine,1,ST001412,ols4_label
Fulvestrant 9-sulfone,fulvestrant9sulfone,CHEBI:183917,Fulvestrant 9-sulfone,1,MTBLS13513,ols4_label
Fumagillol,fumagillol,CHEBI:324935,fumagillol,1,MTBLS9662,ols4_label
Furaltadone,furaltadone,CHEBI:74803,furaltadone,1,MTBLS13513,ols4_label
Furanogermenone,furanogermenone,CHEBI:81126,Furanogermenone,1,MTBLS14059,ols4_label
Furanone A,furanonea,CHEBI:200941,Furanone A,1,MTBLS13869,ols4_label
Furfuryl octanoate,furfuryloctanoate,CHEBI:174158,Furfuryl octanoate,1,MTBLS14295,ols4_label
Galabiosylceramide (d18:1/24:1(15Z)),galabiosylceramided18124115z,CHEBI:84765,beta-D-galactosyl-(1->4)-beta-D-glucosyl-(1<->1)-N-[(15Z)-tetracosenoyl]sphingosine,1,MTBLS2774,metabolights_maf:MTBLS2774
galactonate,galactonate,CHEBI:24148,galactonate,1,ST001412,ols4_label
Galactonic acid,galactonicacid,CHEBI:24149,galactonic acid,1,MTBLS9662,ols4_label
Galactose,galactose,CHEBI:28260,galactose,1,MTBLS13869,ols4_label
Galacturonic acid,galacturonicacid,CHEBI:33830,galacturonic acid,1,MTBLS5667,metabolights_maf:MTBLS5667
Gallic acid,gallicacid,CHEBI:30778,gallic acid,1,MTBLS13513,ols4_label
Gallic acid methyl ester,gallicacidmethylester,CHEBI:145828,"methyl 3,4,5-trihydroxybenzoate",1,MTBLS13869,ols4_synonym
Gallicynoic acid H,gallicynoicacidh,CHEBI:203782,Gallicynoic acid H,1,MTBLS13869,ols4_label
gamma-Aminobutryic acid,gammaaminobutryicacid,CHEBI:16865,gamma-aminobutyric acid,1,MTBLS2774,metabolights_maf:MTBLS2774
gamma-Amino-gamma-cyanobutanoate,gammaaminogammacyanobutanoate,CHEBI:28474,gamma-amino-gamma-cyanobutanoic acid,1,MTBLS13869,ols4_synonym
gamma-carboxyglutamate,gammacarboxyglutamate,CHEBI:61938,gamma-carboxy-L-glutamic acid zwitterion(2-),1,ST001412,ols4_synonym
gamma-Carotene,gammacarotene,CHEBI:27740,gamma-carotene,1,MTBLS13869,ols4_label
gamma-CEHC,gammacehc,CHEBI:89379,gamma-CEHC,1,ST001412,ols4_label
Gamma-glu-glu,gammagluglu,CHEBI:73705,gamma-Glu-Glu,1,MTBLS13513,ols4_label
Gamma-Glu-Leu,gammagluleu,CHEBI:68433,gamma-Glu-Leu,1,MTBLS13869,ols4_label
gamma-GLU-PHE,gammagluphe,CHEBI:89582,gamma-Glu-Phe,1,MTBLS13869,ols4_label
gamma-glutamyl-2-aminobutyrate,gammaglutamyl2aminobutyrate,CHEBI:133093,gamma-Glu-Abu(1-),1,ST001412,ols4_synonym
gamma-glutamyl-epsilon-lysine,gammaglutamylepsilonlysine,CHEBI:88494,epsilon-(gamma-glutamyl)lysine,1,ST001412,ols4_synonym
gamma-glutamylglutamate,gammaglutamylglutamate,CHEBI:73705,gamma-Glu-Glu,1,ST001412,ols4_synonym
gamma-glutamylhistidine,gammaglutamylhistidine,CHEBI:133032,gamma-Glu-His,1,ST001412,ols4_synonym
gamma-glutamylthreonine,gammaglutamylthreonine,CHEBI:82968,gamma-glutamylthreonine,1,ST001412,ols4_label
gamma-glutamyltryptophan,gammaglutamyltryptophan,CHEBI:133028,gamma-Glu-Trp,1,ST001412,ols4_synonym
gamma-glutamylvaline,gammaglutamylvaline,CHEBI:68848,gamma-Glu-Val,1,ST001412,ols4_synonym
gamma-L-Glutamyl-L-valine,gammalglutamyllvaline,CHEBI:166843,gamma-L-Glutamyl-L-valine,1,MTBLS13513,ols4_label
gamma-linolenyl carnitine,gammalinolenylcarnitine,CHEBI:165634,gamma-Linolenyl carnitine,1,MTBLS13869,ols4_label
Ganoderic acid a,ganodericacida,CHEBI:168262,Ganoderic acid A,1,MTBLS13513,ols4_label
Ganoderic acid eta,ganodericacideta,CHEBI:183579,Ganoderic acid eta,1,MTBLS13869,ols4_label
Ganoderic acid f,ganodericacidf,CHEBI:142258,Ganoderic acid F,1,MTBLS13513,ols4_label
Ganoderic acid Md,ganodericacidmd,CHEBI:176152,Ganoderic acid Md,1,MTBLS9662,ols4_label
Ganoderic acid N,ganodericacidn,CHEBI:183531,Ganoderic acid N,1,MTBLS13869,ols4_label
Ganoderiol A,ganoderiola,CHEBI:175748,Ganoderiol A,1,MTBLS13869,ols4_label
Ganoderiol C,ganoderiolc,CHEBI:172728,Ganoderiol C,1,MTBLS13869,ols4_label
Ganolucidic acid A,ganolucidicacida,CHEBI:168397,Ganolucidic acid A,1,MTBLS13869,ols4_label
Gaylussacin,gaylussacin,CHEBI:191995,Gaylussacin,1,MTBLS14295,ols4_label
Gelomulide N,gelomuliden,CHEBI:189294,Gelomulide N,1,MTBLS13869,ols4_label
Gemfibrozil,gemfibrozil,CHEBI:5296,gemfibrozil,1,MTBLS9662,ols4_label
Geniposide,geniposide,CHEBI:5299,Geniposide,1,MTBLS13513,ols4_label
Gentiopicroside,gentiopicroside,CHEBI:5321,Gentiopicrin,1,MTBLS13513,ols4_synonym
Gentisaldehyde,gentisaldehyde,CHEBI:28508,"2,5-dihydroxybenzaldehyde",1,MTBLS14295,ols4_synonym
gentisate,gentisate,CHEBI:17189,"2,5-dihydroxybenzoic acid",1,ST001412,ols4_synonym
Gentisic acid,gentisicacid,CHEBI:17189,"2,5-dihydroxybenzoic acid",1,MTBLS13513,ols4_synonym
Gentisyl alcohol,gentisylalcohol,CHEBI:5325,gentisyl alcohol,1,MTBLS13513,ols4_label
gephyromycin,gephyromycin,CHEBI:200883,Gephyromycin,1,MTBLS13869,ols4_label
Geranylcitronellol,geranylcitronellol,CHEBI:168210,Geranylcitronellol,1,MTBLS9662,ols4_label
Geranylgeraniol,geranylgeraniol,CHEBI:24229,geranylgeraniol,1,MTBLS9662,ols4_label
Geranylgeranyl pyrophosphate,geranylgeranylpyrophosphate,CHEBI:48861,"2-trans,6-trans,10-trans-geranylgeranyl diphosphate",1,MTBLS13513,ols4_synonym
Geranyllinalool,geranyllinalool,CHEBI:74299,geranyllinalool,1,MTBLS9662,ols4_label
Geranyl tiglate,geranyltiglate,CHEBI:169735,Geranyl tiglate,1,MTBLS14295,ols4_label
Germanicol cinnamate,germanicolcinnamate,CHEBI:176043,Germanicol cinnamate,1,MTBLS14295,ols4_label
Gibberellin A112,gibberellina112,CHEBI:175439,Gibberellin A112,1,MTBLS14295,ols4_label
Gibberellin A121,gibberellina121,CHEBI:175221,Gibberellin A121,1,MTBLS13869,ols4_label
Gibberellin A12 aldehyde,gibberellina12aldehyde,CHEBI:15610,gibberellin A12 aldehyde,1,MTBLS14295,ols4_label
Gibberellin A14 aldehyde,gibberellina14aldehyde,CHEBI:29589,gibberellin A14 aldehyde,1,MTBLS14295,ols4_label
Gibberellin A24,gibberellina24,CHEBI:32906,gibberellin A24,1,MTBLS14295,ols4_label
gibberellin A25,gibberellina25,CHEBI:72601,gibberellin A25,1,MTBLS14295,ols4_label
Gibberellin a4,gibberellina4,CHEBI:32902,gibberellin A4,1,MTBLS13513,ols4_label
Gibberellin A53,gibberellina53,CHEBI:27433,gibberellin A53,1,MTBLS14295,ols4_label
Gibberellin A53 aldehyde,gibberellina53aldehyde,CHEBI:29601,gibberellin A53 aldehyde,1,MTBLS14295,ols4_label
Ginkgoic acid,ginkgoicacid,CHEBI:5354,Ginkgoic acid,1,MTBLS14295,ols4_label
Ginkgolide a,ginkgolidea,CHEBI:5355,Ginkgolide A,1,MTBLS13513,ols4_label
Ginkgolide b,ginkgolideb,CHEBI:5356,ginkgolide B,1,MTBLS13513,ols4_label
Ginsenoside F2,ginsenosidef2,CHEBI:77145,ginsenoside F2,1,MTBLS14059,ols4_label
GlcCer(d14:1/24:0),glccerd141240,CHEBI:177007,GlcCer(d14:1/24:0),1,MTBLS2774,metabolights_maf:MTBLS2774
GlcCer(d14:1/24:1),glccerd141241,CHEBI:177005,GlcCer(d14:1/24:1),1,MTBLS2774,metabolights_maf:MTBLS2774
Glimepiride,glimepiride,CHEBI:5383,glimepiride,1,MTBLS13513,ols4_label
Gln-Ala,glnala,CHEBI:157823,Gln-Ala,1,MTBLS13513,ols4_label
Gln-gly-gln,glnglygln,CHEBI:162147,Gln-Gly-Gln,1,MTBLS13513,ols4_label
Gln-leu,glnleu,CHEBI:141429,Gln-Leu,1,MTBLS13513,ols4_label
Gln-phe,glnphe,CHEBI:141430,Gln-Phe,1,MTBLS13513,ols4_label
Gln-Phe-Trp,glnphetrp,CHEBI:162410,Gln-Phe-Trp,1,MTBLS9662,ols4_label
(-)-globulol,globulol,CHEBI:167415,(-)-Globulol,1,MTBLS13513,ols4_label
Glucohirsutin,glucohirsutin,CHEBI:80998,Glucohirsutin,1,MTBLS13869,ols4_label
Glucoibarin,glucoibarin,CHEBI:132553,glucoibarin,1,MTBLS13513,ols4_label
gluconate,gluconate,CHEBI:24265,gluconate,1,ST001412,ols4_label
Glucosamine,glucosamine,CHEBI:5417,glucosamine,1,MTBLS13869,ols4_label
Glucosamine 1-phosphate,glucosamine1phosphate,CHEBI:27625,alpha-D-glucosamine 1-phosphate,1,MTBLS9662,ols4_synonym
Glucosylceramide (d18:1/16:0),glucosylceramided181160,CHEBI:84716,beta-D-glucosyl-N-hexadecanoylsphingosine,1,MTBLS2774,metabolights_maf:MTBLS2774
glucuronate,glucuronate,CHEBI:24297,glucuronate,1,ST001412,ols4_label
Glucuronic acid,glucuronicacid,CHEBI:24298,glucuronic acid,1,MTBLS13869,ols4_label
Glu-His,gluhis,CHEBI:157848,Glu-His,1,MTBLS13513,ols4_label
Glu-Phe,gluphe,CHEBI:157850,Glu-Phe,1,MTBLS9662,ols4_label
Glu-Pro,glupro,CHEBI:73508,Glu-Pro,1,MTBLS13513,ols4_label
Glutaconic acid,glutaconicacid,CHEBI:24309,glutaconic acid,1,MTBLS5667,metabolights_maf:MTBLS5667
Glutamyl-gamma-glutamate,glutamylgammaglutamate,CHEBI:174613,Glutamyl-Gamma-glutamate,1,MTBLS13869,ols4_label
Glutamylserine,glutamylserine,CHEBI:73509,Glu-Ser,1,MTBLS14295,ols4_synonym
Glutaraldehyde,glutaraldehyde,CHEBI:64276,glutaraldehyde,1,MTBLS13513,ols4_label
Glutathione,glutathione,CHEBI:16856,glutathione,1,MTBLS2774,metabolights_maf:MTBLS2774
Glutathione ethyl ester,glutathioneethylester,CHEBI:183921,Glutathione ethyl ester,1,MTBLS13513,ols4_label
Glu-Thr,gluthr,CHEBI:73510,Glu-Thr,1,MTBLS13513,ols4_label
Glu-Tyr,glutyr,CHEBI:73513,Glu-Tyr,1,MTBLS9662,ols4_label
Gly-Ala,glyala,CHEBI:73855,Gly-Ala,1,MTBLS14295,ols4_label
Gly-Ala-Tyr,glyalatyr,CHEBI:163442,Gly-Ala-Tyr,1,MTBLS13513,ols4_label
Gly-Asp,glyasp,CHEBI:73804,Gly-Asp,1,MTBLS13513,ols4_label
glyburide,glyburide,CHEBI:5441,glyburide,1,ST001412,ols4_label
Glyceraldehyde,glyceraldehyde,CHEBI:5445,glyceraldehyde,1,MTBLS13513,ols4_label
Glyceraldehyde 3-phosphate,glyceraldehyde3phosphate,CHEBI:17138,glyceraldehyde 3-phosphate,1,MTBLS13513,ols4_label
glycerol,glycerol,CHEBI:17754,glycerol,1,ST001412,ols4_label
Glycerol 1-hexadecanoate,glycerol1hexadecanoate,CHEBI:178475,Glycerol 1-hexadecanoate,1,MTBLS14059,ols4_label
Glycerol 1-octadecanoate,glycerol1octadecanoate,CHEBI:75555,1-monostearoylglycerol,1,MTBLS14059,ols4_synonym
Glycerol triundecanoate,glyceroltriundecanoate,CHEBI:172766,Glycerol triundecanoate,1,MTBLS2774,metabolights_maf:MTBLS2774
glycerophosphoethanolamine,glycerophosphoethanolamine,CHEBI:36314,glycerophosphoethanolamine,1,ST001412,ols4_label
glycerophosphoglycerol,glycerophosphoglycerol,CHEBI:5457,glycerophosphoglycerol,1,ST001412,ols4_label
Glycerophospho-N-Arachidonoyl Ethanolamine,glycerophosphonarachidonoylethanolamine,CHEBI:166926,Glycerophospho-N-Arachidonoyl Ethanolamine,1,MTBLS2774,metabolights_maf:MTBLS2774
Glycerophospho-N-Oleoyl Ethanolamine,glycerophosphonoleoylethanolamine,CHEBI:166927,Glycerophospho-N-Oleoyl Ethanolamine,1,MTBLS9662,ols4_label
Glycerophospho-N-Palmitoyl Ethanolamine,glycerophosphonpalmitoylethanolamine,CHEBI:143245,glycerophospho-N-palmitoyl ethanolamine,1,MTBLS2774,metabolights_maf:MTBLS2774
Glycidyl oleate,glycidyloleate,CHEBI:82469,Glycidyl oleate,1,MTBLS13869,ols4_label
Glycidyl stearate,glycidylstearate,CHEBI:82470,Glycidyl stearate,1,MTBLS13869,ols4_label
Glycochenodeoxycholic acid 3-glucuronide,glycochenodeoxycholicacid3glucuronide,CHEBI:166729,Glycochenodeoxycholic acid 3-glucuronide,1,MTBLS14295,ols4_label
Glycochenodeoxycholic acid 7-sulfate,glycochenodeoxycholicacid7sulfate,CHEBI:52031,glycochenodeoxycholic acid 7-sulfate,1,MTBLS9662,ols4_label
Glycocholic Acid,glycocholicacid,CHEBI:17687,glycocholic acid,1,MTBLS2774,metabolights_maf:MTBLS2774
glycodeoxycholate 3-sulfate,glycodeoxycholate3sulfate,CHEBI:195624,3alpha-sulfoglycodeoxycholate(2-),1,ST001412,ols4_synonym
glycohyocholate,glycohyocholate,CHEBI:133177,glycohyocholate,1,ST001412,ols4_label
Glycohyocholic acid,glycohyocholicacid,CHEBI:133176,glycohyocholic acid,1,MTBLS13869,ols4_label
Glycohyodeoxycholic acid,glycohyodeoxycholicacid,CHEBI:166732,Glycohyodeoxycholic acid,1,MTBLS13869,ols4_label
glycolithocholate,glycolithocholate,CHEBI:60008,glycolithocholate,1,ST001412,ols4_label
Glycolithocholic acid,glycolithocholicacid,CHEBI:37998,glycolithocholic acid,1,MTBLS13869,ols4_label
Glycolithocholic acid 3-sulfate,glycolithocholicacid3sulfate,CHEBI:9347,sulfoglycolithocholic acid,1,MTBLS14295,ols4_synonym
glycoursodeoxycholate,glycoursodeoxycholate,CHEBI:132030,glycoursodeoxycholate,1,ST001412,ols4_label
Glycoursodeoxycholic acid,glycoursodeoxycholicacid,CHEBI:89929,glycoursodeoxycholic acid,1,MTBLS13869,ols4_label
Glycyl-L-phenylalanine,glycyllphenylalanine,CHEBI:73912,Gly-Phe,1,MTBLS13869,ols4_synonym
Glycyl-L-Proline,glycyllproline,CHEBI:70744,Gly-Pro,1,ST003954,ols4_synonym
glycylphenylalanine,glycylphenylalanine,CHEBI:73912,Gly-Phe,1,ST003954,ols4_synonym
Glycyl-Threonine,glycylthreonine,CHEBI:73920,Gly-Thr,1,MTBLS14295,ols4_synonym
Gly-Gly-Lys,glyglylys,CHEBI:163697,Gly-Gly-Lys,1,MTBLS13513,ols4_label
Gly-Gly-Phe,glyglyphe,CHEBI:73905,Gly-Gly-Phe,1,MTBLS9662,ols4_label
Gly-His-Lys,glyhislys,CHEBI:75430,Gly-His-Lys,1,MTBLS13513,ols4_label
Gly-Lys,glylys,CHEBI:73909,Gly-Lys,1,MTBLS9662,ols4_label
Glyoxylic acid,glyoxylicacid,CHEBI:16891,glyoxylic acid,1,MTBLS14295,ols4_label
Gly-Phe-Arg,glyphearg,CHEBI:163912,Gly-Phe-Arg,1,MTBLS13513,ols4_label
Glyphosate,glyphosate,CHEBI:27744,glyphosate,1,MTBLS9662,ols4_label
Gly-Pro-Glu,glyproglu,CHEBI:163960,Gly-Pro-Glu,1,MTBLS13513,ols4_label
Gly-Thr,glythr,CHEBI:73920,Gly-Thr,1,MTBLS9662,ols4_label
Gly-Trp-Arg,glytrparg,CHEBI:164070,Gly-Trp-Arg,1,MTBLS9662,ols4_label
Gly-Tyr-Arg,glytyrarg,CHEBI:164109,Gly-Tyr-Arg,1,MTBLS13513,ols4_label
Glyzaglabrin,glyzaglabrin,CHEBI:174835,Glyzaglabrin,1,MTBLS14059,ols4_label
Gnaphaliin,gnaphaliin,CHEBI:168044,Gnaphaliin,1,MTBLS9662,ols4_label
Go 6976,go6976,CHEBI:51913,Goe 6976,1,MTBLS13869,ols4_synonym
Gorlic acid,gorlicacid,CHEBI:61676,gorlic acid,1,MTBLS13869,ols4_label
Gossypol,gossypol,CHEBI:28584,gossypol,1,MTBLS9662,ols4_label
Grandifloric acid,grandifloricacid,CHEBI:81408,Grandifloric acid,1,MTBLS14295,ols4_label
Graveolide,graveolide,CHEBI:69338,graveolide,1,MTBLS13869,ols4_label
Grixazone B,grixazoneb,CHEBI:73548,grixazone B,1,MTBLS9662,ols4_label
guaiacol sulfate,guaiacolsulfate,CHEBI:133460,guaiacol sulfate,1,ST001412,ols4_label
Guanidine,guanidine,CHEBI:42820,guanidine,1,MTBLS9662,ols4_label
Guanidineacetic Acid,guanidineaceticacid,CHEBI:16344,guanidinoacetic acid,1,MTBLS9662,ols4_synonym
guanidinoacetate,guanidinoacetate,CHEBI:131444,guanidinoacetate,1,ST001412,ols4_label
Guanidinosuccinic acid,guanidinosuccinicacid,CHEBI:17072,N-amidino-L-aspartic acid,1,MTBLS13513,ols4_synonym
Guanidoacetic acid,guanidoaceticacid,CHEBI:16344,guanidinoacetic acid,1,MTBLS13513,ols4_synonym
Guanosine 5'-monophosphate,guanosine5monophosphate,CHEBI:17345,guanosine 5'-monophosphate,1,MTBLS14059,ols4_label
Guanosine monophosphate,guanosinemonophosphate,CHEBI:17345,guanosine 5'-monophosphate,1,MTBLS14059,ols4_synonym
Haemulcholate,haemulcholate,CHEBI:81262,Haemulcholate,1,MTBLS14295,ols4_label
Halosulfuron-methyl,halosulfuronmethyl,CHEBI:81750,Halosulfuron-methyl,1,MTBLS5667,metabolights_maf:MTBLS5667
Harmine,harmine,CHEBI:28121,harmine,1,MTBLS13513,ols4_label
Harpagoside,harpagoside,CHEBI:5625,Harpagoside,1,MTBLS13513,ols4_label
Hematoporphyrin,hematoporphyrin,CHEBI:36162,hematoporphyrin,1,MTBLS13513,ols4_label
heme,heme,CHEBI:30413,heme,1,ST001412,ols4_label
Heptaminol,heptaminol,CHEBI:754695,heptaminol,1,MTBLS9662,ols4_label
Heptanoylcholine,heptanoylcholine,CHEBI:169697,Heptanoylcholine,1,MTBLS9662,ols4_label
Heptapropylene glycol,heptapropyleneglycol,CHEBI:195267,Heptapropylene glycol,1,MTBLS13869,ols4_label
Heterodendrin,heterodendrin,CHEBI:5687,Heterodendrin,1,MTBLS9662,ols4_label
Hexadecanal,hexadecanal,CHEBI:17600,hexadecanal,1,MTBLS9662,ols4_label
Hexadecanamide,hexadecanamide,CHEBI:74475,hexadecanamide,1,MTBLS13869,ols4_label
Hexadecatrienoic acid,hexadecatrienoicacid,CHEBI:24545,hexadecatrienoic acid,1,MTBLS14295,ols4_label
Hexadecyl ferulate,hexadecylferulate,CHEBI:190388,Hexadecyl ferulate,1,MTBLS14295,ols4_label
Hexahydrohippurate,hexahydrohippurate,CHEBI:141364,hexahydrohippurate,1,MTBLS13869,ols4_label
Hexamidine,hexamidine,CHEBI:87184,hexamidine,1,MTBLS13869,ols4_label
Hexaminolevulinate,hexaminolevulinate,CHEBI:134892,5-aminolevulinic acid hexyl ester,1,MTBLS14295,ols4_synonym
Hexane,hexane,CHEBI:29021,hexane,1,ST000603,ols4_label
hexanoylglutamine,hexanoylglutamine,CHEBI:233904,hexanoylglutamine,1,ST001412,ols4_label
Hexobarbital,hexobarbital,CHEBI:5706,hexobarbital,1,MTBLS9662,ols4_label
Hexose,hexose,CHEBI:18133,hexose,1,ST003984,ols4_label
Hexylamine,hexylamine,CHEBI:5712,1-hexanamine,1,MTBLS5667,metabolights_maf:MTBLS5667
Hexyl decanoate,hexyldecanoate,CHEBI:174368,Hexyl decanoate,1,MTBLS13869,ols4_label
Hexyl dodecanoate,hexyldodecanoate,CHEBI:88837,Hexyl dodecanoate,1,MTBLS13869,ols4_label
Hexylresorcinol,hexylresorcinol,CHEBI:93749,"4-hexylbenzene-1,3-diol",1,MTBLS14295,ols4_synonym
hippurate,hippurate,CHEBI:18089,N-benzoylglycine,1,ST001412,ols4_synonym
Hippuric acid/p-Acetaminobenzoic acid,hippuricacidpacetaminobenzoicacid,CHEBI:46171,4-acetamidobenzoic acid,1,MTBLS2774,metabolights_maf:MTBLS2774
Hirsutine,hirsutine,CHEBI:70074,Dihydrocorynantheine,1,MTBLS13513,ols4_synonym
His-Asn-Ile,hisasnile,CHEBI:164286,His-Asn-Ile,1,MTBLS9662,ols4_label
His-His-Arg,hishisarg,CHEBI:164510,His-His-Arg,1,MTBLS13513,ols4_label
His-Ile-Leu,hisileleu,CHEBI:164569,His-Ile-Leu,1,MTBLS9662,ols4_label
His-Leu,hisleu,CHEBI:5729,His-Leu,1,MTBLS14059,ols4_label
His-Lys,hislys,CHEBI:74052,His-Lys,1,MTBLS13513,ols4_label
His-Lys-Met,hislysmet,CHEBI:164653,His-Lys-Met,1,MTBLS9662,ols4_label
His-Phe-Gly,hisphegly,CHEBI:157860,His-Phe-Gly,1,MTBLS9662,ols4_label
Histamine dihydrochloride,histaminedihydrochloride,CHEBI:749857,histamine dihydrochloride,1,MTBLS9662,ols4_label
His-Tyr-Ser,histyrser,CHEBI:158076,His-Tyr-Ser,1,MTBLS9662,ols4_label
His-Val-Lys,hisvallys,CHEBI:158109,His-Val-Lys,1,MTBLS13513,ols4_label
Hodgkinsine,hodgkinsine,CHEBI:5741,Hodgkinsine,1,MTBLS9662,ols4_label
homoarginine,homoarginine,CHEBI:24606,homoarginine,1,ST001412,ols4_label
Homocitrate,homocitrate,CHEBI:52222,(2R)-homocitric acid,1,MTBLS13513,ols4_synonym
homocitrulline,homocitrulline,CHEBI:58148,L-homocitrulline zwitterion,1,ST001412,ols4_synonym
Homocysteine thiolactone,homocysteinethiolactone,CHEBI:60315,L-homocysteine thiolactone,1,MTBLS5667,metabolights_maf:MTBLS5667
Homovanillic acid,homovanillicacid,CHEBI:545959,homovanillic acid,1,MTBLS13513,ols4_label
Humulone,humulone,CHEBI:5769,humulone,1,MTBLS13869,ols4_label
Hydnocarpic acid,hydnocarpicacid,CHEBI:61671,hydnocarpic acid,1,MTBLS14295,ols4_label
hydrochlorothiazide,hydrochlorothiazide,CHEBI:5778,hydrochlorothiazide,1,ST001412,ols4_label
hydrocortisone 21-acetate,hydrocortisone21acetate,CHEBI:17609,cortisol 21-acetate,1,MTBLS13513,ols4_synonym
Hydrocortisone caproate,hydrocortisonecaproate,CHEBI:31676,hydrocortisone caproate,1,MTBLS14295,ols4_label
Hydrocortisone hemisuccinate,hydrocortisonehemisuccinate,CHEBI:756233,hydrocortisone hemisuccinate,1,MTBLS9662,ols4_label
Hydrocotarnine,hydrocotarnine,CHEBI:92664,"4-methoxy-6-methyl-7,8-dihydro-5H-[1,3]dioxolo[4,5-g]isoquinoline",1,MTBLS13869,ols4_synonym
Hydrogen phosphate,hydrogenphosphate,CHEBI:39745,dihydrogenphosphate,1,MTBLS5667,metabolights_maf:MTBLS5667
Hydromorphone,hydromorphone,CHEBI:5790,hydromorphone,1,MTBLS9662,ols4_label
Hydroquinone,hydroquinone,CHEBI:17594,hydroquinone,1,MTBLS14295,ols4_label
hydroquinone sulfate,hydroquinonesulfate,CHEBI:71062,quinol sulfate,1,ST001412,ols4_synonym
Hydrouracil,hydrouracil,CHEBI:15901,"5,6-dihydrouracil",1,MTBLS2774,metabolights_maf:MTBLS2774
Hydroxyacetone,hydroxyacetone,CHEBI:27957,hydroxyacetone,1,MTBLS14295,ols4_label
Hydroxy-beta-cyclocitral,hydroxybetacyclocitral,CHEBI:53167,hydroxy-beta-cyclocitral,1,MTBLS9662,ols4_label
hydroxybupropion,hydroxybupropion,CHEBI:166487,Hydroxybupropion,1,ST001412,ols4_label
Hydroxyprogesterone,hydroxyprogesterone,CHEBI:17252,17alpha-hydroxyprogesterone,1,MTBLS13869,ols4_synonym
Hydroxyproline,hydroxyproline,CHEBI:24741,hydroxyproline,1,MTBLS13513,ols4_label
Hydroxypyruvic acid,hydroxypyruvicacid,CHEBI:30841,3-hydroxypyruvic acid,1,MTBLS5667,metabolights_maf:MTBLS5667
Hydroxyquinoline,hydroxyquinoline,CHEBI:38774,hydroxyquinoline,1,MTBLS9662,ols4_label
"Hydroxysintaxanthin 5,6-epoxide",hydroxysintaxanthin56epoxide,CHEBI:192908,"Hydroxysintaxanthin 5,6-epoxide",1,MTBLS9662,ols4_label
Hymecromone,hymecromone,CHEBI:17224,4-methylumbelliferone,1,MTBLS9662,ols4_synonym
Hymeglusin,hymeglusin,CHEBI:191049,Hymeglusin,1,MTBLS13513,ols4_label
Hymenoflorin,hymenoflorin,CHEBI:5824,Hymenoflorin,1,MTBLS13869,ols4_label
hyocholate,hyocholate,CHEBI:133661,hyocholate,1,ST001412,ols4_label
Hyocholic acid,hyocholicacid,CHEBI:81244,hyocholic acid,1,MTBLS14295,ols4_label
Hypericin,hypericin,CHEBI:5835,hypericin,1,MTBLS13513,ols4_label
Hypocrellin a,hypocrellina,CHEBI:212931,Hypocrellin A,1,MTBLS13513,ols4_label
Hypogeic acid,hypogeicacid,CHEBI:35465,(Z)-hexadec-7-enoic acid,1,MTBLS5667,metabolights_maf:MTBLS5667
Hypoletin 8-gentiobioside,hypoletin8gentiobioside,CHEBI:191743,Hypoletin 8-gentiobioside,1,MTBLS5667,metabolights_maf:MTBLS5667
hypotaurine,hypotaurine,CHEBI:16668,hypotaurine,1,ST001412,ols4_label
Hypotaurocyamine,hypotaurocyamine,CHEBI:16209,hypotaurocyamine,1,MTBLS9662,ols4_label
ibuprofen acyl glucuronide,ibuprofenacylglucuronide,CHEBI:88735,1-(alpha-Methyl-4-(2-methylpropyl)benzeneacetate)-beta-D-Glucopyranuronic acid,1,ST001412,ols4_synonym
Icariin,icariin,CHEBI:78420,icariin,1,MTBLS9662,ols4_label
Icilin,icilin,CHEBI:92845,"3-(2-hydroxyphenyl)-6-(3-nitrophenyl)-1,4-dihydropyrimidin-2-one",1,MTBLS13513,ols4_synonym
icosasphinganine,icosasphinganine,CHEBI:64905,C20 sphinganine,1,MTBLS13869,ols4_synonym
Idebenone,idebenone,CHEBI:31687,idebenone,1,MTBLS13869,ols4_label
Ile-Gln-Arg,ileglnarg,CHEBI:158330,Ile-Gln-Arg,1,MTBLS13513,ols4_label
Ile-Gly-Val,ileglyval,CHEBI:158447,Ile-Gly-Val,1,MTBLS9662,ols4_label
Ile-Leu-Arg,ileleuarg,CHEBI:158532,Ile-Leu-Arg,1,MTBLS13513,ols4_label
Ile-Pro,ilepro,CHEBI:74076,Ile-Pro,1,MTBLS14059,ols4_label
Ile-Ser-Lys,ileserlys,CHEBI:158750,Ile-Ser-Lys,1,MTBLS13513,ols4_label
Ile-Val,ileval,CHEBI:74327,Ile-Val,1,MTBLS14059,ols4_label
Ilmofosine,ilmofosine,CHEBI:748092,ilmofosine,1,MTBLS14295,ols4_label
Imidazole-4-acetaldehyde,imidazole4acetaldehyde,CHEBI:27398,imidazole-4-acetaldehyde,1,MTBLS5667,metabolights_maf:MTBLS5667
Imidazole-4-methanol,imidazole4methanol,CHEBI:28182,imidazole-4-methanol,1,MTBLS9662,ols4_label
imidazole lactate,imidazolelactate,CHEBI:24773,3-(imidazol-5-yl)lactate,1,ST001412,ols4_synonym
imidazole propionate,imidazolepropionate,CHEBI:72991,dihydrourocanate,1,ST001412,ols4_synonym
Imidazolepropionic acid,imidazolepropionicacid,CHEBI:156055,3-(1H-imidazol-1-yl)propanoic acid,1,MTBLS13869,ols4_synonym
Iminoaspartic acid,iminoasparticacid,CHEBI:50616,iminoaspartic acid,1,MTBLS9662,ols4_label
Indan-1-ol,indan1ol,CHEBI:16697,indan-1-ol,1,MTBLS13869,ols4_label
indol-2-one,indol2one,CHEBI:51630,indol-2-one,1,MTBLS13869,ols4_label
Indole-3-acetaldehyde,indole3acetaldehyde,CHEBI:18086,indol-3-ylacetaldehyde,1,MTBLS13513,ols4_synonym
Indole-3-acetic acid,indole3aceticacid,CHEBI:16411,indole-3-acetic acid,1,MTBLS13869,ols4_label
Indole-3-acrylic acid,indole3acrylicacid,CHEBI:132244,(E)-3-(indol-3-yl)acrylic acid,1,MTBLS13869,ols4_synonym
Indole-3-butyric acid,indole3butyricacid,CHEBI:33070,indole-3-butyric acid,1,MTBLS13513,ols4_label
Indole-3-carbinol/3-Methyloxindole,indole3carbinol3methyloxindole,CHEBI:17397,3-methyloxindole,1,MTBLS2774,metabolights_maf:MTBLS2774
Indole-3-glyoxal,indole3glyoxal,CHEBI:133418,indole-3-glyoxal,1,MTBLS9662,ols4_label
indoleacetylglutamine,indoleacetylglutamine,CHEBI:176458,Indoleacetylglutamine,1,ST001412,ols4_label
indolelactate,indolelactate,CHEBI:17282,3-(indol-3-yl)lactate,1,ST001412,ols4_synonym
indolepropionate,indolepropionate,CHEBI:82916,3-(1H-indol-3-yl)propanoate,1,ST001412,ols4_synonym
indolin-2-one,indolin2one,CHEBI:31697,indolin-2-one,1,ST001412,ols4_label
Indolmycenic acid,indolmycenicacid,CHEBI:132117,indolmycenic acid,1,MTBLS9662,ols4_label
Indoxylsulfuric acid,indoxylsulfuricacid,CHEBI:43355,indoxyl sulfate,1,MTBLS2774,metabolights_maf:MTBLS2774
"Inosine 2',3'-cyclic phosphate",inosine23cyclicphosphate,CHEBI:175197,"Inosine 2',3'-cyclic phosphate",1,MTBLS14059,ols4_label
"Inositol 1,3,4-trisphosphate",inositol134trisphosphate,CHEBI:18228,"1D-myo-inositol 1,3,4-trisphosphate",1,MTBLS9662,ols4_synonym
Intermedine,intermedine,CHEBI:5941,intermedine,1,MTBLS13869,ols4_label
Irbesartan,irbesartan,CHEBI:5959,irbesartan,1,MTBLS9662,ols4_label
Isoalantolactone,isoalantolactone,CHEBI:5981,isoalantolactone,1,MTBLS13513,ols4_label
Isoamyl 2-furonpropionate,isoamyl2furonpropionate,CHEBI:230789,Isoamyl 2-furonpropionate,1,MTBLS14295,ols4_label
Isobavachalcone,isobavachalcone,CHEBI:28106,isobavachalcone,1,MTBLS9662,ols4_label
Isobornyl propionate,isobornylpropionate,CHEBI:174071,Isobornyl propionate,1,MTBLS5667,metabolights_maf:MTBLS5667
Isobutyric Acid Anhydride,isobutyricacidanhydride,CHEBI:84261,isobutyric acid anhydride,1,MTBLS14295,ols4_label
Isocaproic acid,isocaproicacid,CHEBI:74903,isocaproic acid,1,MTBLS14295,ols4_label
Isocarboxazid,isocarboxazid,CHEBI:93635,5-methyl-N'-(phenylmethyl)-3-isoxazolecarbohydrazide,1,MTBLS9662,ols4_synonym
Isochainin,isochainin,CHEBI:224699,Isochainin,1,MTBLS13869,ols4_label
isocitric lactone,isocitriclactone,CHEBI:139374,isocitric lactone,1,ST001412,ols4_label
Isodeoxycholic acid,isodeoxycholicacid,CHEBI:81256,isodeoxycholic acid,1,MTBLS14295,ols4_label
Isoevernic acid,isoevernicacid,CHEBI:144261,Isoevernic acid,1,MTBLS13513,ols4_label
Isoferulic Acid 3-O-Glucuronide,isoferulicacid3oglucuronide,CHEBI:185922,Isoferulic acid 3-O-glucuronide,1,MTBLS13869,ols4_label
Isoferuloyl C1-glucuronide,isoferuloylc1glucuronide,CHEBI:188284,Isoferuloyl C1-glucuronide,1,MTBLS14295,ols4_label
Isofraxidin,isofraxidin,CHEBI:81121,Isofraxidin,1,MTBLS9662,ols4_label
Isogingerenone B,isogingerenoneb,CHEBI:175922,Isogingerenone B,1,MTBLS13869,ols4_label
Isoginkgetin,isoginkgetin,CHEBI:79087,isoginkgetin,1,MTBLS9662,ols4_label
Isohumulinone A,isohumulinonea,CHEBI:175858,Isohumulinone A,1,MTBLS13869,ols4_label
Isoindolin-1-one,isoindolin1one,CHEBI:74235,isoindolin-1-one,1,MTBLS13869,ols4_label
Isokobusone,isokobusone,CHEBI:80838,Isokobusone,1,MTBLS5667,metabolights_maf:MTBLS5667
isoleucylalanine,isoleucylalanine,CHEBI:74062,Ile-Ala,1,MTBLS13869,ols4_synonym
Isoleucyl-Isoleucine,isoleucylisoleucine,CHEBI:74067,Ile-Ile,1,MTBLS14059,ols4_synonym
Isoleucylleucine,isoleucylleucine,CHEBI:74072,Ile-Leu,1,MTBLS13869,ols4_synonym
Isoleucylphenylalanine,isoleucylphenylalanine,CHEBI:74075,Ile-Phe,1,MTBLS13869,ols4_synonym
Isoleucylproline,isoleucylproline,CHEBI:74076,Ile-Pro,1,MTBLS14059,ols4_synonym
Isoliquiritin,isoliquiritin,CHEBI:80839,isoliquiritin,1,MTBLS14295,ols4_label
Isolithocholic acid,isolithocholicacid,CHEBI:81253,isolithocholic acid,1,MTBLS5667,metabolights_maf:MTBLS5667
Isomaltose,isomaltose,CHEBI:28189,isomaltose,1,MTBLS13513,ols4_label
Iso-monodictyphenone,isomonodictyphenone,CHEBI:200855,Iso-monodictyphenone,1,MTBLS13869,ols4_label
Isoniazid alpha-ketoglutaric acid,isoniazidalphaketoglutaricacid,CHEBI:80619,Isoniazid alpha-ketoglutaric acid,1,MTBLS5667,metabolights_maf:MTBLS5667
Isonicotinamide,isonicotinamide,CHEBI:6031,isonicotinamide,1,MTBLS13513,ols4_label
Isopalmitic acid,isopalmiticacid,CHEBI:84890,14-methylpentadecanoic acid,1,MTBLS5667,metabolights_maf:MTBLS5667
Isopentenyladenine,isopentenyladenine,CHEBI:17660,N(6)-dimethylallyladenine,1,MTBLS13513,ols4_synonym
Isoprenyl alcohol,isoprenylalcohol,CHEBI:132752,3-hydroxy-3-methylbut-1-ene,1,MTBLS13869,ols4_synonym
Isoproturon,isoproturon,CHEBI:6049,isoproturon,1,MTBLS9662,ols4_label
Isorhamnetin,isorhamnetin,CHEBI:6052,isorhamnetin,1,MTBLS5667,metabolights_maf:MTBLS5667
Isorhapontin,isorhapontin,CHEBI:6053,Isorhapontin,1,MTBLS13513,ols4_label
Isosakuranetin 7-xyloside,isosakuranetin7xyloside,CHEBI:191696,Isosakuranetin 7-xyloside,1,MTBLS14295,ols4_label
Isoscutellarein,isoscutellarein,CHEBI:6059,isoscutellarein,1,MTBLS9662,ols4_label
Isosteviol,isosteviol,CHEBI:189936,Isosteviol,1,MTBLS14295,ols4_label
Isotan B,isotanb,CHEBI:6063,Isotan B,1,MTBLS14295,ols4_label
isoursodeoxycholate,isoursodeoxycholate,CHEBI:78602,isoursodeoxycholate,1,ST001412,ols4_label
Isovaleric acid,isovalericacid,CHEBI:28484,isovaleric acid,1,MTBLS14295,ols4_label
Isovalerylglutamic acid,isovalerylglutamicacid,CHEBI:169530,Isovalerylglutamic acid,1,MTBLS13869,ols4_label
Isoxanthohumol,isoxanthohumol,CHEBI:171798,Isoxanthohumol,1,MTBLS13869,ols4_label
Isoxsuprine,isoxsuprine,CHEBI:749216,isoxsuprine,1,MTBLS13869,ols4_label
Italicene ether,italiceneether,CHEBI:195977,Italicene ether,1,MTBLS9662,ols4_label
I-Urobilin,iurobilin,CHEBI:36378,urobilin,1,MTBLS2774,metabolights_maf:MTBLS2774
Ivacaftor,ivacaftor,CHEBI:66901,ivacaftor,1,MTBLS9662,ols4_label
Jervine,jervine,CHEBI:6088,jervine,1,MTBLS13869,ols4_label
Kaempferide 3-rhamnoside,kaempferide3rhamnoside,CHEBI:184178,Kaempferide 3-rhamnoside,1,MTBLS14295,ols4_label
Kaempferol 7-(6''-galloylglucoside),kaempferol76galloylglucoside,CHEBI:136617,Kaempferol 7-(6''-galloylglucoside),1,MTBLS14295,ols4_label
Kaurane,kaurane,CHEBI:36539,kaurane,1,MTBLS13869,ols4_label
Ketoconazole,ketoconazole,CHEBI:47519,ketoconazole,1,MTBLS13513,ols4_label
ketopioglitazone,ketopioglitazone,CHEBI:233909,ketopioglitazone,1,ST001412,ols4_label
Ketoprofen,ketoprofen,CHEBI:6128,ketoprofen,1,MTBLS13513,ols4_label
Koeniginequinone A,koeniginequinonea,CHEBI:173738,Koeniginequinone A,1,MTBLS5667,metabolights_maf:MTBLS5667
Koninginin G,koningining,CHEBI:197850,Koninginin G,1,MTBLS13869,ols4_label
Kunzeaol,kunzeaol,CHEBI:72776,kunzeaol,1,MTBLS9662,ols4_label
kynurenate,kynurenate,CHEBI:58454,kynurenate,1,ST001412,ols4_label
Kyotorphin,kyotorphin,CHEBI:17537,Tyr-Arg,1,MTBLS9662,ols4_synonym
L-2-Amino-4-methylenepentanedioic acid,l2amino4methylenepentanedioicacid,CHEBI:48029,4-methyleneglutamic acid,1,MTBLS5667,metabolights_maf:MTBLS5667
L-3-Phenyllactic acid,l3phenyllacticacid,CHEBI:43065,(S)-3-phenyllactic acid,1,MTBLS2774,metabolights_maf:MTBLS2774
Labetalol,labetalol,CHEBI:6343,labetalol,1,MTBLS13513,ols4_label
L-Acetylcarnitine,lacetylcarnitine,CHEBI:57589,O-acetyl-L-carnitine,1,MTBLS5667,metabolights_maf:MTBLS5667
Lactaldehyde,lactaldehyde,CHEBI:18419,lactaldehyde,1,MTBLS14295,ols4_label
lactate,lactate,CHEBI:24996,lactate,1,ST001412,ols4_label
Lactic acid,lacticacid,CHEBI:42111,(R)-lactic acid,1,MTBLS2774,metabolights_maf:MTBLS2774
Lactitol,lactitol,CHEBI:75323,lactitol,1,MTBLS13513,ols4_label
Lactobionic acid,lactobionicacid,CHEBI:55481,lactobionic acid,1,MTBLS13513,ols4_label
L-Alanine,lalanine,CHEBI:16977,L-alanine,1,MTBLS9662,ols4_label
L-alanyl-l-norleucine,lalanyllnorleucine,CHEBI:183924,L-alanyl-l-norleucine,1,MTBLS13513,ols4_label
L-Allothreonine,lallothreonine,CHEBI:28718,L-allothreonine,1,MTBLS9662,ols4_label
lamotrigine,lamotrigine,CHEBI:6367,lamotrigine,1,ST001412,ols4_label
L-Anserine,lanserine,CHEBI:86659,L-anserine,1,MTBLS14059,ols4_label
lanthionine,lanthionine,CHEBI:25013,lanthionine,1,ST001412,ols4_label
"L-Arabinono-1,4-lactone",larabinono14lactone,CHEBI:17100,"L-arabinono-1,4-lactone",1,MTBLS13513,ols4_label
L-Ascorbate,lascorbate,CHEBI:38290,L-ascorbate,1,MTBLS9662,ols4_label
Latia luciferin,latialuciferin,CHEBI:17269,Latia luciferin,1,MTBLS9662,ols4_label
Lauramine oxide,lauramineoxide,CHEBI:131762,dodecyldimethylamine N-oxide,1,MTBLS13869,ols4_synonym
Lauric acid leelamide,lauricacidleelamide,CHEBI:191123,Lauric acid leelamide,1,MTBLS13513,ols4_label
Lauroylcarnitine,lauroylcarnitine,CHEBI:73054,O-dodecanoylcarnitine,1,MTBLS13869,ols4_synonym
Lauroyl-CoA,lauroylcoa,CHEBI:15521,lauroyl-CoA,1,MTBLS2774,metabolights_maf:MTBLS2774
Lauroyl-L-carnitine,lauroyllcarnitine,CHEBI:77086,O-lauroyl-L-carnitine,1,MTBLS14059,ols4_synonym
Lauroyl peroxide,lauroylperoxide,CHEBI:82479,Lauroyl peroxide,1,MTBLS13869,ols4_label
L-beta-aspartyl-L-arginine,lbetaaspartyllarginine,CHEBI:55435,beta-Asp-Arg,1,MTBLS9662,ols4_synonym
L-Cyclo(alanylglycyl),lcycloalanylglycyl,CHEBI:144050,"3-methylpiperazine-2,5-dione",1,MTBLS5667,metabolights_maf:MTBLS5667
L-Cysteine,lcysteine,CHEBI:17561,L-cysteine,1,MTBLS9662,ols4_label
L-Dihydroorotic Acid,ldihydrooroticacid,CHEBI:17025,(S)-dihydroorotic acid,1,MTBLS9662,ols4_synonym
L-Dopa,ldopa,CHEBI:15765,L-dopa,1,MTBLS2774,metabolights_maf:MTBLS2774
Lecanoric acid,lecanoricacid,CHEBI:15871,o-orsellinate depside,1,MTBLS13513,ols4_synonym
Lenticin,lenticin,CHEBI:5832,hypaphorine,1,MTBLS13513,ols4_synonym
L-Erythrulose,lerythrulose,CHEBI:27913,L-erythrulose,1,MTBLS5667,metabolights_maf:MTBLS5667
Lesquerolic acid,lesquerolicacid,CHEBI:165421,Lesquerolic acid,1,MTBLS13869,ols4_label
leucylglycine,leucylglycine,CHEBI:74534,Leu-Gly,1,ST001412,ols4_synonym
Leucylvaline,leucylvaline,CHEBI:73579,Leu-Val,1,MTBLS9662,ols4_synonym
Leu-Gln,leugln,CHEBI:157865,Leu-Gln,1,MTBLS13513,ols4_label
Leu-Gly,leugly,CHEBI:74534,Leu-Gly,1,MTBLS14059,ols4_label
Leukotriene C4,leukotrienec4,CHEBI:16978,leukotriene C4,1,MTBLS13869,ols4_label
Leukotriene d4,leukotriened4,CHEBI:28666,leukotriene D4,1,MTBLS13513,ols4_label
Leukotriene d4 methyl ester,leukotriened4methylester,CHEBI:184064,Leukotriene d4 methyl ester,1,MTBLS13513,ols4_label
Leukotriene e4,leukotrienee4,CHEBI:15650,leukotriene E4,1,MTBLS13513,ols4_label
Leupeptin,leupeptin,CHEBI:6426,leupeptin,1,MTBLS13869,ols4_label
Leu-Phe,leuphe,CHEBI:73585,Leu-Phe,1,MTBLS9662,ols4_label
Leu-Ser,leuser,CHEBI:73523,Leu-Ser,1,MTBLS9662,ols4_label
Leu-Thr-Arg,leuthrarg,CHEBI:159520,Leu-Thr-Arg,1,MTBLS13513,ols4_label
Leu-Thr-Trp,leuthrtrp,CHEBI:159544,Leu-Thr-Trp,1,MTBLS9662,ols4_label
Levetiracetam,levetiracetam,CHEBI:6437,levetiracetam,1,MTBLS13513,ols4_label
Levofloxacin,levofloxacin,CHEBI:63598,levofloxacin,1,MTBLS13513,ols4_label
Levoglucosan,levoglucosan,CHEBI:30997,levoglucosan,1,MTBLS5667,metabolights_maf:MTBLS5667
Levonorgestrel,levonorgestrel,CHEBI:6443,levonorgestrel,1,MTBLS13869,ols4_label
Lewis a trisaccharide,lewisatrisaccharide,CHEBI:59295,beta-D-Galp-(1->3)-[alpha-L-Fucp-(1->4)]-beta-D-GlcpNAc,1,MTBLS13513,ols4_synonym
Lewis x trisaccharide,lewisxtrisaccharide,CHEBI:59294,alpha-L-Fucp-(1->3)-[beta-D-Galp-(1->4)]-beta-D-GlcpNAc,1,MTBLS13513,ols4_synonym
L-Galactose,lgalactose,CHEBI:37618,L-galactose,1,MTBLS5667,metabolights_maf:MTBLS5667
L-gamma-glutamyl-D-alanine,lgammaglutamyldalanine,CHEBI:16834,L-gamma-glutamyl-D-alanine,1,MTBLS9662,ols4_label
L-Glutamate,lglutamate,CHEBI:16015,L-glutamic acid,1,MTBLS2774,metabolights_maf:MTBLS2774
"L-gulono-1,4-lactone",lgulono14lactone,CHEBI:17587,"L-gulono-1,4-lactone",1,MTBLS13513,ols4_label
L-Hexanoylcarnitine,lhexanoylcarnitine,CHEBI:84834,O-hexanoyl-L-carnitine,1,MTBLS5667,metabolights_maf:MTBLS5667
L-homoarginine,lhomoarginine,CHEBI:27747,L-homoarginine,1,MTBLS13513,ols4_label
L-homocysteic acid,lhomocysteicacid,CHEBI:132223,L-homocysteic acid,1,MTBLS13513,ols4_label
L-Homophenylalanine,lhomophenylalanine,CHEBI:43103,L-homophenylalanine,1,MTBLS2774,metabolights_maf:MTBLS2774
L-Homoserine,lhomoserine,CHEBI:15699,L-homoserine,1,MTBLS9662,ols4_label
Licochalcone B,licochalconeb,CHEBI:174733,Licochalcone B,1,MTBLS9662,ols4_label
Linalyl butyrate,linalylbutyrate,CHEBI:171782,Linalyl butyrate,1,MTBLS14295,ols4_label
Linalyl hexanoate,linalylhexanoate,CHEBI:196060,Linalyl hexanoate,1,MTBLS14295,ols4_label
Linalyl isobutyrate,linalylisobutyrate,CHEBI:171776,Linalyl isobutyrate,1,MTBLS14295,ols4_label
Linamarin,linamarin,CHEBI:16441,linamarin,1,MTBLS5667,metabolights_maf:MTBLS5667
Linoelaidic acid,linoelaidicacid,CHEBI:75108,linoelaidic acid,1,MTBLS5667,metabolights_maf:MTBLS5667
Linolenyl alcohol,linolenylalcohol,CHEBI:77474,"(9Z,12Z,15Z)-octadecatrien-1-ol",1,MTBLS13869,ols4_synonym
Linoleyl carnitine,linoleylcarnitine,CHEBI:73072,O-linoleoylcarnitine,1,MTBLS5667,metabolights_maf:MTBLS5667
Liquiritin,liquiritin,CHEBI:80845,liquiritin,1,MTBLS9662,ols4_label
Lisinopril,lisinopril,CHEBI:43755,lisinopril,1,MTBLS13513,ols4_label
L-Isoleucine,lisoleucine,CHEBI:17191,L-isoleucine,1,MTBLS5667,metabolights_maf:MTBLS5667
lithocholic acid sulfate,lithocholicacidsulfate,CHEBI:35421,lithocholic acid sulfate,1,MTBLS2774,metabolights_maf:MTBLS2774
Lithocholic acid taurine conjugate,lithocholicacidtaurineconjugate,CHEBI:36259,taurolithocholic acid,1,MTBLS2774,metabolights_maf:MTBLS2774
L-Lactic Acid,llacticacid,CHEBI:422,(S)-lactic acid,1,MTBLS9662,ols4_synonym
L-Leucine,lleucine,CHEBI:15603,L-leucine,1,MTBLS14059,ols4_label
L-Leucine/isoleucine,lleucineisoleucine,CHEBI:17191,L-isoleucine,1,MTBLS2774,metabolights_maf:MTBLS2774
L-lyxose,llyxose,CHEBI:62320,L-lyxose,1,MTBLS9662,ols4_label
L-Malic acid,lmalicacid,CHEBI:30797,(S)-malic acid,1,MTBLS5667,metabolights_maf:MTBLS5667
Lnnt,lnnt,CHEBI:60239,beta-D-Gal-(1->4)-beta-D-GlcNAc-(1->3)-beta-D-Gal-(1->4)-D-Glc,1,MTBLS13513,ols4_synonym
L-Norvaline,lnorvaline,CHEBI:18314,L-2-aminopentanoic acid,1,MTBLS9662,ols4_synonym
Lnt,lnt,CHEBI:30248,beta-D-Gal-(1->3)-beta-D-GlcNAc-(1->3)-beta-D-Gal-(1->4)-D-Glc,1,MTBLS13513,ols4_synonym
Lobelanidine,lobelanidine,CHEBI:6507,Lobelanidine,1,MTBLS13513,ols4_label
loliolide,loliolide,CHEBI:69774,loliolide,1,MTBLS13869,ols4_label
Lolitrem K,lolitremk,CHEBI:182165,Lolitrem K,1,MTBLS9662,ols4_label
Lonchocarpol A,lonchocarpola,CHEBI:2156,"6,8-diprenylnaringenin",1,MTBLS9662,ols4_synonym
Longicamphenylone,longicamphenylone,CHEBI:190813,Longicamphenylone,1,MTBLS9662,ols4_label
L-Ornithine,lornithine,CHEBI:15729,L-ornithine,1,ST003954,ols4_label
Lovastatin hydroxy acid,lovastatinhydroxyacid,CHEBI:183925,Lovastatin hydroxy acid,1,MTBLS13513,ols4_label
LPA(18:1),lpa181,CHEBI:62837,1-oleoyl-sn-glycerol 3-phosphate,1,MTBLS13869,ols4_synonym
LPA(18:2),lpa182,CHEBI:74547,1-linoleoyl-sn-glycero-3-phosphate(2-),1,MTBLS13869,ols4_synonym
LPA(22:6),lpa226,CHEBI:141512,lysophosphatidic acid 22:6,1,MTBLS13869,ols4_synonym
LPC(0:0/16:1),lpc00161,CHEBI:133515,2-[(9Z)-hexadecenoyl]-sn-glycero-3-phosphocholine,1,MTBLS9662,ols4_synonym
LPC(15:0),lpc150,CHEBI:72736,lysophosphatidylcholine 15:0,1,MTBLS13869,ols4_synonym
LPC(18:3),lpc183,CHEBI:88697,"LysoPC(18:3(9Z,12Z,15Z))",1,MTBLS13869,ols4_synonym
LPC(20:2),lpc202,CHEBI:83055,"1-[(11Z,14Z)]-icosadienoyl-sn-glycero-3-phosphocholine",1,MTBLS13869,ols4_synonym
LPC(20:5),lpc205,CHEBI:88686,"LysoPC(20:5(5Z,8Z,11Z,14Z,17Z))",1,MTBLS13869,ols4_synonym
LPC(22:4),lpc224,CHEBI:133657,"1-[(7Z,10Z,13Z,16Z)-docosatetraenoyl]-sn-glycero-3-phosphocholine",1,MTBLS13869,ols4_synonym
LPC(22:5),lpc225,CHEBI:133734,"1-[(7Z,10Z,13Z,16Z,19Z)-docosapentaenoyl]-sn-glycero-3-phosphocholine",1,MTBLS13869,ols4_synonym
LPC(22:6),lpc226,CHEBI:64567,lysophosphatidylcholine 22:6,1,MTBLS13869,ols4_synonym
LPC 24:0,lpc240,CHEBI:74470,lysophosphatidylcholine 24:0,1,ST003984,ols4_synonym
LPC 26:0,lpc260,CHEBI:74472,lysophosphatidylcholine 26:0,1,ST003984,ols4_synonym
LPC 26:1,lpc261,CHEBI:74473,lysophosphatidylcholine 26:1,1,ST003984,ols4_synonym
LPC 28:0,lpc280,CHEBI:85561,lysophosphatidylcholine 28:0,1,ST003984,ols4_synonym
LPC 28:1,lpc281,CHEBI:85562,lysophosphatidylcholine 28:1,1,ST003984,ols4_synonym
LPC(P-16:0),lpcp160,CHEBI:140773,lysophosphatidylcholine P-16:0,1,MTBLS13869,ols4_synonym
LPC(P18:1),lpcp181,CHEBI:84753,"1-[(1Z,9Z)-octadecadienyl]-sn-glycero-3-phosphocholine",1,MTBLS13869,ols4_synonym
LPE(0:0/16:0),lpe00160,CHEBI:131743,2-hexadecanoyl-sn-glycero-3-phosphoethanolamine,1,MTBLS14295,ols4_synonym
LPE(14:0),lpe140,CHEBI:72381,lysophosphatidylethanolamine zwitterion 14:0,1,MTBLS13869,ols4_synonym
LPE(15:0),lpe150,CHEBI:142219,lysophosphatidylethanolamine 15:0,1,MTBLS13869,ols4_synonym
LPE(17:0),lpe170,CHEBI:138532,lysophosphatidylethanolamine 17:0,1,MTBLS13869,ols4_synonym
LPE(18:0),lpe180,CHEBI:64576,lysophosphatidylethanolamine 18:0,1,MTBLS13869,ols4_synonym
LPE(18:1),lpe181,CHEBI:75168,1-oleoyl-sn-glycero-3-phosphoethanolamine,1,MTBLS13869,ols4_synonym
LPE(18:2),lpe182,CHEBI:72389,lysophosphatidylethanolamine zwitterion 18:2,1,MTBLS13869,ols4_synonym
LPE(20:4/0:0),lpe20400,CHEBI:64395,1-arachidonoyl-sn-glycero-3-phosphoethanolamine,1,MTBLS9662,ols4_synonym
LPG(17:0),lpg170,CHEBI:183244,lysophosphatidylglycerol 17:0,1,MTBLS9662,ols4_synonym
LPG(18:0),lpg180,CHEBI:183245,lysophosphatidylglycerol 18:0,1,MTBLS13869,ols4_synonym
LPG(18:2),lpg182,CHEBI:156126,lysophosphatidylglycerol 18:2,1,MTBLS13869,ols4_synonym
LPI(16:0),lpi160,CHEBI:183249,lysophosphatidylinositol 16:0,1,MTBLS13869,ols4_synonym
LPI(18:0),lpi180,CHEBI:155825,lysophosphatidylinositol 18:0,1,MTBLS13869,ols4_synonym
LPI(18:1),lpi181,CHEBI:74466,lysophosphatidylinositol 18:1(1-),1,MTBLS13869,ols4_synonym
LPI(18:2),lpi182,CHEBI:166932,lysophosphatidylinositol 18:2,1,MTBLS13869,ols4_synonym
LPI(20:4),lpi204,CHEBI:166934,lysophosphatidylinositol 20:4,1,MTBLS13869,ols4_synonym
L-prolyl-L-tyrosine,lprolylltyrosine,CHEBI:74799,Pro-Tyr,1,MTBLS9662,ols4_synonym
LPS(18:3),lps183,CHEBI:183256,lysophosphatidylserine 18:3,1,MTBLS9662,ols4_synonym
L-pyroglutamic acid,lpyroglutamicacid,CHEBI:18183,5-oxo-L-proline,1,MTBLS13513,ols4_synonym
L-rhamnose,lrhamnose,CHEBI:62345,L-rhamnose,1,MTBLS13513,ols4_label
L-Ribulose,lribulose,CHEBI:16880,L-ribulose,1,MTBLS5667,metabolights_maf:MTBLS5667
L-saccharopine,lsaccharopine,CHEBI:16927,L-saccharopine,1,MTBLS13513,ols4_label
Lsta,lsta,CHEBI:148316,"5-acetamido-3,5-dideoxy-D-glycero-alpha-D-galacto-non-2-ulopyranonosyl-(2->3)-beta-D-galactopyranosyl-(1->3)-2-acetamido-2-deoxy-beta-D-glucopyranosyl-(1->3)-beta-D-galactopyranosyl-(1->4)-D-glucopyranose",1,MTBLS13513,ols4_synonym
LTB4,ltb4,CHEBI:15647,leukotriene B4,1,MTBLS2774,metabolights_maf:MTBLS2774
L-threo-3-Methylaspartate,lthreo3methylaspartate,CHEBI:47980,threo-3-methyl-L-aspartic acid,1,MTBLS9662,ols4_synonym
L-threonate,lthreonate,CHEBI:57561,L-threonate,1,MTBLS13513,ols4_label
L-trans-alpha-Amino-2-carboxycyclopropaneacetic acid,ltransalphaamino2carboxycyclopropaneaceticacid,CHEBI:173420,L-trans-alpha-Amino-2-carboxycyclopropaneacetic acid,1,MTBLS5667,metabolights_maf:MTBLS5667
L-Tryptophanamide,ltryptophanamide,CHEBI:16533,L-tryptophanamide,1,MTBLS9662,ols4_label
Lucidenic acid G,lucidenicacidg,CHEBI:169867,Lucidenic acid G,1,MTBLS14295,ols4_label
Lucidenic acid N,lucidenicacidn,CHEBI:66595,lucidenic acid N,1,MTBLS5667,metabolights_maf:MTBLS5667
Luliconazole,luliconazole,CHEBI:34825,Luliconazole,1,MTBLS9662,ols4_label
Lupanine,lupanine,CHEBI:28193,lupanine,1,MTBLS13513,ols4_label
Lurasidone,lurasidone,CHEBI:70735,lurasidone,1,MTBLS13513,ols4_label
L-Urobilinogen,lurobilinogen,CHEBI:36479,stercobilinogen,1,MTBLS2774,metabolights_maf:MTBLS2774
L-Valine/Betain,lvalinebetain,CHEBI:16414,L-valine,1,MTBLS2774,metabolights_maf:MTBLS2774
L-Xylulose,lxylulose,CHEBI:17399,L-xylulose,1,MTBLS2774,metabolights_maf:MTBLS2774
Lycoperoside D,lycoperosided,CHEBI:229943,lycoperoside D,1,MTBLS5667,metabolights_maf:MTBLS5667
Lycorine,lycorine,CHEBI:6601,lycorine,1,MTBLS9662,ols4_label
Lys-Asn,lysasn,CHEBI:157869,Lys-Asn,1,MTBLS13513,ols4_label
Lys-Asp,lysasp,CHEBI:73601,Lys-Asp,1,MTBLS13513,ols4_label
Lys-Cys,lyscys,CHEBI:157871,Lys-Cys,1,MTBLS13513,ols4_label
Lys-Ile-Arg,lysilearg,CHEBI:160021,Lys-Ile-Arg,1,MTBLS13513,ols4_label
Lys-Lys-Arg,lyslysarg,CHEBI:160099,Lys-Lys-Arg,1,MTBLS9662,ols4_label
Lys-Lys-Thr,lyslysthr,CHEBI:160127,Lys-Lys-Thr,1,MTBLS9662,ols4_label
Lys-Met-His,lysmethis,CHEBI:160152,Lys-Met-His,1,MTBLS9662,ols4_label
LysoPA(16:0/0:0),lysopa16000,CHEBI:15799,1-palmitoyl-sn-glycerol 3-phosphate,1,MTBLS5667,metabolights_maf:MTBLS5667
LysoPC 17:1,lysopc171,CHEBI:73853,lysophosphatidylcholine 17:1,1,MTBLS14059,ols4_synonym
LysoPC(18:1(9Z)),lysopc1819z,CHEBI:28610,1-O-oleoyl-sn-glycero-3-phosphocholine,1,MTBLS5667,metabolights_maf:MTBLS5667
"LysoPC(18:2(9Z,12Z))",lysopc1829z12z,CHEBI:141366,"lysophosphatidylcholine 18:2(9Z,12Z)",1,MTBLS5667,metabolights_maf:MTBLS5667
"LysoPC(18:3(6Z,9Z,12Z))",lysopc1836z9z12z,CHEBI:88698,"LysoPC(18:3(6Z,9Z,12Z))",1,MTBLS5667,metabolights_maf:MTBLS5667
LysoPC 20:1,lysopc201,CHEBI:67057,lysophosphatidylcholine 20:1,1,MTBLS14059,ols4_synonym
"LysoPC(20:4(5Z,8Z,11Z,14Z))",lysopc2045z8z11z14z,CHEBI:74344,1-arachidonoyl-sn-glycero-3-phosphocholine,1,MTBLS5667,metabolights_maf:MTBLS5667
LysoPC(22:1(13Z)),lysopc22113z,CHEBI:88684,LysoPC(22:1(13Z)),1,MTBLS5667,metabolights_maf:MTBLS5667
LysoPC 22:4,lysopc224,CHEBI:91312,lysophosphatidylcholine 22:4,1,MTBLS14059,ols4_synonym
LysoPC 22:5,lysopc225,CHEBI:74349,lysophosphatidylcholine 22:5,1,MTBLS14059,ols4_synonym
LysoPC(P-16:0),lysopcp160,CHEBI:73841,lysophosphatidylcholine (P-16:0/0:0),1,MTBLS5667,metabolights_maf:MTBLS5667
"LysoPE(0:0/18:3(6Z,9Z,12Z))",lysope001836z9z12z,CHEBI:145258,"PE(0:0/18:3(6Z,9Z,12Z))",1,MTBLS5667,metabolights_maf:MTBLS5667
"LysoPE(0:0/20:2(11Z,14Z))",lysope0020211z14z,CHEBI:131692,"2-[(11Z,14Z)-icosadienoyl]-sn-glycero-3-phosphoethanolamine",1,MTBLS13869,ols4_synonym
LysoPE 14:0,lysope140,CHEBI:145243,lysophosphatidylethanolamine 14:0,1,MTBLS14059,ols4_synonym
LysoPE 16:1,lysope161,CHEBI:145247,lysophosphatidylethanolamine 16:1,1,MTBLS14059,ols4_synonym
LysoPE(18:1(9Z)/0:0),lysope1819z00,CHEBI:75168,1-oleoyl-sn-glycero-3-phosphoethanolamine,1,MTBLS5667,metabolights_maf:MTBLS5667
LysoPE(18:2w6/0:0),lysope182w600,CHEBI:83058,1-linoleoyl-sn-glycero-3-phosphoethanolamine,1,MTBLS13869,ols4_synonym
"LysoPE(20:4(8Z,11Z,14Z,17Z)/0:0)",lysope2048z11z14z17z00,CHEBI:72742,"lysophosphatidylethanolamine (20:4(8Z,11Z,14Z,17Z)/0:0)",1,MTBLS13869,ols4_synonym
Lys-Ser,lysser,CHEBI:74568,Lys-Ser,1,MTBLS9662,ols4_label
Lys-Val,lysval,CHEBI:73607,Lys-Val,1,MTBLS13513,ols4_label
Mactraxanthin,mactraxanthin,CHEBI:172133,Mactraxanthin,1,MTBLS9662,ols4_label
maleate,maleate,CHEBI:132951,maleate,1,ST001412,ols4_label
Malonic semialdehyde,malonicsemialdehyde,CHEBI:17960,3-oxopropanoic acid,1,MTBLS13869,ols4_synonym
Maltitol,maltitol,CHEBI:68428,maltitol,1,MTBLS9662,ols4_label
Maltohexaose,maltohexaose,CHEBI:27445,maltohexaose,1,MTBLS14059,ols4_label
Maltopentaose,maltopentaose,CHEBI:62006,maltopentaose,1,MTBLS14059,ols4_label
Mangiferdesmethylursanone,mangiferdesmethylursanone,CHEBI:190150,Mangiferdesmethylursanone,1,MTBLS5667,metabolights_maf:MTBLS5667
Mangiferin,mangiferin,CHEBI:6682,mangiferin,1,MTBLS13513,ols4_label
Mannose 6-phosphate,mannose6phosphate,CHEBI:616988,mannose 6-phosphate,1,MTBLS14059,ols4_label
maprotiline,maprotiline,CHEBI:6690,Maprotiline,1,ST001412,ols4_label
Maritimetin,maritimetin,CHEBI:6694,maritimetin,1,MTBLS9662,ols4_label
m-Coumaric acid,mcoumaricacid,CHEBI:47925,3-coumaric acid,1,MTBLS5667,metabolights_maf:MTBLS5667
MEDICA 16,medica16,CHEBI:149582,MEDICA 16,1,MTBLS13869,ols4_label
Mefloquine hydrochloride,mefloquinehydrochloride,CHEBI:6719,Mefloquine hydrochloride,1,MTBLS9662,ols4_label
Melatonin,melatonin,CHEBI:16796,melatonin,1,MTBLS9662,ols4_label
Melezitose,melezitose,CHEBI:6731,melezitose,1,MTBLS13513,ols4_label
memantine,memantine,CHEBI:64312,memantine,1,MTBLS13869,ols4_label
Menthol,menthol,CHEBI:748835,menthol,1,MTBLS9662,ols4_label
Menthyl ethylene glycol carbonate,menthylethyleneglycolcarbonate,CHEBI:174267,Menthyl ethylene glycol carbonate,1,MTBLS14295,ols4_label
Menthyl lactate,menthyllactate,CHEBI:174175,Menthyl lactate,1,MTBLS14295,ols4_label
Mepanipyrim,mepanipyrim,CHEBI:6751,mepanipyrim,1,MTBLS9662,ols4_label
Mercaptobenzothiazole,mercaptobenzothiazole,CHEBI:34292,"1,3-benzothiazole-2-thiol",1,MTBLS13869,ols4_synonym
Mescaline,mescaline,CHEBI:28346,mescaline,1,MTBLS9662,ols4_label
MESITYL OXIDE,mesityloxide,CHEBI:89993,"4-Methyl-3-penten-2-one, 9CI",1,MTBLS13869,ols4_synonym
Mesobilirubinogen,mesobilirubinogen,CHEBI:29026,urobilinogen,1,MTBLS2774,metabolights_maf:MTBLS2774
Metabolite M6,metabolitem6,CHEBI:176211,Metabolite M6,1,MTBLS9662,ols4_label
Metacetamol,metacetamol,CHEBI:76987,metacetamol,1,MTBLS13869,ols4_label
Metaflumizone,metaflumizone,CHEBI:81803,Metaflumizone,1,MTBLS13513,ols4_label
Metaldehyde,metaldehyde,CHEBI:81931,metaldehyde,1,MTBLS13869,ols4_label
Metanephrine,metanephrine,CHEBI:89633,Metanephrine,1,MTBLS13513,ols4_label
Met-Asp,metasp,CHEBI:74699,Met-Asp,1,MTBLS9662,ols4_label
Met-Asp-Arg,metasparg,CHEBI:160568,Met-Asp-Arg,1,MTBLS13513,ols4_label
Metconazole,metconazole,CHEBI:81773,metconazole,1,MTBLS13513,ols4_label
metformin,metformin,CHEBI:6801,metformin,1,ST001412,ols4_label
Met-Gly-Met,metglymet,CHEBI:160750,Met-Gly-Met,1,MTBLS13513,ols4_label
Methacrylamide,methacrylamide,CHEBI:51759,methacrylamide,1,MTBLS13869,ols4_label
Methamidophos,methamidophos,CHEBI:38721,methamidophos,1,MTBLS9662,ols4_label
Methanesulfonic acid,methanesulfonicacid,CHEBI:27376,methanesulfonic acid,1,MTBLS9662,ols4_label
Methaqualone,methaqualone,CHEBI:6821,methaqualone,1,MTBLS13513,ols4_label
Methazolamide,methazolamide,CHEBI:6822,Methazolamide,1,MTBLS9662,ols4_label
Methiocarb,methiocarb,CHEBI:38508,methiocarb,1,MTBLS9662,ols4_label
methionine sulfone,methioninesulfone,CHEBI:132188,methionine sulfone,1,ST001412,ols4_label
Methopterine,methopterine,CHEBI:183928,Methopterine,1,MTBLS13513,ols4_label
Methoxyacetic acid,methoxyaceticacid,CHEBI:132098,methoxyacetic acid,1,MTBLS13869,ols4_label
Methyl-[10]-shogaol,methyl10shogaol,CHEBI:172570,Methyl-[10]-shogaol,1,MTBLS14295,ols4_label
Methyl-[12]-gingerdiol,methyl12gingerdiol,CHEBI:231129,Methyl-[12]-gingerdiol,1,MTBLS14295,ols4_label
Methyl 4-hydroxycinnamate,methyl4hydroxycinnamate,CHEBI:86904,4-coumaric acid methyl ester,1,MTBLS9662,ols4_synonym
Methylarsonite,methylarsonite,CHEBI:14597,methylarsonite,1,MTBLS9662,ols4_label
Methyl caprylate,methylcaprylate,CHEBI:87432,methyl octanoate,1,MTBLS9662,ols4_synonym
Methyl cellulose,methylcellulose,CHEBI:53448,methyl cellulose,1,MTBLS5667,metabolights_maf:MTBLS5667
Methylcysteine,methylcysteine,CHEBI:229268,Methylcysteine,1,MTBLS9662,ols4_label
Methyldopa,methyldopa,CHEBI:61058,alpha-methyl-L-dopa,1,MTBLS13513,ols4_synonym
methylheptenone,methylheptenone,CHEBI:16310,sulcatone,1,MTBLS2774,metabolights_maf:MTBLS2774
Methyl Isobutyl Ketone,methylisobutylketone,CHEBI:82344,Methyl isobutyl ketone,1,ST000603,ols4_label
Methyl linolenate,methyllinolenate,CHEBI:133634,methyl linolenate,1,MTBLS14295,ols4_label
Methyloxaloacetate,methyloxaloacetate,CHEBI:6885,(S)-2-methyl-3-oxosuccinic acid,1,MTBLS13869,ols4_synonym
Methylparaben,methylparaben,CHEBI:31835,methylparaben,1,MTBLS9662,ols4_label
Methylprednisolone hemisuccinate,methylprednisolonehemisuccinate,CHEBI:135765,methylprednisolone succinate,1,MTBLS9662,ols4_synonym
Methyl salicylate,methylsalicylate,CHEBI:31832,methyl salicylate,1,MTBLS13513,ols4_label
methylsuccinate,methylsuccinate,CHEBI:132961,methylsuccinate,1,ST001412,ols4_label
(Methylthio)acetone,methylthioacetone,CHEBI:179438,(Methylthio)acetone,1,MTBLS13869,ols4_label
Methylthioadenosine,methylthioadenosine,CHEBI:17509,5'-S-methyl-5'-thioadenosine,1,MTBLS13869,ols4_synonym
Met-Leu,metleu,CHEBI:74705,Met-Leu,1,MTBLS14059,ols4_label
Met-Lys-His,metlyshis,CHEBI:160901,Met-Lys-His,1,MTBLS9662,ols4_label
metoprolol,metoprolol,CHEBI:6904,metoprolol,1,ST001412,ols4_label
Met-Ser-Arg,metserarg,CHEBI:161048,Met-Ser-Arg,1,MTBLS13513,ols4_label
Mevalonic acid,mevalonicacid,CHEBI:25351,mevalonic acid,1,MTBLS13513,ols4_label
Mevinolinic acid,mevinolinicacid,CHEBI:82985,mevinolinic acid,1,MTBLS13869,ols4_label
Mibefradil,mibefradil,CHEBI:6920,Mibefradil,1,MTBLS9662,ols4_label
Miglitol,miglitol,CHEBI:6935,Miglitol,1,MTBLS9662,ols4_label
Milnacipran,milnacipran,CHEBI:135005,milnacipran,1,MTBLS13513,ols4_label
Mirasan,mirasan,CHEBI:6944,Mirasan,1,MTBLS9662,ols4_label
Miraxanthin-V,miraxanthinv,CHEBI:6948,Miraxanthin-V,1,MTBLS13869,ols4_label
Miriquidic acid,miriquidicacid,CHEBI:144272,Miriquidic acid,1,MTBLS13513,ols4_label
Mirtazapine,mirtazapine,CHEBI:6950,mirtazapine,1,MTBLS13513,ols4_label
Mitoxantrone,mitoxantrone,CHEBI:50729,mitoxantrone,1,MTBLS13513,ols4_label
Mitraphylline,mitraphylline,CHEBI:6957,Mitraphylline,1,MTBLS13513,ols4_label
moclobemide,moclobemide,CHEBI:83531,moclobemide,1,MTBLS13869,ols4_label
Mollicellin i,mollicellini,CHEBI:220234,Mollicellin I,1,MTBLS13513,ols4_label
Mollicellin J,mollicellinj,CHEBI:68723,mollicellin J,1,MTBLS9662,ols4_label
Monacolin J acid,monacolinjacid,CHEBI:82971,monacolin J acid,1,MTBLS13869,ols4_label
Monamidocin,monamidocin,CHEBI:200477,Monamidocin,1,MTBLS13869,ols4_label
Mono(2-ethylhexyl) phthalate,mono2ethylhexylphthalate,CHEBI:17243,mono(2-ethylhexyl) phthalate,1,MTBLS14295,ols4_label
Monobutyl phthalate,monobutylphthalate,CHEBI:88522,Monobutylphthalate,1,MTBLS13513,ols4_synonym
Monocillin I,monocillini,CHEBI:68804,monocillin I,1,MTBLS13869,ols4_label
Monoethylglycinexylidide,monoethylglycinexylidide,CHEBI:222828,monoethylglycinexylidide,1,MTBLS9662,ols4_label
Monoketocholic acid,monoketocholicacid,CHEBI:230878,Monoketocholic acid,1,MTBLS13869,ols4_label
Monomenthyl succinate,monomenthylsuccinate,CHEBI:169181,Monomenthyl succinate,1,MTBLS14295,ols4_label
Monooctyl phthalate,monooctylphthalate,CHEBI:132583,monooctyl phthalate,1,MTBLS13869,ols4_label
Montecristin,montecristin,CHEBI:171952,Montecristin,1,MTBLS5667,metabolights_maf:MTBLS5667
Moracin M,moracinm,CHEBI:174251,Moracin M,1,MTBLS9662,ols4_label
Morphine,morphine,CHEBI:17303,morphine,1,MTBLS13513,ols4_label
Morphine n-oxide,morphinenoxide,CHEBI:7002,Morphine N-oxide,1,MTBLS13513,ols4_label
Moxonidine,moxonidine,CHEBI:7009,Moxonidine,1,MTBLS9662,ols4_label
Multifidol,multifidol,CHEBI:7020,multifidol,1,MTBLS9662,ols4_label
Murideoxycholic acid,murideoxycholicacid,CHEBI:52030,murideoxycholic acid,1,MTBLS9662,ols4_label
Muscone,muscone,CHEBI:167860,Muscone,1,MTBLS13869,ols4_label
Mycophenolic Acid,mycophenolicacid,CHEBI:168396,mycophenolic acid,1,MTBLS13869,ols4_label
mycophenolic acid glucuronide,mycophenolicacidglucuronide,CHEBI:232439,mycophenolic acid glucuronide,1,ST001412,ols4_label
Myristic acid ethyl ester,myristicacidethylester,CHEBI:84849,ethyl myristate,1,MTBLS13513,ols4_synonym
myristic amide,myristicamide,CHEBI:137125,myristamide,1,MTBLS14295,ols4_synonym
myristoyl ethanolamide,myristoylethanolamide,CHEBI:85262,N-(tetradecanoyl)ethanolamine,1,MTBLS14295,ols4_synonym
Myristoylglycine,myristoylglycine,CHEBI:87142,N-myristoylglycine,1,MTBLS13869,ols4_synonym
Myristoyl-L-carnitine,myristoyllcarnitine,CHEBI:84634,O-tetradecanoyl-L-carnitine,1,MTBLS14059,ols4_synonym
Myrsinone,myrsinone,CHEBI:174796,Myrsinone,1,MTBLS13869,ols4_label
Myxotrichin D,myxotrichind,CHEBI:204948,Myxotrichin D,1,MTBLS13869,ols4_label
N1-Acetylspermidine,n1acetylspermidine,CHEBI:17927,N(1)-acetylspermidine,1,MTBLS9662,ols4_synonym
N-(1-Deoxy-1-fructosyl)methionine,n1deoxy1fructosylmethionine,CHEBI:174970,N-(1-Deoxy-1-fructosyl)methionine,1,MTBLS14295,ols4_label
N-(1-Deoxy-1-fructosyl)phenylalanine,n1deoxy1fructosylphenylalanine,CHEBI:136561,N-(1-deoxy-1-fructosyl)phenylalanine,1,MTBLS14295,ols4_label
N-(1-Deoxy-1-fructosyl)tyrosine,n1deoxy1fructosyltyrosine,CHEBI:189947,N-(1-Deoxy-1-fructosyl)tyrosine,1,MTBLS14295,ols4_label
N1-methylinosine,n1methylinosine,CHEBI:19065,1-methylinosine,1,ST001412,ols4_synonym
"N-(2,6-dimethylphenyl)piperidine-2-carboxamide",n26dimethylphenylpiperidine2carboxamide,CHEBI:173673,"2,6-Pipecoloxylidide",1,MTBLS9662,ols4_synonym
N-(2-acetamido)iminodiacetic acid,n2acetamidoiminodiaceticacid,CHEBI:43960,"2,2'-[(2-amino-2-oxoethyl)imino]diacetic acid",1,MTBLS13513,ols4_synonym
"N2-acetyl,N6-methyllysine",n2acetyln6methyllysine,CHEBI:232957,"N2-acetyl,N6-methyllysine",1,ST001412,ols4_label
"N2-acetyl,N6,N6-dimethyllysine",n2acetyln6n6dimethyllysine,CHEBI:232958,"N2-acetyl,N6,N6-dimethyllysine",1,ST001412,ols4_label
N-(2-Hydroxyethyl)docosanamide,n2hydroxyethyldocosanamide,CHEBI:146186,N-(docosanoyl)ethanolamine,1,MTBLS9662,ols4_synonym
N2-Tryptophyllysine,n2tryptophyllysine,CHEBI:74872,Trp-Lys,1,MTBLS9662,ols4_synonym
N-(3alpha-Hydroxy-7-oxo-5beta-cholanoyl-(24))-glycin|nutriaglycocholic acid|Nutriaglykocholsaeure,n3alphahydroxy7oxo5betacholanoyl24glycinnutriaglycocholicacidnutriaglykocholsaeure,CHEBI:138391,7-oxoglycolithocholic acid,1,MTBLS13869,ols4_synonym
N(5)-Acetyl-L-ornithine,n5acetyllornithine,CHEBI:44673,N(5)-acetyl-L-ornithine,1,MTBLS13869,ols4_label
N6-(2-Hydroxyethyl)adenosine,n62hydroxyethyladenosine,CHEBI:229272,N6-(2-Hydroxyethyl)adenosine,1,MTBLS9662,ols4_label
N6-carbamoylthreonyladenosine,n6carbamoylthreonyladenosine,CHEBI:21440,N-[(9-beta-D-ribofuranosylpurin-6-yl)carbamoyl]threonine,1,ST001412,ols4_synonym
N6-methyladenine,n6methyladenine,CHEBI:28871,6-methyladenine,1,MTBLS13513,ols4_synonym
N6-methyl-l-lysine,n6methylllysine,CHEBI:17604,N(6)-methyl-L-lysine,1,MTBLS13513,ols4_synonym
"N6,N6,N6-Trimethyl-L-lysine",n6n6n6trimethylllysine,CHEBI:17311,"N(6),N(6),N(6)-trimethyl-L-lysine",1,MTBLS13869,ols4_synonym
N-(9-oxodecyl)acetamide,n9oxodecylacetamide,CHEBI:170045,N-(9-oxodecyl)acetamide,1,MTBLS13869,ols4_label
N-Acetyl-3-methylhistidine,nacetyl3methylhistidine,CHEBI:133183,N-acetyl-3-methyl-L-histidine,1,MTBLS13869,ols4_synonym
N-Acetyl-5-hydroxytryptamine,nacetyl5hydroxytryptamine,CHEBI:17697,N-acetylserotonin,1,MTBLS14059,ols4_synonym
N-acetylalanine,nacetylalanine,CHEBI:40992,N-acetyl-L-alanine,1,ST001412,ols4_synonym
N-acetylalliin,nacetylalliin,CHEBI:133430,N-acetylalliin,1,ST001412,ols4_label
N-Acetylaminooctanoic acid,nacetylaminooctanoicacid,CHEBI:89901,N-Acetylaminooctanoic acid,1,MTBLS14295,ols4_label
N-acetylasparagine,nacetylasparagine,CHEBI:138368,N-acetylasparagine,1,ST001412,ols4_label
N-Acetylaspartic acid,nacetylasparticacid,CHEBI:21547,N-acetyl-L-aspartic acid,1,MTBLS13869,ols4_synonym
N-acetylaspartylglutamic acid,nacetylaspartylglutamicacid,CHEBI:73688,Ac-Asp-Glu,1,MTBLS13513,ols4_synonym
N-acetyl-beta-alanine,nacetylbetaalanine,CHEBI:16682,N-acetyl-beta-alanine,1,ST001412,ols4_label
N-acetylcarnosine,nacetylcarnosine,CHEBI:67249,N-acetylcarnosine,1,ST001412,ols4_label
N-acetylcitrulline,nacetylcitrulline,CHEBI:49006,N-acetylcitrulline,1,ST001412,ols4_label
N-Acetylcysteine,nacetylcysteine,CHEBI:28939,N-acetyl-L-cysteine,1,MTBLS9662,ols4_synonym
N-Acetyldemethylphosphinothricin tripeptide,nacetyldemethylphosphinothricintripeptide,CHEBI:81406,N-Acetyldemethylphosphinothricin tripeptide,1,MTBLS9662,ols4_label
N-acetyl-d-galactosaminitol,nacetyldgalactosaminitol,CHEBI:53480,N-acetyl-D-galactosaminitol,1,MTBLS13513,ols4_label
N-Acetyl-D-Glucosamine 6-Phosphate,nacetyldglucosamine6phosphate,CHEBI:15784,N-acetyl-D-glucosamine 6-phosphate,1,MTBLS13513,ols4_label
N-acetyl-d-mannosamine,nacetyldmannosamine,CHEBI:63153,N-acetyl-D-mannosamine,1,MTBLS13513,ols4_label
N-acetyl-d-norleucine,nacetyldnorleucine,CHEBI:191057,N-acetyl-d-norleucine,1,MTBLS13513,ols4_label
N-acetylglucosamine,nacetylglucosamine,CHEBI:59640,N-acetylglucosamine,1,MTBLS13513,ols4_label
N-Acetylglutamic acid,nacetylglutamicacid,CHEBI:17533,N-acetyl-L-glutamic acid,1,MTBLS5667,metabolights_maf:MTBLS5667
N-Acetylisoleucine,nacetylisoleucine,CHEBI:84056,N-acetylisoleucine,1,MTBLS13869,ols4_label
N-Acetyl-L-alanine,nacetyllalanine,CHEBI:40992,N-acetyl-L-alanine,1,MTBLS13513,ols4_label
N-acetyl-l-carnosine,nacetyllcarnosine,CHEBI:67249,N-acetylcarnosine,1,MTBLS13513,ols4_synonym
N-acetylleucine,nacetylleucine,CHEBI:17786,N-acetyl-L-leucine,1,ST001412,ols4_synonym
N-acetyl-l-glutamate,nacetyllglutamate,CHEBI:17533,N-acetyl-L-glutamic acid,1,MTBLS13513,ols4_synonym
N-Acetylmuramic acid,nacetylmuramicacid,CHEBI:47965,N-acetylmuramic acid,1,MTBLS2774,metabolights_maf:MTBLS2774
N-acetylputrescine,nacetylputrescine,CHEBI:17768,N-acetylputrescine,1,ST001412,ols4_label
N-Acetylserotonin,nacetylserotonin,CHEBI:17697,N-acetylserotonin,1,MTBLS13869,ols4_label
N-acetylsulfamethoxazole,nacetylsulfamethoxazole,CHEBI:31169,N-acetylsulfamethoxazole,1,MTBLS13513,ols4_label
N-acetyltaurine,nacetyltaurine,CHEBI:133737,acetyltaurine(1-),1,ST001412,ols4_synonym
N-acetyltheanine,nacetyltheanine,CHEBI:233915,N-acetyltheanine,1,ST001412,ols4_label
N-acetylthreonine,nacetylthreonine,CHEBI:45826,N-acetyl-L-threonine,1,ST001412,ols4_synonym
Nalidixic acid,nalidixicacid,CHEBI:100147,nalidixic acid,1,MTBLS13869,ols4_label
N-alpha-acetyl-l-lysine,nalphaacetylllysine,CHEBI:35704,N(2)-acetyl-L-lysine,1,MTBLS13513,ols4_synonym
Naltrexone,naltrexone,CHEBI:7465,naltrexone,1,MTBLS13513,ols4_label
Naltrindole,naltrindole,CHEBI:81528,Naltrindole,1,MTBLS9662,ols4_label
Naphthofluorescein,naphthofluorescein,CHEBI:187610,Naphthofluorescein,1,MTBLS13869,ols4_label
naproxen,naproxen,CHEBI:7476,naproxen,1,ST001412,ols4_label
N-Arachidonoyl Leucine,narachidonoylleucine,CHEBI:136683,N-arachidonoyl-L-leucine,1,MTBLS13869,ols4_synonym
N-arachidonoyl-l-serine,narachidonoyllserine,CHEBI:143514,N-arachidonoyl-L-serine,1,MTBLS13513,ols4_label
Naringenin chalcone,naringeninchalcone,CHEBI:15413,"2',4,4',6'-tetrahydroxychalcone",1,MTBLS13513,ols4_synonym
Nbd-ceramide,nbdceramide,CHEBI:59429,"N-{6-[(7-nitro-2,1,3-benzoxadiazol-4-yl)amino]hexanoyl}sphingosine",1,MTBLS9662,ols4_synonym
N-Caproylglycine,ncaproylglycine,CHEBI:64390,N-hexanoylglycine,1,MTBLS13869,ols4_synonym
N-Cinnamoylglycine,ncinnamoylglycine,CHEBI:68616,N-cinnamoylglycine,1,MTBLS14295,ols4_label
"N-cis-11,14-eicosadienoyl ethanolamine",ncis1114eicosadienoylethanolamine,CHEBI:73733,"N-(11Z,14Z)-eicosadienoylethanolamine",1,MTBLS13869,ols4_synonym
N-delta-acetylornithine,ndeltaacetylornithine,CHEBI:133180,N(5)-acetylornithine zwitterion,1,ST001412,ols4_synonym
N-Desmethyl tapentadol,ndesmethyltapentadol,CHEBI:173585,N-Desmethyl tapentadol,1,MTBLS9662,ols4_label
Neferine,neferine,CHEBI:176257,Neferine,1,MTBLS9662,ols4_label
Nefopam,nefopam,CHEBI:88316,nefopam,1,MTBLS9662,ols4_label
N-Eicosapentaenoyl Tyrosine,neicosapentaenoyltyrosine,CHEBI:230157,N-Eicosapentaenoyl Tyrosine,1,MTBLS14295,ols4_label
Nelfinavir,nelfinavir,CHEBI:7496,nelfinavir,1,MTBLS9662,ols4_label
Neochlorogenic acid,neochlorogenicacid,CHEBI:16384,trans-5-O-caffeoyl-D-quinic acid,1,MTBLS13513,ols4_synonym
Neoliquiritin,neoliquiritin,CHEBI:191812,Neoliquiritin,1,MTBLS13869,ols4_label
Neotussilagine,neotussilagine,CHEBI:179100,Neotussilagine,1,MTBLS13869,ols4_label
Nervonic acid,nervonicacid,CHEBI:44247,(15Z)-tetracosenoic acid,1,MTBLS14295,ols4_synonym
N-Ethylglycine,nethylglycine,CHEBI:15620,N-ethylglycine,1,MTBLS9662,ols4_label
N-ethylmaleimide,nethylmaleimide,CHEBI:44485,N-ethylmaleimide,1,MTBLS13513,ols4_label
Netilmicin,netilmicin,CHEBI:748901,netilmicin,1,MTBLS13869,ols4_label
N-formylanthranilic acid,nformylanthranilicacid,CHEBI:36575,N-formylanthranilic acid,1,ST001412,ols4_label
N-Formylglycine,nformylglycine,CHEBI:21717,N-formylglycine,1,MTBLS9662,ols4_label
N'-Formylkynurenine,nformylkynurenine,CHEBI:30249,N-formyl-L-kynurenine,1,ST003954,ols4_synonym
N-Formyl-L-aspartate,nformyllaspartate,CHEBI:48429,N-formyl-L-aspartic acid,1,MTBLS5667,metabolights_maf:MTBLS5667
N-formylmethionine,nformylmethionine,CHEBI:49298,N-formyl-L-methionyl group,1,ST001412,ols4_synonym
N-fructosyl pyroglutamate,nfructosylpyroglutamate,CHEBI:183936,N-fructosyl pyroglutamate,1,MTBLS13513,ols4_label
N-gamma-Glutamyl-S-propylcysteine,ngammaglutamylspropylcysteine,CHEBI:169188,N-gamma-Glutamyl-S-propylcysteine,1,MTBLS14295,ols4_label
"Ng,ng-dimethyl-l-arginine",ngngdimethyllarginine,CHEBI:17929,"N(omega),N(omega)-dimethyl-L-arginine",1,MTBLS13513,ols4_synonym
N-Heptanoylglycine,nheptanoylglycine,CHEBI:74433,N-heptanoylglycine,1,MTBLS13869,ols4_label
N-Hydroxy-meIQX,nhydroxymeiqx,CHEBI:133915,N-hydroxy-MeIQx,1,MTBLS13869,ols4_label
Niclosamide,niclosamide,CHEBI:7553,niclosamide,1,MTBLS9662,ols4_label
Nicotinamide n-oxide,nicotinamidenoxide,CHEBI:89640,Nicotinamide N-oxide,1,MTBLS13513,ols4_label
Nicotinamide riboside,nicotinamideriboside,CHEBI:15927,N-ribosylnicotinamide,1,MTBLS9662,ols4_synonym
Nicotinate D-ribonucleoside,nicotinatedribonucleoside,CHEBI:27748,D-ribosylnicotinic acid,1,MTBLS2774,metabolights_maf:MTBLS2774
Nilutamide,nilutamide,CHEBI:7573,nilutamide,1,MTBLS9662,ols4_label
N-(indole-3-acetyl)-L-leucine,nindole3acetyllleucine,CHEBI:71675,N-(indole-3-acetyl)-L-leucine,1,MTBLS9662,ols4_label
N-isobutyrylglycine,nisobutyrylglycine,CHEBI:70979,N-isobutyrylglycine,1,MTBLS13513,ols4_label
Nitazoxanide,nitazoxanide,CHEBI:94807,acetic acid [2-[[(5-nitro-2-thiazolyl)amino]-oxomethyl]phenyl] ester,1,MTBLS9662,ols4_synonym
Nitrilotriacetic acid,nitrilotriaceticacid,CHEBI:44557,nitrilotriacetic acid,1,MTBLS13513,ols4_label
Nitrotyrosine,nitrotyrosine,CHEBI:86267,nitrotyrosine,1,ST003984,ols4_label
Nivalenol,nivalenol,CHEBI:7599,Nivalenol,1,MTBLS13513,ols4_label
N-lactoyl-Tryptophan,nlactoyltryptophan,CHEBI:173975,N-lactoyl-Tryptophan,1,MTBLS13869,ols4_label
N-Lauroylethanolamine,nlauroylethanolamine,CHEBI:85263,N-(dodecanoyl)ethanolamine,1,MTBLS13869,ols4_synonym
N-methyl-2-oxoglutaramic acid,nmethyl2oxoglutaramicacid,CHEBI:37041,N-methyl-2-oxoglutaramic acid,1,MTBLS9662,ols4_label
N-Methylalanine,nmethylalanine,CHEBI:143269,N-methylalanine,1,MTBLS9662,ols4_label
N-Methylethanolamine phosphate,nmethylethanolaminephosphate,CHEBI:16463,N-methylethanolamine phosphate,1,MTBLS13869,ols4_label
N-methylhistidine,nmethylhistidine,CHEBI:137683,N-methylhistidine,1,MTBLS13513,ols4_label
N-Methyl-L-asparagine,nmethyllasparagine,CHEBI:21753,N-methyl-L-asparagine,1,MTBLS14295,ols4_label
N-Methylnicotinium,nmethylnicotinium,CHEBI:165175,N-Methylnicotinium,1,MTBLS5667,metabolights_maf:MTBLS5667
N-methylproline,nmethylproline,CHEBI:90344,N-methylproline,1,ST001412,ols4_label
N-methyltaurine,nmethyltaurine,CHEBI:176462,N-Methyltaurine,1,ST001412,ols4_label
N-methylundec-10-enamide,nmethylundec10enamide,CHEBI:189568,N-methylundec-10-enamide,1,MTBLS9662,ols4_label
N-Myristoylglycine,nmyristoylglycine,CHEBI:87142,N-myristoylglycine,1,MTBLS9662,ols4_label
"N,N-Bis(2-hydroxyethyl)dodecanamide",nnbis2hydroxyethyldodecanamide,CHEBI:143726,"N,N-bis(2-hydroxyethyl)dodecanamide",1,MTBLS9662,ols4_label
"N,N'-Diacetylhydrazine",nndiacetylhydrazine,CHEBI:80616,"N,N'-Diacetylhydrazine",1,MTBLS5667,metabolights_maf:MTBLS5667
"N,N-Diethylglycine",nndiethylglycine,CHEBI:80633,"N,N-diethylglycine",1,MTBLS14295,ols4_label
"N,N-dimethylalanine",nndimethylalanine,CHEBI:77042,"N,N-dimethyl-L-alanine",1,ST001412,ols4_synonym
"N,N-Dimethylaniline",nndimethylaniline,CHEBI:16269,"N,N-dimethylaniline",1,MTBLS9662,ols4_label
"N,N-Dimethylarginine",nndimethylarginine,CHEBI:17929,"N(omega),N(omega)-dimethyl-L-arginine",1,MTBLS13869,ols4_synonym
"N,N-Dimethylglycine",nndimethylglycine,CHEBI:17724,"N,N-dimethylglycine",1,ST003954,ols4_label
"N,n-dimethylguanosine",nndimethylguanosine,CHEBI:19289,"N(2),N(2)-dimethylguanosine",1,MTBLS13513,ols4_synonym
"N,n-dimethyl-l-valine",nndimethyllvaline,CHEBI:173190,"N,N-dimethyl-L-Valine",1,MTBLS13513,ols4_label
"N,N-Dimethyl-p-phenylenediamine",nndimethylpphenylenediamine,CHEBI:15783,"N,N-dimethyl-1,4-phenylenediamine",1,MTBLS9662,ols4_synonym
"N,N-Dimethyltryptamine",nndimethyltryptamine,CHEBI:28969,"N,N-dimethyltryptamine",1,MTBLS2774,metabolights_maf:MTBLS2774
"N,N'-Diphenylguanidine",nndiphenylguanidine,CHEBI:144319,"1,3-diphenylguanidine",1,MTBLS13869,ols4_synonym
N-nitroso-n-methyl-3-aminopropionic acid,nnitrosonmethyl3aminopropionicacid,CHEBI:180595,N-Nitroso-N-methyl-3-aminopropionic acid,1,MTBLS13513,ols4_label
N-Nitroso-pyrrolidine,nnitrosopyrrolidine,CHEBI:82362,N-Nitrosopyrrolidine,1,MTBLS5667,metabolights_maf:MTBLS5667
N-Octanoylglycine,noctanoylglycine,CHEBI:74099,N-octanoylglycine,1,MTBLS14295,ols4_label
N-octanoylsphingosine,noctanoylsphingosine,CHEBI:45815,N-octanoylsphingosine,1,MTBLS9662,ols4_label
N-Oleoyl phenylalanine,noleoylphenylalanine,CHEBI:134021,N-oleoyl-L-phenylalanine,1,MTBLS13869,ols4_synonym
N-oleoylserine,noleoylserine,CHEBI:136614,N-oleoyl-L-serine,1,ST001412,ols4_synonym
N-oleoyltaurine,noleoyltaurine,CHEBI:146206,N-oleoyltaurine,1,ST001412,ols4_label
Nonadecanoic acid,nonadecanoicacid,CHEBI:39246,nonadecanoic acid,1,MTBLS14295,ols4_label
Nonivamide,nonivamide,CHEBI:46936,nonivamide,1,MTBLS14059,ols4_label
Nootkatol,nootkatol,CHEBI:81378,beta-nootkatol,1,MTBLS9662,ols4_synonym
Nootkatone,nootkatone,CHEBI:81377,(+)-nootkatone,1,MTBLS9662,ols4_synonym
Norchenodeoxycholic acid,norchenodeoxycholicacid,CHEBI:177017,Norchenodeoxycholic acid,1,MTBLS2774,metabolights_maf:MTBLS2774
Norcraugsodine,norcraugsodine,CHEBI:190754,Norcraugsodine,1,MTBLS9662,ols4_label
Nordihydrocapsaicin,nordihydrocapsaicin,CHEBI:174101,Nordihydrocapsaicin,1,MTBLS9662,ols4_label
Norecasantalic acid,norecasantalicacid,CHEBI:185885,Norecasantalic acid,1,MTBLS13869,ols4_label
Norethindrone,norethindrone,CHEBI:7627,norethisterone,1,MTBLS13869,ols4_synonym
Norethindrone acetate,norethindroneacetate,CHEBI:7628,norethisterone acetate,1,MTBLS9662,ols4_synonym
Norfloxacin,norfloxacin,CHEBI:100246,norfloxacin,1,MTBLS9662,ols4_label
norfluoxetine,norfluoxetine,CHEBI:180876,Norfluoxetine,1,ST001412,ols4_label
Norfuraneol,norfuraneol,CHEBI:74456,4-hydroxy-5-methyl-3-furanone,1,MTBLS5667,metabolights_maf:MTBLS5667
Normetanephrine,normetanephrine,CHEBI:89951,Normetanephrine,1,MTBLS14295,ols4_label
Norspermidine,norspermidine,CHEBI:57920,bis(3-azaniumylpropyl)azanium,1,MTBLS13869,ols4_synonym
Norvaline,norvaline,CHEBI:19475,2-aminopentanoic acid,1,MTBLS13869,ols4_synonym
Nostocyclyne A,nostocyclynea,CHEBI:203332,Nostocyclyne A,1,MTBLS13869,ols4_label
Notoginsenoside T1,notoginsenosidet1,CHEBI:168305,Notoginsenoside T1,1,MTBLS9662,ols4_label
N-Palmitoyl Alanine,npalmitoylalanine,CHEBI:165549,N-Palmitoyl alanine,1,MTBLS13869,ols4_label
N-Palmitoyl Isoleucine,npalmitoylisoleucine,CHEBI:165554,N-Palmitoyl isoleucine,1,MTBLS13869,ols4_label
N-Phenylanthranilic acid,nphenylanthranilicacid,CHEBI:34756,fenamic acid,1,MTBLS9662,ols4_synonym
N-Succinyl-L-glutamate 5-semialdehyde,nsuccinyllglutamate5semialdehyde,CHEBI:27657,N-succinyl-L-glutamic 5-semialdehyde,1,MTBLS2774,metabolights_maf:MTBLS2774
N-Trifluoroacetyladriamycinol,ntrifluoroacetyladriamycinol,CHEBI:184918,N-Trifluoroacetyladriamycinol,1,MTBLS9662,ols4_label
N-tris(hydroxymethyl)methyl-2-aminoethanesulfonic acid,ntrishydroxymethylmethyl2aminoethanesulfonicacid,CHEBI:44356,N-tris(hydroxymethyl)methyl-2-aminoethanesulfonic acid,1,MTBLS13513,ols4_label
N-Undecanoylglycine,nundecanoylglycine,CHEBI:74438,N-undecanoylglycine,1,MTBLS13869,ols4_label
O-(17-Carboxyheptadecanoyl)carnitine,o17carboxyheptadecanoylcarnitine,CHEBI:73104,O-(17-carboxyheptadecanoyl)carnitine,1,MTBLS13869,ols4_label
O-[(5Z)-dodecenoyl]carnitine,o5zdodecenoylcarnitine,CHEBI:73053,O-[(5Z)-dodecenoyl]carnitine,1,MTBLS13869,ols4_label
O-acetylhomoserine,oacetylhomoserine,CHEBI:7671,O-acetylhomoserine,1,ST001412,ols4_label
O-Acetyl-L-carnitine,oacetyllcarnitine,CHEBI:57589,O-acetyl-L-carnitine,1,MTBLS14059,ols4_label
O-Acetyl-L-homoserine,oacetyllhomoserine,CHEBI:16288,O-acetyl-L-homoserine,1,MTBLS9662,ols4_label
O-Acetyl-L-serine,oacetyllserine,CHEBI:17981,O-acetyl-L-serine,1,MTBLS9662,ols4_label
O-Arachidonoyl Ethanolamine,oarachidonoylethanolamine,CHEBI:183424,O-Arachidonoyl ethanolamine,1,MTBLS13869,ols4_label
Obacunone,obacunone,CHEBI:7713,Obacunone,1,MTBLS9662,ols4_label
O-benzyl-L-serine,obenzyllserine,CHEBI:193485,O-BENZYL-l-SERINE,1,MTBLS9662,ols4_label
Obeticholic acid,obeticholicacid,CHEBI:43602,obeticholic acid,1,MTBLS9662,ols4_label
Oblongolide,oblongolide,CHEBI:7715,Oblongolide,1,MTBLS13869,ols4_label
Obscuraminol A,obscuraminola,CHEBI:73892,"1-deoxysphinga-6Z,9Z,12Z,15Z-tetraenine",1,MTBLS13869,ols4_synonym
Ochratoxin A,ochratoxina,CHEBI:7719,ochratoxin A,1,MTBLS9662,ols4_label
Ochrolifuanine A,ochrolifuaninea,CHEBI:7720,Ochrolifuanine A,1,MTBLS9662,ols4_label
Octadecadienoate,octadecadienoate,CHEBI:25626,octadecadienoate,1,MTBLS14059,ols4_label
Octadecanamide,octadecanamide,CHEBI:34900,octadecanamide,1,MTBLS9662,ols4_label
Octadecanoic acid,octadecanoicacid,CHEBI:28842,octadecanoic acid,1,MTBLS13513,ols4_label
Octadecenedioic acid,octadecenedioicacid,CHEBI:136827,octadecenedioic acid,1,MTBLS13869,ols4_label
Octadecylamine,octadecylamine,CHEBI:63866,octadecan-1-amine,1,MTBLS14295,ols4_synonym
Octaethylene glycol,octaethyleneglycol,CHEBI:44794,octaethylene glycol,1,MTBLS13869,ols4_label
Octanoylglucuronide,octanoylglucuronide,CHEBI:71003,octanoyl-beta-D-glucuronide,1,MTBLS14295,ols4_synonym
Octaprenyl diphosphate,octaprenyldiphosphate,CHEBI:53045,octaprenyl diphosphate,1,MTBLS2774,metabolights_maf:MTBLS2774
Octinoxate,octinoxate,CHEBI:134750,octinoxate,1,MTBLS13869,ols4_label
Octyl 2-furoate,octyl2furoate,CHEBI:174156,Octyl 2-furoate,1,MTBLS14295,ols4_label
Octyl phenylacetate,octylphenylacetate,CHEBI:171692,Octyl phenylacetate,1,MTBLS14295,ols4_label
o-Cymol,ocymol,CHEBI:89263,1-Isopropyl-2-methylbenzene,1,MTBLS13869,ols4_synonym
O-Desmethyl tramadol,odesmethyltramadol,CHEBI:758215,desmetramadol,1,MTBLS13869,ols4_synonym
O-desmethyltramadol glucuronide,odesmethyltramadolglucuronide,CHEBI:169437,O-Desmethyltramadol glucuronide,1,ST001412,ols4_label
O-desmethylvenlafaxine,odesmethylvenlafaxine,CHEBI:83527,O-desmethylvenlafaxine,1,ST001412,ols4_label
o-Dodecylbenzenesulfonic acid,ododecylbenzenesulfonicacid,CHEBI:149774,2-dodecylbenzenesulfonic acid,1,MTBLS13869,ols4_synonym
Oglufanide,oglufanide,CHEBI:73512,Glu-Trp,1,MTBLS13869,ols4_synonym
oidiodendronic acid,oidiodendronicacid,CHEBI:225761,Oidiodendronic acid,1,MTBLS13869,ols4_label
Olaparib,olaparib,CHEBI:83766,olaparib,1,MTBLS9662,ols4_label
Oleoylcarnitine,oleoylcarnitine,CHEBI:72689,O-oleoylcarnitine,1,MTBLS13869,ols4_synonym
oleoylcholine,oleoylcholine,CHEBI:133693,oleoylcholine,1,ST001412,ols4_label
Oleoyl-L-carnitine,oleoyllcarnitine,CHEBI:84651,(R)-oleoylcarnitine,1,MTBLS14059,ols4_synonym
Olmesartan medoxomil,olmesartanmedoxomil,CHEBI:31932,Olmesartan medoxomil,1,MTBLS13513,ols4_label
omega-Muricholic acid,omegamuricholicacid,CHEBI:81299,omega-muricholic acid,1,MTBLS14295,ols4_label
omeprazole,omeprazole,CHEBI:7772,omeprazole,1,ST001412,ols4_label
O-octadecanoyl-R-carnitine,ooctadecanoylrcarnitine,CHEBI:84644,O-octadecanoyl-L-carnitine,1,MTBLS14059,ols4_synonym
O-phenylenediamine,ophenylenediamine,CHEBI:34043,"1,2-phenylenediamine",1,MTBLS13513,ols4_synonym
O-phospho-D-serine,ophosphodserine,CHEBI:37713,O-phospho-D-serine,1,MTBLS9662,ols4_label
O-phosphoethanolamine,ophosphoethanolamine,CHEBI:17553,O-phosphoethanolamine,1,MTBLS13513,ols4_label
O-Phosphothreonine,ophosphothreonine,CHEBI:37525,O-phospho-L-threonine,1,MTBLS5667,metabolights_maf:MTBLS5667
O-phosphotyrosine,ophosphotyrosine,CHEBI:74956,O(4)-phosphotyrosine,1,MTBLS13513,ols4_synonym
Orn,orn,CHEBI:18257,ornithine,1,ST003984,ols4_synonym
orotate,orotate,CHEBI:30839,orotate,1,ST001412,ols4_label
Orotic acid,oroticacid,CHEBI:16742,orotic acid,1,MTBLS5667,metabolights_maf:MTBLS5667
Orphenadrine,orphenadrine,CHEBI:7789,orphenadrine,1,MTBLS13513,ols4_label
Oryzalic acid B,oryzalicacidb,CHEBI:175484,Oryzalic acid B,1,MTBLS14295,ols4_label
Oryzarol,oryzarol,CHEBI:172645,Oryzarol,1,MTBLS14295,ols4_label
Osajin,osajin,CHEBI:7797,Osajin,1,MTBLS13869,ols4_label
oscr#14,oscr14,CHEBI:79136,oscr#14,1,MTBLS13869,ols4_label
oscr#20,oscr20,CHEBI:79142,oscr#20,1,MTBLS13869,ols4_label
oscr#22,oscr22,CHEBI:79144,oscr#22,1,MTBLS13869,ols4_label
oscr#25,oscr25,CHEBI:79147,oscr#25,1,MTBLS13869,ols4_label
Ostruthin,ostruthin,CHEBI:69833,Ostruthin,1,MTBLS9662,ols4_label
O-sulfo-L-tyrosine,osulfoltyrosine,CHEBI:46215,O(4')-sulfo-L-tyrosine,1,ST001412,ols4_synonym
o-Toluate,otoluate,CHEBI:28872,o-toluate,1,MTBLS14295,ols4_label
o-Tyrosine,otyrosine,CHEBI:89461,o-tyrosine,1,MTBLS14295,ols4_label
Oxalic acid,oxalicacid,CHEBI:16995,oxalic acid,1,MTBLS14295,ols4_label
Oxaloacetate,oxaloacetate,CHEBI:30744,oxaloacetic acid,1,MTBLS2774,metabolights_maf:MTBLS2774
Oxaloglutarate,oxaloglutarate,CHEBI:7814,2-oxaloglutaric acid,1,MTBLS9662,ols4_synonym
Oxalosuccinic acid,oxalosuccinicacid,CHEBI:7815,oxalosuccinic acid,1,MTBLS2774,metabolights_maf:MTBLS2774
Oxcarbazepine,oxcarbazepine,CHEBI:7824,oxcarbazepine,1,MTBLS9662,ols4_label
Oxoglutaric acid,oxoglutaricacid,CHEBI:30915,2-oxoglutaric acid,1,MTBLS5667,metabolights_maf:MTBLS5667
o-Xylene,oxylene,CHEBI:28063,o-xylene,1,ST000603,ols4_label
Oxymatrine,oxymatrine,CHEBI:2672,Ammothamnine,1,MTBLS9662,ols4_synonym
Oxyresveratrol,oxyresveratrol,CHEBI:7870,Oxyresveratrol,1,MTBLS13513,ols4_label
Oxytetracycline,oxytetracycline,CHEBI:27701,oxytetracycline,1,MTBLS13513,ols4_label
PA(17:0/22:0),pa170220,CHEBI:177001,PA(17:0/22:0),1,MTBLS2774,metabolights_maf:MTBLS2774
"PA(18:3(6Z,9Z,12Z)/0:0)",pa1836z9z12z00,CHEBI:74933,1-(gamma-linolenoyl)-sn-glycero-3-phosphate,1,MTBLS13869,ols4_synonym
"PA(20:2(11Z,14Z)/22:6(4Z,7Z,10Z,13Z,16Z,19Z))",pa20211z14z2264z7z10z13z16z19z,CHEBI:177015,"PA(20:2(11Z,14Z)/22:6(4Z,7Z,10Z,13Z,16Z,19Z))",1,MTBLS2774,metabolights_maf:MTBLS2774
"PA(20:3(8Z,11Z,14Z)/21:0)",pa2038z11z14z210,CHEBI:176999,"PA(20:3(8Z,11Z,14Z)/21:0)",1,MTBLS2774,metabolights_maf:MTBLS2774
Paeonolide,paeonolide,CHEBI:7891,Paeonolide,1,MTBLS13513,ols4_label
Palmidrol,palmidrol,CHEBI:71464,palmitoyl ethanolamide,1,MTBLS13869,ols4_synonym
Palmitamide,palmitamide,CHEBI:74475,hexadecanamide,1,MTBLS14059,ols4_synonym
Palmitelaidic acid,palmitelaidicacid,CHEBI:59265,palmitelaidic acid,1,MTBLS14059,ols4_label
palmitoloelycholine,palmitoloelycholine,CHEBI:233925,palmitoloelycholine,1,ST001412,ols4_label
palmitoylcholine,palmitoylcholine,CHEBI:133677,hexadecanoylcholine,1,ST001412,ols4_synonym
Palmitoyl dopamine,palmitoyldopamine,CHEBI:134058,N-palmitoyl dopamine,1,MTBLS13869,ols4_synonym
Palmitoyl-EA,palmitoylea,CHEBI:71464,palmitoyl ethanolamide,1,ST003984,ols4_synonym
Palmitoyl sphingomyelin,palmitoylsphingomyelin,CHEBI:78646,N-hexadecanoylsphingosine-1-phosphocholine,1,MTBLS13513,ols4_synonym
palmyramide A,palmyramidea,CHEBI:206539,Palmyramide A,1,MTBLS9662,ols4_label
Panaquinquecol 6,panaquinquecol6,CHEBI:174325,Panaquinquecol 6,1,MTBLS14295,ols4_label
Panaxacol,panaxacol,CHEBI:174659,Panaxacol,1,MTBLS14295,ols4_label
Panaxytriol,panaxytriol,CHEBI:80732,Panaxytriol,1,MTBLS14295,ols4_label
Pantethine,pantethine,CHEBI:31959,pantethine,1,MTBLS13513,ols4_label
Panthenol,panthenol,CHEBI:749784,panthenol,1,MTBLS13869,ols4_label
pantoate,pantoate,CHEBI:15980,(R)-pantoate,1,ST001412,ols4_synonym
pantoprazole,pantoprazole,CHEBI:7915,pantoprazole,1,ST001412,ols4_label
Pantothenol,pantothenol,CHEBI:27373,pantothenol,1,MTBLS9662,ols4_label
Paramethadione,paramethadione,CHEBI:7921,paramethadione,1,MTBLS13869,ols4_label
paraxanthine,paraxanthine,CHEBI:25858,"1,7-dimethylxanthine",1,ST001412,ols4_synonym
Parecoxib,parecoxib,CHEBI:73038,parecoxib,1,MTBLS9662,ols4_label
Parnate,parnate,CHEBI:9653,tranylcypromine sulfate,1,MTBLS9662,ols4_synonym
paroxetine,paroxetine,CHEBI:7936,paroxetine,1,ST001412,ols4_label
Paxilline,paxilline,CHEBI:34907,paxilline,1,MTBLS13513,ols4_label
Paxisterol,paxisterol,CHEBI:222150,Paxisterol,1,MTBLS13869,ols4_label
PC(10:0/19:0),pc100190,CHEBI:176997,PC(10:0/19:0),1,MTBLS2774,metabolights_maf:MTBLS2774
PC(12:0/20:0),pc120200,CHEBI:177014,PC(12:0/20:0),1,MTBLS2774,metabolights_maf:MTBLS2774
PC(13:0/21:0),pc130210,CHEBI:177013,PC(13:0/21:0),1,MTBLS2774,metabolights_maf:MTBLS2774
PC(14:0),pc140,CHEBI:137852,phosphatidylcholine 14:0,1,MTBLS2774,metabolights_maf:MTBLS2774
PC(15:0),pc150,CHEBI:134277,phosphatidylcholine 15:0,1,MTBLS2774,metabolights_maf:MTBLS2774
"PC(15:0/20:5(5Z,8Z,11Z,14Z,17Z))",pc1502055z8z11z14z17z,CHEBI:167588,"phosphatidylcholine 15:0/20:5(5Z,8Z,11Z,14Z,17Z)",1,MTBLS2774,metabolights_maf:MTBLS2774
PC(16:0),pc160,CHEBI:166937,phosphatidylcholine 16:0,1,MTBLS2774,metabolights_maf:MTBLS2774
PC(16:0/14:0),pc160140,CHEBI:75304,1-palmitoyl-2-myristoyl-sn-glycero-3-phosphocholine,1,MTBLS5667,metabolights_maf:MTBLS5667
PC(16:0/15:1(14)),pc16015114,CHEBI:177011,PC(16:0/15:1(14)),1,MTBLS2774,metabolights_maf:MTBLS2774
PC(16:0/16:1(9Z)),pc1601619z,CHEBI:74000,1-palmitoyl-2-palmitoleoyl-sn-glycero-3-phosphocholine,1,MTBLS14059,ols4_synonym
PC(16:0/17:1(9Z)),pc1601719z,CHEBI:84577,1-palmitoyl-2-(9Z-heptadecenoyl)-sn-glycero-3-phosphocholine,1,MTBLS2774,metabolights_maf:MTBLS2774
PC(16:0/18:1(11E)),pc16018111e,CHEBI:177009,PC(16:0/18:1(11E)),1,MTBLS2774,metabolights_maf:MTBLS2774
PC(17:0/18:1(9Z)),pc1701819z,CHEBI:133624,1-heptadecanoyl-2-oleoyl-sn-glycero-3-phosphocholine,1,MTBLS2774,metabolights_maf:MTBLS2774
PC(17:1(10Z)/0:0),pc17110z00,CHEBI:73854,1-(10Z-heptadecenoyl)-sn-glycero-3-phosphocholine,1,MTBLS13869,ols4_synonym
PC(18:0/15:0),pc180150,CHEBI:134076,1-octadecanoyl-2-pentadecanoyl-sn-glycero-3-phosphocholine,1,MTBLS5667,metabolights_maf:MTBLS5667
PC(18:0/18:1(13Z)),pc18018113z,CHEBI:177008,PC(18:0/18:1(13Z)),1,MTBLS2774,metabolights_maf:MTBLS2774
PC(18:0/18:1(9Z)),pc1801819z,CHEBI:75034,1-stearoyl-2-oleoyl-sn-glycero-3-phosphocholine,1,MTBLS14295,ols4_synonym
PC(18:0/18:2),pc180182,CHEBI:84822,"1-octadecanoyl-2-[(9Z,12Z)-octadecadienoyl]-sn-glycero-3-phosphocholine",1,MTBLS13869,ols4_synonym
"PC(18:0/18:2(9Z,12Z))",pc1801829z12z,CHEBI:84822,"1-octadecanoyl-2-[(9Z,12Z)-octadecadienoyl]-sn-glycero-3-phosphocholine",1,MTBLS14059,ols4_synonym
"PC(18:0/20:4(5Z,8Z,11Z,14Z))",pc1802045z8z11z14z,CHEBI:74965,1-stearoyl-2-arachidonoyl-sn-glycero-3-phosphocholine,1,MTBLS2774,metabolights_maf:MTBLS2774
"PC(18:0/20:5(9Z,11Z,13Z,15Z,17Z))",pc1802059z11z13z15z17z,CHEBI:177006,"PC(18:0/20:5(9Z,11Z,13Z,15Z,17Z))",1,MTBLS2774,metabolights_maf:MTBLS2774
"PC(18:0/22:5(4Z,7Z,10Z,13Z,16Z))",pc1802254z7z10z13z16z,CHEBI:73865,"1-octadecanoyl-2-(4Z,7Z,10Z,13Z,16Z-docosapentaenoyl)-sn-glycero-3- phosphocholine",1,MTBLS2774,metabolights_maf:MTBLS2774
PC(18:1(11Z)/14:0),pc18111z140,CHEBI:89680,PC(18:1(11Z)/14:0),1,MTBLS5667,metabolights_maf:MTBLS5667
PC(18:1(11Z)/14:1(9Z)),pc18111z1419z,CHEBI:171009,PC(18:1(11Z)/14:1(9Z)),1,MTBLS5667,metabolights_maf:MTBLS5667
"PC(18:1(9Z)/18:4(6Z,9Z,12Z,15Z))",pc1819z1846z9z12z15z,CHEBI:89603,"PC(18:1(9Z)/18:4(6Z,9Z,12Z,15Z))",1,MTBLS14295,ols4_label
PC(18:1(9Z)/2:0),pc1819z20,CHEBI:78044,1-oleoyl-2-acetyl-sn-glycero-3-phosphocholine,1,MTBLS2774,metabolights_maf:MTBLS2774
PC(18:2/18:2),pc182182,CHEBI:42027,"1,2-di-[(9Z,12Z)-octadecadienoyl]-sn-glycero-3-phosphocholine",1,MTBLS13869,ols4_synonym
"PC(18:2(9Z,12Z)/18:2(9Z,12Z))",pc1829z12z1829z12z,CHEBI:42027,"1,2-di-[(9Z,12Z)-octadecadienoyl]-sn-glycero-3-phosphocholine",1,MTBLS14059,ols4_synonym
"PC(18:2(9Z,12Z)/18:3(6Z,9Z,12Z))",pc1829z12z1836z9z12z,CHEBI:89578,"PC(18:2(9Z,12Z)/18:3(6Z,9Z,12Z))",1,MTBLS14295,ols4_label
"PC(18:3(9Z,12Z,15Z)/18:3(6Z,9Z,12Z))",pc1839z12z15z1836z9z12z,CHEBI:89441,"PC(18:3(9Z,12Z,15Z)/18:3(6Z,9Z,12Z))",1,MTBLS14059,ols4_label
PC(20:0/14:0),pc200140,CHEBI:134231,1-icosanoyl-2-tetradecanoyl-sn-glycero-3-phosphocholine,1,MTBLS5667,metabolights_maf:MTBLS5667
PC(20:1(11Z)/14:1(9Z)),pc20111z1419z,CHEBI:89403,PC(20:1(11Z)/14:1(9Z)),1,MTBLS5667,metabolights_maf:MTBLS5667
"PC(20:3(8Z,11Z,14Z)/14:0)",pc2038z11z14z140,CHEBI:89184,"PC(20:3(8Z,11Z,14Z)/14:0)",1,MTBLS5667,metabolights_maf:MTBLS5667
"PC(20:3(8Z,11Z,14Z)/15:0)",pc2038z11z14z150,CHEBI:171363,"PC(20:3(8Z,11Z,14Z)/15:0)",1,MTBLS5667,metabolights_maf:MTBLS5667
"PC(20:3(8Z,11Z,14Z)/20:1(11Z))",pc2038z11z14z20111z,CHEBI:190157,"PC(20:3(8Z,11Z,14Z)/20:1(11Z))",1,MTBLS5667,metabolights_maf:MTBLS5667
"PC(20:4(5Z,8Z,11Z,14Z)/14:1(9Z))",pc2045z8z11z14z1419z,CHEBI:171220,"PC(20:4(5Z,8Z,11Z,14Z)/14:1(9Z))",1,MTBLS2774,metabolights_maf:MTBLS2774
"PC(20:4(8Z,11Z,14Z,17Z)/20:3(5Z,8Z,11Z))",pc2048z11z14z17z2035z8z11z,CHEBI:190160,"PC(20:4(8Z,11Z,14Z,17Z)/20:3(5Z,8Z,11Z))",1,MTBLS5667,metabolights_maf:MTBLS5667
"PC(20:5(5Z,8Z,11Z,14Z,17Z)/15:0)",pc2055z8z11z14z17z150,CHEBI:137777,"PC(20:5(5Z,8Z,11Z,14Z,17Z)/15:0)",1,MTBLS2774,metabolights_maf:MTBLS2774
"PC(20:5(5Z,8Z,11Z,14Z,17Z)/P-18:0)",pc2055z8z11z14z17zp180,CHEBI:89066,"PC(20:5(5Z,8Z,11Z,14Z,17Z)/P-18:0)",1,MTBLS5667,metabolights_maf:MTBLS5667
PC(22:1(13Z)/14:1(9Z)),pc22113z1419z,CHEBI:88741,PC(22:1(13Z)/14:1(9Z)),1,MTBLS5667,metabolights_maf:MTBLS5667
"PC(22:2(13Z,16Z)/15:0)",pc22213z16z150,CHEBI:190173,"PC(22:2(13Z,16Z)/15:0)",1,MTBLS5667,metabolights_maf:MTBLS5667
"PC(22:4(7Z,10Z,13Z,16Z)/14:0)",pc2247z10z13z16z140,CHEBI:88864,"PC(22:4(7Z,10Z,13Z,16Z)/14:0)",1,MTBLS5667,metabolights_maf:MTBLS5667
"PC(22:4(7Z,10Z,13Z,16Z)/15:0)",pc2247z10z13z16z150,CHEBI:170854,"PC(22:4(7Z,10Z,13Z,16Z)/15:0)",1,MTBLS5667,metabolights_maf:MTBLS5667
"PC(22:4(7Z,10Z,13Z,16Z)/16:0)",pc2247z10z13z16z160,CHEBI:88859,"PC(22:4(7Z,10Z,13Z,16Z)/16:0)",1,MTBLS5667,metabolights_maf:MTBLS5667
"PC(22:4(7Z,10Z,13Z,16Z)/P-18:0)",pc2247z10z13z16zp180,CHEBI:171829,"PC(22:4(7Z,10Z,13Z,16Z)/P-18:0)",1,MTBLS5667,metabolights_maf:MTBLS5667
"PC(22:5(4Z,7Z,10Z,13Z,16Z)/14:0)",pc2254z7z10z13z16z140,CHEBI:88843,"PC(22:5(4Z,7Z,10Z,13Z,16Z)/14:0)",1,MTBLS5667,metabolights_maf:MTBLS5667
"PC(22:5(4Z,7Z,10Z,13Z,16Z)/16:0)",pc2254z7z10z13z16z160,CHEBI:88844,"PC(22:5(4Z,7Z,10Z,13Z,16Z)/16:0)",1,MTBLS5667,metabolights_maf:MTBLS5667
"PC(22:5(7Z,10Z,13Z,16Z,19Z)/16:1(9Z))",pc2257z10z13z16z19z1619z,CHEBI:88434,"PC(22:5(7Z,10Z,13Z,16Z,19Z)/16:1(9Z))",1,MTBLS5667,metabolights_maf:MTBLS5667
"PC(22:5(7Z,10Z,13Z,16Z,19Z)/22:5(7Z,10Z,13Z,16Z,19Z))",pc2257z10z13z16z19z2257z10z13z16z19z,CHEBI:178259,"PC(22:5(7Z,10Z,13Z,16Z,19Z)/22:5(7Z,10Z,13Z,16Z,19Z))",1,MTBLS14059,ols4_label
"PC(22:6(4Z,7Z,10Z,13Z,16Z,19Z)/16:0)",pc2264z7z10z13z16z19z160,CHEBI:86182,"1-[(4Z,7Z,10Z,13Z,16Z,19Z)-docosahexaenoyl]-2-hexadecanoyl-sn-glycero-3-phosphocholine",1,MTBLS5667,metabolights_maf:MTBLS5667
"PC(22:6(4Z,7Z,10Z,13Z,16Z,19Z)/20:0)",pc2264z7z10z13z16z19z200,CHEBI:184279,"PC(22:6(4Z,7Z,10Z,13Z,16Z,19Z)/20:0)",1,MTBLS5667,metabolights_maf:MTBLS5667
"PC(22:6(4Z,7Z,10Z,13Z,16Z,19Z)/20:1(11Z))",pc2264z7z10z13z16z19z20111z,CHEBI:184154,"PC(22:6(4Z,7Z,10Z,13Z,16Z,19Z)/20:1(11Z))",1,MTBLS5667,metabolights_maf:MTBLS5667
"PC(22:6(4Z,7Z,10Z,13Z,16Z,19Z)/20:2(11Z,14Z))",pc2264z7z10z13z16z19z20211z14z,CHEBI:184214,"PC(22:6(4Z,7Z,10Z,13Z,16Z,19Z)/20:2(11Z,14Z))",1,MTBLS5667,metabolights_maf:MTBLS5667
"PC(22:6(4Z,7Z,10Z,13Z,16Z,19Z)/20:3(5Z,8Z,11Z))",pc2264z7z10z13z16z19z2035z8z11z,CHEBI:190148,"PC(22:6(4Z,7Z,10Z,13Z,16Z,19Z)/20:3(5Z,8Z,11Z))",1,MTBLS5667,metabolights_maf:MTBLS5667
"PC(22:6(4Z,7Z,10Z,13Z,16Z,19Z)/20:4(5Z,8Z,11Z,14Z))",pc2264z7z10z13z16z19z2045z8z11z14z,CHEBI:190165,"PC(22:6(4Z,7Z,10Z,13Z,16Z,19Z)/20:4(5Z,8Z,11Z,14Z))",1,MTBLS5667,metabolights_maf:MTBLS5667
PC 24:0,pc240,CHEBI:85564,phosphatidylcholine 24:0,1,ST003984,ols4_synonym
"PC(24:1(15Z)/18:3(6Z,9Z,12Z))",pc24115z1836z9z12z,CHEBI:89500,"PC(24:1(15Z)/18:3(6Z,9Z,12Z))",1,MTBLS5667,metabolights_maf:MTBLS5667
PC 26:0,pc260,CHEBI:72423,phosphatidylcholine 26:0,1,ST003984,ols4_synonym
PC 28:1,pc281,CHEBI:65293,phosphatidylcholine 28:1,1,ST003984,ols4_synonym
PC 30:0,pc300,CHEBI:65303,phosphatidylcholine 30:0,1,ST003984,ols4_synonym
PC 32:0,pc320,CHEBI:66850,phosphatidylcholine 32:0,1,ST003984,ols4_synonym
PC 32:1,pc321,CHEBI:66849,phosphatidylcholine 32:1,1,ST003984,ols4_synonym
PC 32:2,pc322,CHEBI:66848,phosphatidylcholine 32:2,1,ST003984,ols4_synonym
PC 32:3,pc323,CHEBI:66847,phosphatidylcholine 32:3,1,ST003984,ols4_synonym
PC 34:1,pc341,CHEBI:64517,phosphatidylcholine 34:1,1,ST003984,ols4_synonym
PC 34:2,pc342,CHEBI:64516,phosphatidylcholine 34:2,1,ST003984,ols4_synonym
PC 36:0,pc360,CHEBI:66858,phosphatidylcholine 36:0,1,ST003984,ols4_synonym
PC 36:1,pc361,CHEBI:66857,phosphatidylcholine 36:1,1,ST003984,ols4_synonym
PC 36:2,pc362,CHEBI:64433,phosphatidylcholine 36:2,1,ST003984,ols4_synonym
PC 36:3,pc363,CHEBI:64523,phosphatidylcholine 36:3,1,ST003984,ols4_synonym
PC 36:4,pc364,CHEBI:64520,phosphatidylcholine 36:4,1,ST003984,ols4_synonym
PC 36:5,pc365,CHEBI:64504,phosphatidylcholine 36:5,1,ST003984,ols4_synonym
PC 36:6,pc366,CHEBI:66856,phosphatidylcholine 36:6,1,ST003984,ols4_synonym
PC 38:0,pc380,CHEBI:66861,phosphatidylcholine 38:0,1,ST003984,ols4_synonym
PC(38:1),pc381,CHEBI:66860,phosphatidylcholine 38:1,1,MTBLS14295,ols4_synonym
PC(38:2),pc382,CHEBI:66859,phosphatidylcholine 38:2,1,MTBLS14295,ols4_synonym
PC 38:3,pc383,CHEBI:64446,phosphatidylcholine 38:3,1,ST003984,ols4_synonym
PC 38:4,pc384,CHEBI:64526,phosphatidylcholine 38:4,1,ST003984,ols4_synonym
PC 38:6,pc386,CHEBI:64519,phosphatidylcholine 38:6,1,ST003984,ols4_synonym
PC(40:7),pc407,CHEBI:64521,phosphatidylcholine 40:7,1,MTBLS14295,ols4_synonym
PC(9:0),pc90,CHEBI:137853,PC(9:0/5:0),1,MTBLS2774,metabolights_maf:MTBLS2774
PC(9:0/0:0),pc9000,CHEBI:177004,PC(9:0/0:0),1,MTBLS2774,metabolights_maf:MTBLS2774
p-Coumaroylagmatine,pcoumaroylagmatine,CHEBI:32818,p-coumaroylagmatine,1,MTBLS9662,ols4_label
p-Coumaryl alcohol 4-O-glucoside,pcoumarylalcohol4oglucoside,CHEBI:27588,4-hydroxycinnamyl alcohol 4-beta-D-glucoside,1,MTBLS9662,ols4_synonym
"PC(P-16:0/20:3(5Z,8Z,11Z))",pcp1602035z8z11z,CHEBI:89977,"PC(P-16:0/20:3(5Z,8Z,11Z))",1,MTBLS5667,metabolights_maf:MTBLS5667
PC(P-18:0/14:0),pcp180140,CHEBI:89965,PC(P-18:0/14:0),1,MTBLS5667,metabolights_maf:MTBLS5667
PC(P-18:0/16:0),pcp180160,CHEBI:84826,1-(1Z-octadecenyl)-2-hexadecanoyl-sn-glycero-3-phosphocholine,1,MTBLS5667,metabolights_maf:MTBLS5667
"PC(P-18:0/22:4(7Z,10Z,13Z,16Z))",pcp1802247z10z13z16z,CHEBI:190169,"PC(P-18:0/22:4(7Z,10Z,13Z,16Z))",1,MTBLS5667,metabolights_maf:MTBLS5667
"PC(P-18:1(11Z)/20:3(5Z,8Z,11Z))",pcp18111z2035z8z11z,CHEBI:89928,"PC(P-18:1(11Z)/20:3(5Z,8Z,11Z))",1,MTBLS5667,metabolights_maf:MTBLS5667
"PC(P-18:1(11Z)/20:5(5Z,8Z,11Z,14Z,17Z))",pcp18111z2055z8z11z14z17z,CHEBI:89926,"PC(P-18:1(11Z)/20:5(5Z,8Z,11Z,14Z,17Z))",1,MTBLS5667,metabolights_maf:MTBLS5667
"PC(P-18:1(11Z)/22:4(7Z,10Z,13Z,16Z))",pcp18111z2247z10z13z16z,CHEBI:190154,"PC(P-18:1(11Z)/22:4(7Z,10Z,13Z,16Z))",1,MTBLS5667,metabolights_maf:MTBLS5667
"PC(P-18:1(11Z)/22:5(4Z,7Z,10Z,13Z,16Z))",pcp18111z2254z7z10z13z16z,CHEBI:190167,"PC(P-18:1(11Z)/22:5(4Z,7Z,10Z,13Z,16Z))",1,MTBLS5667,metabolights_maf:MTBLS5667
"PC(P-18:1(11Z)/22:6(4Z,7Z,10Z,13Z,16Z,19Z))",pcp18111z2264z7z10z13z16z19z,CHEBI:190153,"PC(P-18:1(11Z)/22:6(4Z,7Z,10Z,13Z,16Z,19Z))",1,MTBLS5667,metabolights_maf:MTBLS5667
PC(P-18:1(9Z)/16:0),pcp1819z160,CHEBI:89505,PC(P-18:1(9Z)/16:0),1,MTBLS5667,metabolights_maf:MTBLS5667
PC(P-18:1(9Z)/16:1(9Z)),pcp1819z1619z,CHEBI:89506,PC(P-18:1(9Z)/16:1(9Z)),1,MTBLS5667,metabolights_maf:MTBLS5667
p-Cymene,pcymene,CHEBI:28768,p-cymene,1,MTBLS2774,metabolights_maf:MTBLS2774
PE(12:0/14:0),pe120140,CHEBI:177002,PE(12:0/14:0),1,MTBLS2774,metabolights_maf:MTBLS2774
"PE(16:0/22:6(4Z,7Z,10Z,13Z,16Z,19Z))",pe1602264z7z10z13z16z19z,CHEBI:79097,"1-hexadecanoyl-2-(4Z,7Z,10Z,13Z,16Z,19Z-docosahexaenoyl)-sn-glycero-3-phosphoethanolamine",1,MTBLS14059,ols4_synonym
PE(18:1(9Z)/0:0),pe1819z00,CHEBI:75168,1-oleoyl-sn-glycero-3-phosphoethanolamine,1,MTBLS13869,ols4_synonym
PE(18:1(9Z)/18:1(9Z)),pe1819z1819z,CHEBI:84839,"1,2-di-[(9Z)-octadecenoyl]-sn-glycero-3-phosphoethanolamine",1,MTBLS14059,ols4_synonym
PE(20:0/22:1(13Z)),pe20022113z,CHEBI:176995,PE(20:0/22:1(13Z)),1,MTBLS2774,metabolights_maf:MTBLS2774
"PE(20:0/22:5(7Z,10Z,13Z,16Z,19Z))",pe2002257z10z13z16z19z,CHEBI:177000,"PE(20:0/22:5(7Z,10Z,13Z,16Z,19Z))",1,MTBLS2774,metabolights_maf:MTBLS2774
"PE(20:3(5Z,8Z,11Z)/20:3(8Z,11Z,14Z))",pe2035z8z11z2038z11z14z,CHEBI:170747,"PE(20:3(5Z,8Z,11Z)/20:3(8Z,11Z,14Z))",1,MTBLS14059,ols4_label
"PE(20:5(5Z,8Z,11Z,14Z,17Z)/P-18:0)",pe2055z8z11z14z17zp180,CHEBI:170534,"PE(20:5(5Z,8Z,11Z,14Z,17Z)/P-18:0)",1,MTBLS5667,metabolights_maf:MTBLS5667
"PE(22:6(4Z,7Z,10Z,13Z,16Z,19Z)/16:0)",pe2264z7z10z13z16z19z160,CHEBI:190467,"PE(22:6(4Z,7Z,10Z,13Z,16Z,19Z)/16:0)",1,MTBLS14059,ols4_label
(+)-Penbutolol,penbutolol,CHEBI:180966,(+)-Penbutolol,1,MTBLS9662,ols4_label
PE-NMe(16:0/16:0),penme160160,CHEBI:171040,PE-NMe(16:0/16:0),1,MTBLS9662,ols4_label
Pentadecanoylcarnitine,pentadecanoylcarnitine,CHEBI:131886,O-pentadecanoylcarnitine,1,MTBLS13869,ols4_synonym
Pentaethylene glycol,pentaethyleneglycol,CHEBI:39631,pentaethylene glycol,1,MTBLS14295,ols4_label
Pentaporphyrin I,pentaporphyrini,CHEBI:174230,Pentaporphyrin I,1,MTBLS14059,ols4_label
Pentyl acetate,pentylacetate,CHEBI:87362,pentyl acetate,1,MTBLS14059,ols4_label
"PE(P-16:0/22:6(4Z,7Z,10Z,13Z,16Z,19Z))",pep1602264z7z10z13z16z19z,CHEBI:90479,"1-(1Z-hexadecenyl)-2-(4Z,7Z,10Z,13Z,16Z,19Z-docosahexaenoyl)-sn-glycero-3-phosphoethanolamine",1,MTBLS14295,ols4_synonym
"PE(P-18:0/22:4(7Z,10Z,13Z,16Z))",pep1802247z10z13z16z,CHEBI:190172,"PE(P-18:0/22:4(7Z,10Z,13Z,16Z))",1,MTBLS5667,metabolights_maf:MTBLS5667
"PE(P-18:1(11Z)/18:3(6Z,9Z,12Z))",pep18111z1836z9z12z,CHEBI:170316,"PE(P-18:1(11Z)/18:3(6Z,9Z,12Z))",1,MTBLS5667,metabolights_maf:MTBLS5667
"PE(P-18:1(11Z)/22:5(4Z,7Z,10Z,13Z,16Z))",pep18111z2254z7z10z13z16z,CHEBI:190163,"PE(P-18:1(11Z)/22:5(4Z,7Z,10Z,13Z,16Z))",1,MTBLS5667,metabolights_maf:MTBLS5667
"PE(P-18:1(9Z)/20:3(5Z,8Z,11Z))",pep1819z2035z8z11z,CHEBI:170601,"PE(P-18:1(9Z)/20:3(5Z,8Z,11Z))",1,MTBLS5667,metabolights_maf:MTBLS5667
"PE(P-18:1(9Z)/20:5(5Z,8Z,11Z,14Z,17Z))",pep1819z2055z8z11z14z17z,CHEBI:190161,"PE(P-18:1(9Z)/20:5(5Z,8Z,11Z,14Z,17Z))",1,MTBLS5667,metabolights_maf:MTBLS5667
Peracetic acid,peraceticacid,CHEBI:42530,peracetic acid,1,MTBLS14295,ols4_label
Perillic acid,perillicacid,CHEBI:36999,perillic acid,1,MTBLS5667,metabolights_maf:MTBLS5667
Perilloside C,perillosidec,CHEBI:172108,Perilloside C,1,MTBLS14295,ols4_label
Perillyl alcohol,perillylalcohol,CHEBI:15420,perillyl alcohol,1,MTBLS13869,ols4_label
Perindopril,perindopril,CHEBI:8024,perindopril,1,MTBLS9662,ols4_label
Perovskone B,perovskoneb,CHEBI:69691,Perovskone B,1,MTBLS13869,ols4_label
Perseitol,perseitol,CHEBI:8029,perseitol,1,MTBLS13513,ols4_label
Pestacin,pestacin,CHEBI:212854,Pestacin,1,MTBLS13869,ols4_label
Petromyzonol,petromyzonol,CHEBI:50108,"5alpha-cholane-3alpha,7alpha,12alpha,24-tetrol",1,MTBLS13869,ols4_synonym
PG(15:0/22:0),pg150220,CHEBI:176998,PG(15:0/22:0),1,MTBLS2774,metabolights_maf:MTBLS2774
"PG(15:0/22:6(4Z,7Z,10Z,13Z,16Z,19Z))",pg1502264z7z10z13z16z19z,CHEBI:169778,"PG(15:0/22:6(4Z,7Z,10Z,13Z,16Z,19Z))",1,MTBLS2774,metabolights_maf:MTBLS2774
PG(16:0/13:0),pg160130,CHEBI:176992,PG(16:0/13:0),1,MTBLS2774,metabolights_maf:MTBLS2774
PG(16:1(9Z)/16:0),pg1619z160,CHEBI:145864,PG(16:1(9Z)/16:0),1,MTBLS2774,metabolights_maf:MTBLS2774
"PG(17:1(9Z)/18:2(9Z,12Z))",pg1719z1829z12z,CHEBI:176990,"PG(17:1(9Z)/18:2(9Z,12Z))",1,MTBLS2774,metabolights_maf:MTBLS2774
PG(18:0/14:0),pg180140,CHEBI:176987,PG(18:0/14:0),1,MTBLS2774,metabolights_maf:MTBLS2774
PG(18:0/18:1(9Z)),pg1801819z,CHEBI:73242,1-octadecanoyl-2-(9Z-octadecenoyl)-sn-glycero-3-phospho-(1'-sn-glycerol),1,MTBLS2774,metabolights_maf:MTBLS2774
PG(18:0/22:1(11Z)),pg18022111z,CHEBI:176996,PG(18:0/22:1(11Z)),1,MTBLS2774,metabolights_maf:MTBLS2774
"PG(18:0/22:6(4Z,7Z,10Z,13Z,16Z,19Z))",pg1802264z7z10z13z16z19z,CHEBI:89279,"PG(18:0/22:6(4Z,7Z,10Z,13Z,16Z,19Z))",1,MTBLS2774,metabolights_maf:MTBLS2774
PG(20:0/21:0),pg200210,CHEBI:176994,PG(20:0/21:0),1,MTBLS2774,metabolights_maf:MTBLS2774
PGB1,pgb1,CHEBI:133393,prostaglandin B1(1-),1,MTBLS13869,ols4_synonym
PGB2,pgb2,CHEBI:133391,prostaglandin B2(1-),1,MTBLS13869,ols4_synonym
PGF2-alpha Ethanolamide,pgf2alphaethanolamide,CHEBI:89607,PGF2a ethanolamide,1,MTBLS2774,metabolights_maf:MTBLS2774
Phalloidin,phalloidin,CHEBI:8040,phalloidin,1,MTBLS9662,ols4_label
pharacine,pharacine,CHEBI:208599,Pharacine,1,MTBLS13869,ols4_label
Phe-Asp,pheasp,CHEBI:73631,Phe-Asp,1,MTBLS14059,ols4_label
Phe-Asp-Lys,pheasplys,CHEBI:161376,Phe-Asp-Lys,1,MTBLS9662,ols4_label
Phe-Gln-Ala-Arg,pheglnalaarg,CHEBI:182978,Phe-Gln-Ala-Arg,1,MTBLS9662,ols4_label
Phe-Glu,pheglu,CHEBI:74712,Phe-Glu,1,MTBLS9662,ols4_label
Phe-His-His,phehishis,CHEBI:161568,Phe-His-His,1,MTBLS9662,ols4_label
Phe-Ile,pheile,CHEBI:74717,Phe-Ile,1,MTBLS9662,ols4_label
Phe-Leu,pheleu,CHEBI:91150,Phe-Leu,1,MTBLS9662,ols4_label
Phenacetin,phenacetin,CHEBI:8050,phenacetin,1,MTBLS13513,ols4_label
Phenaceturic acid,phenaceturicacid,CHEBI:27480,phenylacetylglycine,1,MTBLS13513,ols4_synonym
Phenethylamine,phenethylamine,CHEBI:18397,2-phenylethylamine,1,MTBLS9662,ols4_synonym
Pheniramine,pheniramine,CHEBI:748522,pheniramine,1,MTBLS13513,ols4_label
Phenobarbital,phenobarbital,CHEBI:8069,phenobarbital,1,MTBLS5667,metabolights_maf:MTBLS5667
Phenol glucuronide,phenolglucuronide,CHEBI:64681,phenol O-(beta-D-glucuronide),1,MTBLS5667,metabolights_maf:MTBLS5667
Phentermine,phentermine,CHEBI:8080,phentermine,1,MTBLS13513,ols4_label
Phenylacetaldehyde,phenylacetaldehyde,CHEBI:16424,phenylacetaldehyde,1,MTBLS13513,ols4_label
Phenylalanylleucine,phenylalanylleucine,CHEBI:91150,Phe-Leu,1,MTBLS13869,ols4_synonym
Phenylbenzimidazolesulfonic acid,phenylbenzimidazolesulfonicacid,CHEBI:135132,ensulizole,1,MTBLS13513,ols4_synonym
Phenyl beta-D-glucopyranosiduronic acid,phenylbetadglucopyranosiduronicacid,CHEBI:64681,phenol O-(beta-D-glucuronide),1,MTBLS13869,ols4_synonym
Phenylethylamine,phenylethylamine,CHEBI:50048,phenylethylamine,1,MTBLS13513,ols4_label
Phenyllactic acid,phenyllacticacid,CHEBI:50392,atrolactic acid,1,MTBLS5667,metabolights_maf:MTBLS5667
Phenylphosphonic acid,phenylphosphonicacid,CHEBI:191118,Phenylphosphonic acid,1,MTBLS14059,ols4_label
Phenylpropionylglycine,phenylpropionylglycine,CHEBI:88550,Phenylpropionylglycine,1,MTBLS14295,ols4_label
Phenyl salicylate,phenylsalicylate,CHEBI:34918,phenyl salicylate,1,MTBLS13513,ols4_label
Phe-Ser,pheser,CHEBI:71032,Phe-Ser,1,MTBLS14059,ols4_label
Phe-Thr,phethr,CHEBI:73636,Phe-Thr,1,MTBLS14059,ols4_label
Phloretin,phloretin,CHEBI:17276,phloretin,1,MTBLS13513,ols4_label
Phlorizin chalcone,phlorizinchalcone,CHEBI:80486,phlorizin chalcone,1,MTBLS14295,ols4_label
Phloroglucinolcarboxylic acid,phloroglucinolcarboxylicacid,CHEBI:165217,"2,4,6-trihydroxybenzoic acid",1,MTBLS13513,ols4_synonym
Phomopsin a,phomopsina,CHEBI:187495,Phomopsin A,1,MTBLS13513,ols4_label
"Phorbol caprate, tiglate",phorbolcapratetiglate,CHEBI:28366,phorbol 13-decanoate 12-tiglate,1,MTBLS9662,ols4_synonym
phosphatidylethanolamine,phosphatidylethanolamine,CHEBI:16038,phosphatidylethanolamine,1,MTBLS2774,metabolights_maf:MTBLS2774
Phosphodimethylethanolamine,phosphodimethylethanolamine,CHEBI:31997,"N,N-dimethylethanolamine phosphate",1,MTBLS2774,metabolights_maf:MTBLS2774
Phosphonoacetaldehyde,phosphonoacetaldehyde,CHEBI:18124,phosphonoacetaldehyde,1,MTBLS2774,metabolights_maf:MTBLS2774
Phosphorylcholine,phosphorylcholine,CHEBI:18132,phosphocholine,1,MTBLS2774,metabolights_maf:MTBLS2774
Phosphoserine,phosphoserine,CHEBI:15811,O-phospho-L-serine,1,MTBLS14059,ols4_synonym
Phthalic acid,phthalicacid,CHEBI:29069,phthalic acid,1,MTBLS5667,metabolights_maf:MTBLS5667
p-Hydroxyphenylacetic acid,phydroxyphenylaceticacid,CHEBI:18101,4-hydroxyphenylacetic acid,1,MTBLS5667,metabolights_maf:MTBLS5667
Phytanic acid,phytanicacid,CHEBI:16285,phytanic acid,1,MTBLS14295,ols4_label
"PI(12:0/18:3(6Z,9Z,12Z))",pi1201836z9z12z,CHEBI:176985,"PI(12:0/18:3(6Z,9Z,12Z))",1,MTBLS2774,metabolights_maf:MTBLS2774
PI(12:0/21:0),pi120210,CHEBI:176991,PI(12:0/21:0),1,MTBLS2774,metabolights_maf:MTBLS2774
PI(14:0/22:1(11Z)),pi14022111z,CHEBI:176988,PI(14:0/22:1(11Z)),1,MTBLS2774,metabolights_maf:MTBLS2774
"PI(15:0/20:5(5Z,8Z,11Z,14Z,17Z))",pi1502055z8z11z14z17z,CHEBI:176986,"PI(15:0/20:5(5Z,8Z,11Z,14Z,17Z))",1,MTBLS2774,metabolights_maf:MTBLS2774
PI(16:0/16:0),pi160160,CHEBI:72835,"1,2-dihexadecanoyl-sn-glycero-3-phospho-D-myo-inositol(1-)",1,MTBLS2774,metabolights_maf:MTBLS2774
"PI(16:0/18:2(9Z,12Z))",pi1601829z12z,CHEBI:72838,"1-hexadecanoyl-2-(9Z,12Z-octadecadienoyl)-sn-glycero-3-phospho-D-myo-inositol(1-)",1,MTBLS2774,metabolights_maf:MTBLS2774
PI(16:1(9Z)/16:0),pi1619z160,CHEBI:88425,PI(16:1(9Z)/16:0),1,MTBLS2774,metabolights_maf:MTBLS2774
"PI(17:2(9Z,12Z)/20:5(5Z,8Z,11Z,14Z,17Z))",pi1729z12z2055z8z11z14z17z,CHEBI:176982,"PI(17:2(9Z,12Z)/20:5(5Z,8Z,11Z,14Z,17Z))",1,MTBLS2774,metabolights_maf:MTBLS2774
PI(19:0/18:0),pi190180,CHEBI:176984,PI(19:0/18:0),1,MTBLS2774,metabolights_maf:MTBLS2774
"PI(20:2(11Z,14Z)/18:2(9Z,12Z))",pi20211z14z1829z12z,CHEBI:89156,"PI(20:2(11Z,14Z)/18:2(9Z,12Z))",1,MTBLS5667,metabolights_maf:MTBLS5667
Picolinic acid,picolinicacid,CHEBI:28747,picolinic acid,1,MTBLS5667,metabolights_maf:MTBLS5667
Piconol,piconol,CHEBI:195070,2-Pyridinylmethanol,1,MTBLS13869,ols4_synonym
Picroside ii,picrosideii,CHEBI:191155,Picroside ii,1,MTBLS13513,ols4_label
Picrotin,picrotin,CHEBI:8205,picrotin,1,MTBLS13513,ols4_label
Picrotoxinin,picrotoxinin,CHEBI:8206,picrotoxinin,1,MTBLS13513,ols4_label
Pidolic acid,pidolicacid,CHEBI:18183,5-oxo-L-proline,1,MTBLS13869,ols4_synonym
pimpinellin,pimpinellin,CHEBI:8213,Pimpinellin,1,MTBLS13869,ols4_label
Pinoresinol,pinoresinol,CHEBI:8225,pinoresinol,1,MTBLS13869,ols4_label
Pinostilbenoside,pinostilbenoside,CHEBI:175996,Pinostilbenoside,1,MTBLS5667,metabolights_maf:MTBLS5667
Pinostrobin,pinostrobin,CHEBI:80491,pinostrobin,1,MTBLS13513,ols4_label
"PI(P-18:0/17:2(9Z,12Z))",pip1801729z12z,CHEBI:176983,"PI(P-18:0/17:2(9Z,12Z))",1,MTBLS2774,metabolights_maf:MTBLS2774
Pipemidic acid,pipemidicacid,CHEBI:75250,pipemidic acid,1,MTBLS13513,ols4_label
Pipericine,pipericine,CHEBI:165576,Pipericine,1,MTBLS9662,ols4_label
Piperidione,piperidione,CHEBI:81302,Piperidione,1,MTBLS13869,ols4_label
Piperidone,piperidone,CHEBI:77761,piperidin-2-one,1,MTBLS9662,ols4_synonym
Piperolactam A,piperolactama,CHEBI:174488,Piperolactam A,1,MTBLS9662,ols4_label
Piperonyl butoxide,piperonylbutoxide,CHEBI:32687,piperonyl butoxide,1,MTBLS13869,ols4_label
Piptamine(antibiotic),piptamineantibiotic,CHEBI:66758,Piptamine(antibiotic),1,MTBLS13869,ols4_label
Piracetam,piracetam,CHEBI:32010,Piracetam,1,MTBLS13513,ols4_label
Pirbuterol,pirbuterol,CHEBI:8245,Pirbuterol,1,MTBLS13869,ols4_label
Pirinixic acid,pirinixicacid,CHEBI:32509,pirinixic acid,1,MTBLS13513,ols4_label
Pivagabine,pivagabine,CHEBI:134834,pivagabine,1,MTBLS14295,ols4_label
Plakinamine A,plakinaminea,CHEBI:80784,Plakinamine A,1,MTBLS9662,ols4_label
Plakinamine B,plakinamineb,CHEBI:80785,Plakinamine B,1,MTBLS9662,ols4_label
Platelet-activating factor,plateletactivatingfactor,CHEBI:52450,2-O-acetyl-1-O-octadecyl-sn-glycero-3-phosphocholine,1,MTBLS14295,ols4_synonym
Platencin,platencin,CHEBI:68241,platencin,1,MTBLS13513,ols4_label
p-Menthan-1-ol,pmenthan1ol,CHEBI:89236,p-menthan-1-ol,1,MTBLS14059,ols4_label
p-Methylolphenol,pmethylolphenol,CHEBI:67410,p-hydroxybenzyl alcohol,1,MTBLS2774,metabolights_maf:MTBLS2774
Pokeberrygenin,pokeberrygenin,CHEBI:167985,Pokeberrygenin,1,MTBLS9662,ols4_label
Polygodial,polygodial,CHEBI:8305,Polygodial,1,MTBLS13513,ols4_label
Polyporusterone A,polyporusteronea,CHEBI:176164,Polyporusterone A,1,MTBLS9662,ols4_label
Pomiferin,pomiferin,CHEBI:8329,Pomiferin,1,MTBLS13869,ols4_label
"p,p'-DDE",ppdde,CHEBI:16598,DDE,1,MTBLS9662,ols4_synonym
Prallethrin,prallethrin,CHEBI:39391,prallethrin,1,MTBLS9662,ols4_label
prasterone sulfate,prasteronesulfate,CHEBI:16814,dehydroepiandrosterone sulfate,1,MTBLS2774,metabolights_maf:MTBLS2774
Prednisolone,prednisolone,CHEBI:8378,prednisolone,1,MTBLS13869,ols4_label
Pregabalin,pregabalin,CHEBI:64356,pregabalin,1,MTBLS13513,ols4_label
Pregnanetriolone,pregnanetriolone,CHEBI:79870,"5beta-Pregnane-3alpha,17alpha,20alpha-triol-11-one",1,MTBLS13869,ols4_synonym
Pregnenolone,pregnenolone,CHEBI:16581,pregnenolone,1,MTBLS2774,metabolights_maf:MTBLS2774
Prenyl caffeate,prenylcaffeate,CHEBI:8393,Prenyl caffeate,1,MTBLS14295,ols4_label
Prephenic acid,prephenicacid,CHEBI:16666,prephenic acid,1,MTBLS9662,ols4_label
Prilocaine,prilocaine,CHEBI:8404,prilocaine,1,MTBLS9662,ols4_label
Prim-O-glucosylcimifugin,primoglucosylcimifugin,CHEBI:187279,PRIM-O-GLUCOSYLCIMIFUGIN,1,MTBLS13869,ols4_label
Pristanic acid,pristanicacid,CHEBI:51340,pristanic acid,1,MTBLS14295,ols4_label
Proanthocyanidin A2,proanthocyanidina2,CHEBI:28472,proanthocyanidin A2,1,MTBLS9662,ols4_label
Pro-arg,proarg,CHEBI:73645,Pro-Arg,1,MTBLS13513,ols4_label
Pro-Asp,proasp,CHEBI:74756,Pro-Asp,1,MTBLS13513,ols4_label
Pro-cys,procys,CHEBI:157881,Pro-Cys,1,MTBLS13513,ols4_label
Progesterone,progesterone,CHEBI:17026,progesterone,1,MTBLS13869,ols4_label
Pro-Gln-Ala,proglnala,CHEBI:162218,Pro-Gln-Ala,1,MTBLS9662,ols4_label
Pro-Glu,proglu,CHEBI:74762,Pro-Glu,1,MTBLS13513,ols4_label
Pro-His-Arg,prohisarg,CHEBI:162339,Pro-His-Arg,1,MTBLS13513,ols4_label
Prohydrojasmon,prohydrojasmon,CHEBI:81814,Prohydrojasmon,1,MTBLS14295,ols4_label
Pro-hyp,prohyp,CHEBI:74767,Pro-Hyp,1,MTBLS13513,ols4_label
Prolylisoleucine,prolylisoleucine,CHEBI:74790,Pro-Ile,1,MTBLS13869,ols4_synonym
Prolylleucine,prolylleucine,CHEBI:74791,Pro-Leu,1,MTBLS13869,ols4_synonym
Prolylphenylalanine,prolylphenylalanine,CHEBI:74795,Pro-Phe,1,MTBLS13869,ols4_synonym
Prolyl-Threonine,prolylthreonine,CHEBI:173620,Prolyl-Threonine,1,MTBLS13869,ols4_label
Pro-lys,prolys,CHEBI:74792,Pro-Lys,1,MTBLS13513,ols4_label
Pro-Lys-Arg,prolysarg,CHEBI:162459,Pro-Lys-Arg,1,MTBLS9662,ols4_label
Pro-met,promet,CHEBI:141444,Pro-Met,1,MTBLS13513,ols4_label
Propazine,propazine,CHEBI:38067,propazine,1,MTBLS13513,ols4_label
Pro-phe,prophe,CHEBI:74795,Pro-Phe,1,MTBLS13513,ols4_label
Propionic acid,propionicacid,CHEBI:30768,propionic acid,1,MTBLS14059,ols4_label
Propionylcarnitine,propionylcarnitine,CHEBI:28867,O-propanoylcarnitine,1,MTBLS13869,ols4_synonym
Propioxatin B,propioxatinb,CHEBI:222402,Propioxatin B,1,MTBLS13869,ols4_label
Propoxyphene,propoxyphene,CHEBI:8497,propoxyphene,1,MTBLS13513,ols4_label
Pro-pro,propro,CHEBI:73646,Pro-Pro,1,MTBLS13513,ols4_label
"Propyl 2,4-decadienoate",propyl24decadienoate,CHEBI:174069,"Propyl 2,4-decadienoate",1,MTBLS14295,ols4_label
Propyphenazone,propyphenazone,CHEBI:135538,propyphenazone,1,MTBLS9662,ols4_label
Proscillaridin a,proscillaridina,CHEBI:32065,Proscillaridin,1,MTBLS13513,ols4_synonym
Prostaglandin A2,prostaglandina2,CHEBI:27820,prostaglandin A2,1,MTBLS14295,ols4_label
Prostaglandin D2,prostaglandind2,CHEBI:15555,prostaglandin D2,1,MTBLS5667,metabolights_maf:MTBLS5667
Prostaglandin D3,prostaglandind3,CHEBI:34939,prostaglandin D3,1,MTBLS14295,ols4_label
Prostaglandin E1,prostaglandine1,CHEBI:15544,prostaglandin E1,1,MTBLS14059,ols4_label
Prostaglandin E2,prostaglandine2,CHEBI:15551,prostaglandin E2,1,MTBLS13869,ols4_label
Prostaglandin E2 p-benzamidophenyl ester,prostaglandine2pbenzamidophenylester,CHEBI:188277,Prostaglandin E2 p-benzamidophenyl ester,1,MTBLS9662,ols4_label
Prostaglandin E3,prostaglandine3,CHEBI:28031,prostaglandin E3,1,MTBLS14295,ols4_label
prostaglandin F1a,prostaglandinf1a,CHEBI:169746,Prostaglandin F1a,1,MTBLS13869,ols4_label
Prostaglandin F2alpha,prostaglandinf2alpha,CHEBI:15553,prostaglandin F2alpha,1,MTBLS14295,ols4_label
Prostaglandin F2b,prostaglandinf2b,CHEBI:28922,prostaglandin F2beta,1,MTBLS13869,ols4_synonym
Pro-Thr,prothr,CHEBI:141395,Pro-Thr,1,MTBLS13513,ols4_label
Protomycinolide IV,protomycinolideiv,CHEBI:80021,Protomycinolide IV,1,MTBLS13869,ols4_label
Pro-Trp,protrp,CHEBI:74797,Pro-Trp,1,MTBLS13513,ols4_label
Pro-val,proval,CHEBI:74800,Pro-Val,1,MTBLS13513,ols4_label
PS(14:0/17:0),ps140170,CHEBI:176980,PS(14:0/17:0),1,MTBLS2774,metabolights_maf:MTBLS2774
"PS(18:2(9Z,12Z)/0:0)",ps1829z12z00,CHEBI:183040,"PS(18:2(9Z,12Z)/0:0)",1,MTBLS13869,ols4_label
p-Salicylic acid,psalicylicacid,CHEBI:30763,4-hydroxybenzoic acid,1,MTBLS13869,ols4_synonym
Pseudopyronine B,pseudopyronineb,CHEBI:204230,Pseudopyronine B,1,MTBLS13869,ols4_label
Psicose,psicose,CHEBI:33951,psicose,1,MTBLS13869,ols4_label
Psilocin,psilocin,CHEBI:8613,psilocin,1,MTBLS13513,ols4_label
Pterine,pterine,CHEBI:44992,2-aminopteridin-4(3H)-one,1,MTBLS13513,ols4_synonym
Ptilosteroid B,ptilosteroidb,CHEBI:187970,Ptilosteroid B,1,MTBLS13869,ols4_label
Ptilosteroid C,ptilosteroidc,CHEBI:187984,Ptilosteroid C,1,MTBLS13869,ols4_label
Purine,purine,CHEBI:35584,purine,1,MTBLS9662,ols4_label
Putaminoxin,putaminoxin,CHEBI:8648,Putaminoxin,1,MTBLS14295,ols4_label
Pyrazoxyfen,pyrazoxyfen,CHEBI:81830,pyrazoxyfen,1,MTBLS13513,ols4_label
Pyridine,pyridine,CHEBI:16227,pyridine,1,MTBLS14059,ols4_label
Pyridoxal 5-phosphate,pyridoxal5phosphate,CHEBI:18405,pyridoxal 5'-phosphate,1,MTBLS14059,ols4_synonym
Pyridoxamine,pyridoxamine,CHEBI:16410,pyridoxamine,1,MTBLS13869,ols4_label
Pyridoxamine-5'-Phosphate,pyridoxamine5phosphate,CHEBI:18335,pyridoxamine 5'-phosphate,1,MTBLS2774,metabolights_maf:MTBLS2774
Pyroglu-Asp,pyrogluasp,CHEBI:184096,Pyroglu-Asp,1,MTBLS13513,ols4_label
PyroGlu-Pro,pyroglupro,CHEBI:195264,PyroGlu-Pro,1,MTBLS13869,ols4_label
Pyroglu-tyr-arg,pyroglutyrarg,CHEBI:184100,Pyroglu-tyr-arg,1,MTBLS13513,ols4_label
Pyroglu-val,pyrogluval,CHEBI:191162,Pyroglu-val,1,MTBLS13513,ols4_label
Pyrrolidonecarboxylic acid,pyrrolidonecarboxylicacid,CHEBI:139123,pyrrolidonecarboxylic acid,1,MTBLS5667,metabolights_maf:MTBLS5667
Pyruvaldehyde,pyruvaldehyde,CHEBI:17158,methylglyoxal,1,MTBLS13513,ols4_synonym
Pyruvic acid,pyruvicacid,CHEBI:32816,pyruvic acid,1,MTBLS5667,metabolights_maf:MTBLS5667
Quassin,quassin,CHEBI:8692,Quassin,1,MTBLS13513,ols4_label
(-)-quebrachitol,quebrachitol,CHEBI:111,(-)-Quebrachitol,1,MTBLS13513,ols4_label
Quercetin,quercetin,CHEBI:16243,quercetin,1,MTBLS13513,ols4_label
Quinaldic acid,quinaldicacid,CHEBI:18386,quinaldic acid,1,MTBLS13869,ols4_label
Quinaldine,quinaldine,CHEBI:132813,quinaldine,1,MTBLS13869,ols4_label
Quinalphos,quinalphos,CHEBI:8712,quinalphos,1,MTBLS13869,ols4_label
Quinmerac,quinmerac,CHEBI:84199,quinmerac,1,MTBLS9662,ols4_label
Quinolactacin C,quinolactacinc,CHEBI:200753,Quinolactacin C,1,MTBLS13869,ols4_label
Quinoline,quinoline,CHEBI:17362,quinoline,1,MTBLS5667,metabolights_maf:MTBLS5667
Quinoline Yellow,quinolineyellow,CHEBI:53700,quinoline yellow,1,MTBLS9662,ols4_label
Quizalofop,quizalofop,CHEBI:81943,quizalofop,1,MTBLS9662,ols4_label
(R)-10-Hydroxystearate,r10hydroxystearate,CHEBI:15683,(R)-10-hydroxyoctadecanoate,1,MTBLS13869,ols4_synonym
(R)-2-Hydroxybutyric acid,r2hydroxybutyricacid,CHEBI:50612,(R)-2-hydroxybutyric acid,1,MTBLS9662,ols4_label
(R)-3-Amino-3-phenylpropanoic acid,r3amino3phenylpropanoicacid,CHEBI:67172,(R)-3-amino-3-phenylpropanoic acid,1,MTBLS9662,ols4_label
(R)-3-Hydroxybutyric acid,r3hydroxybutyricacid,CHEBI:17066,(R)-3-hydroxybutyric acid,1,MTBLS14059,ols4_label
(R)-3-Hydroxydodecanoic acid,r3hydroxydodecanoicacid,CHEBI:43197,(R)-3-hydroxylauric acid,1,MTBLS13869,ols4_synonym
Racemethionine,racemethionine,CHEBI:16811,methionine,1,MTBLS5667,metabolights_maf:MTBLS5667
Raffinose,raffinose,CHEBI:16634,raffinose,1,MTBLS9662,ols4_label
Raphanusamic acid,raphanusamicacid,CHEBI:136957,raphanusamic acid,1,MTBLS9662,ols4_label
Rehmaionoside C,rehmaionosidec,CHEBI:81099,Rehmaionoside C,1,MTBLS14295,ols4_label
Resibufogenin,resibufogenin,CHEBI:31319,bufogenin,1,MTBLS13513,ols4_synonym
Resolvin E2,resolvine2,CHEBI:81560,resolvin E2,1,MTBLS14295,ols4_label
Resomycin A,resomycina,CHEBI:208263,Resomycin A,1,MTBLS13869,ols4_label
Resveratrol 4'-o-d-glucuronide,resveratrol4odglucuronide,CHEBI:230005,Resveratrol 4'-O-D-glucuronide,1,MTBLS13513,ols4_label
Retinyl ester,retinylester,CHEBI:16179,retinyl ester,1,MTBLS9662,ols4_label
Reversine,reversine,CHEBI:70723,reversine,1,MTBLS9662,ols4_label
Rhamnose,rhamnose,CHEBI:26546,rhamnose,1,MTBLS14295,ols4_label
Rhein,rhein,CHEBI:8825,Rhein,1,MTBLS9662,ols4_label
(R)-hydroprene,rhydroprene,CHEBI:39235,(R)-hydroprene,1,MTBLS13869,ols4_label
Riesling acetal,rieslingacetal,CHEBI:156167,Riesling acetal,1,MTBLS9662,ols4_label
Rinderine,rinderine,CHEBI:8867,Rinderine,1,MTBLS13513,ols4_label
Risedronic acid,risedronicacid,CHEBI:8869,Risedronic acid,1,MTBLS9662,ols4_label
Rishitin,rishitin,CHEBI:8870,Rishitin,1,MTBLS13869,ols4_label
Rishitinone,rishitinone,CHEBI:173711,Rishitinone,1,MTBLS9662,ols4_label
risperidone,risperidone,CHEBI:8871,risperidone,1,MTBLS13869,ols4_label
Rivastigmine,rivastigmine,CHEBI:8874,rivastigmine,1,MTBLS9662,ols4_label
(R)-lipoic acid,rlipoicacid,CHEBI:30314,(R)-lipoic acid,1,MTBLS5667,metabolights_maf:MTBLS5667
(R)-mandelic Acid,rmandelicacid,CHEBI:17656,(R)-mandelic acid,1,MTBLS5667,metabolights_maf:MTBLS5667
Ronidazole,ronidazole,CHEBI:141154,ronidazole,1,MTBLS9662,ols4_label
Roquefortine c,roquefortinec,CHEBI:183713,Roquefortine C,1,MTBLS13513,ols4_label
Roquefortine E,roquefortinee,CHEBI:217594,Roquefortine E,1,MTBLS13869,ols4_label
Roquinimex,roquinimex,CHEBI:92056,"4-hydroxy-N,1-dimethyl-2-oxo-N-phenyl-3-quinolinecarboxamide",1,MTBLS9662,ols4_synonym
Rosmarinate,rosmarinate,CHEBI:58062,rosmarinate,1,MTBLS13513,ols4_label
Rotoxamina,rotoxamina,CHEBI:59329,(S)-carbinoxamine,1,MTBLS13869,ols4_synonym
roughanic acid,roughanicacid,CHEBI:22340,"all-cis-7,10,13-hexadecatrienoic acid",1,MTBLS13869,ols4_synonym
Rphdhd,rphdhd,CHEBI:62255,L-rhamnosyl-3-hydroxydecanoyl-3-hydroxydecanoic acid,1,MTBLS14295,ols4_synonym
Rubranoside a,rubranosidea,CHEBI:183952,Rubranoside a,1,MTBLS13513,ols4_label
Rutaevin,rutaevin,CHEBI:8919,Rutaevin,1,MTBLS13513,ols4_label
Rutin,rutin,CHEBI:28527,rutin,1,MTBLS13869,ols4_label
Rutinose,rutinose,CHEBI:27522,rutinose,1,MTBLS13513,ols4_label
"(S)-10,16-Dihydroxyhexadecanoic acid",s1016dihydroxyhexadecanoicacid,CHEBI:196290,"(S)-10,16-Dihydroxyhexadecanoic acid",1,MTBLS13869,ols4_label
(S)-2-(Hydroxymethyl)glutarate,s2hydroxymethylglutarate,CHEBI:49076,(S)-2-hydroxymethylglutaric acid,1,MTBLS13869,ols4_synonym
(s)-3-Amino-3-phenylpropanoic acid,s3amino3phenylpropanoicacid,CHEBI:68525,(S)-3-amino-3-phenylpropanoic acid,1,MTBLS9662,ols4_label
(S)-3-Hydroxybutyric acid,s3hydroxybutyricacid,CHEBI:17290,(S)-3-hydroxybutyric acid,1,MTBLS13869,ols4_label
S-Adenosylhomocysteine,sadenosylhomocysteine,CHEBI:16680,S-adenosyl-L-homocysteine,1,MTBLS14059,ols4_synonym
S-Adenosyl-L-homocysteine,sadenosyllhomocysteine,CHEBI:16680,S-adenosyl-L-homocysteine,1,MTBLS14059,ols4_label
S-Adenosyl-L-methionine,sadenosyllmethionine,CHEBI:15414,S-adenosyl-L-methionine,1,MTBLS14059,ols4_label
S-Adenosylmethioninamine,sadenosylmethioninamine,CHEBI:15625,S-adenosylmethioninamine,1,MTBLS2774,metabolights_maf:MTBLS2774
Saintopin,saintopin,CHEBI:91276,saintopin,1,MTBLS13869,ols4_label
Salannin,salannin,CHEBI:67309,salannin,1,MTBLS13513,ols4_label
Salbutamol,salbutamol,CHEBI:2549,albuterol,1,MTBLS9662,ols4_synonym
Salicin,salicin,CHEBI:17814,salicin,1,MTBLS13513,ols4_label
Salicyluric acid,salicyluricacid,CHEBI:9008,salicyluric acid,1,MTBLS13513,ols4_label
Salidroside,salidroside,CHEBI:9009,Salidroside,1,MTBLS13513,ols4_label
Salmeterol,salmeterol,CHEBI:9011,salmeterol,1,MTBLS13513,ols4_label
Salsalate,salsalate,CHEBI:9014,salsalate,1,MTBLS14059,ols4_label
Salvianolic acid A,salvianolicacida,CHEBI:9017,Salvianolic acid A,1,MTBLS9662,ols4_label
Sapogenins,sapogenins,CHEBI:26606,sapogenin,1,MTBLS13869,ols4_synonym
Sarcodon scabrosus Depsipeptide,sarcodonscabrosusdepsipeptide,CHEBI:185013,"3-(Butan-2-yl)-5,11,14-trihydroxy-9-(1-hydroxyethyl)-12-methyl-6,15-bis(propan-2-yl)-1,7-dioxa-4,10,13-triazacyclopentadeca-4,10,13-triene-2,8-dione",1,MTBLS5667,metabolights_maf:MTBLS5667
Sativol,sativol,CHEBI:174834,Sativol,1,MTBLS14059,ols4_label
Scaposin,scaposin,CHEBI:196371,Scaposin,1,MTBLS13869,ols4_label
Sch 725434,sch725434,CHEBI:198913,Sch 725434,1,MTBLS13869,ols4_label
Schidigeragenin B,schidigerageninb,CHEBI:171906,Schidigeragenin B,1,MTBLS13869,ols4_label
Schinifoline,schinifoline,CHEBI:193320,Schinifoline,1,MTBLS13513,ols4_label
Schleicherastatin 5,schleicherastatin5,CHEBI:169002,Schleicherastatin 5,1,MTBLS5667,metabolights_maf:MTBLS5667
scytophycin C,scytophycinc,CHEBI:138866,Scytophycin C,1,MTBLS9662,ols4_label
Sebacate,sebacate,CHEBI:132954,sebacate,1,MTBLS9662,ols4_label
Secologanin,secologanin,CHEBI:18002,(-)-secologanin,1,MTBLS9662,ols4_synonym
Sedoheptulose 1-phosphate,sedoheptulose1phosphate,CHEBI:9082,sedoheptulose 1-phosphate,1,MTBLS2774,metabolights_maf:MTBLS2774
Selenocysteine,selenocysteine,CHEBI:9093,selenocysteine,1,MTBLS9662,ols4_label
Semilepidinoside B,semilepidinosideb,CHEBI:175697,Semilepidinoside B,1,MTBLS13869,ols4_label
Semiplenamide E,semiplenamidee,CHEBI:208229,Semiplenamide E,1,MTBLS13869,ols4_label
Sepiapterin,sepiapterin,CHEBI:16095,sepiapterin,1,MTBLS13513,ols4_label
Ser-Arg,serarg,CHEBI:157885,Ser-Arg,1,MTBLS9662,ols4_label
Ser-Glu,serglu,CHEBI:74813,Ser-Glu,1,MTBLS13513,ols4_label
Ser-His,serhis,CHEBI:73651,Ser-His,1,MTBLS13513,ols4_label
Ser-Phe,serphe,CHEBI:71029,Ser-Phe,1,MTBLS14059,ols4_label
Ser-Tyr-Arg,sertyrarg,CHEBI:163538,Ser-Tyr-Arg,1,MTBLS9662,ols4_label
Serylalanine,serylalanine,CHEBI:74801,Ser-Ala,1,MTBLS14295,ols4_synonym
Serylglutamic acid,serylglutamicacid,CHEBI:74813,Ser-Glu,1,MTBLS14295,ols4_synonym
Sesamol,sesamol,CHEBI:9126,Sesamol,1,MTBLS13513,ols4_label
Setariol,setariol,CHEBI:183034,Setariol,1,MTBLS5667,metabolights_maf:MTBLS5667
S-Glutathionyl-L-cysteine,sglutathionyllcysteine,CHEBI:8959,S-Glutathionyl-L-cysteine,1,MTBLS9662,ols4_label
Shikimate,shikimate,CHEBI:36208,shikimate,1,MTBLS13513,ols4_label
Sialyl lewis x,sialyllewisx,CHEBI:61711,alpha-Neup5Ac-(2->3)-beta-D-Galp-(1->4)-[alpha-L-Fucp-(1->3)]-D-GlcpNAc,1,MTBLS13513,ols4_synonym
Siduron,siduron,CHEBI:81744,Siduron,1,MTBLS13513,ols4_label
Silychristin,silychristin,CHEBI:9143,silychristin,1,MTBLS13513,ols4_label
Sinalbin A,sinalbina,CHEBI:173993,Sinalbin A,1,MTBLS9662,ols4_label
S-lactoylglutathione,slactoylglutathione,CHEBI:15694,(R)-S-lactoylglutathione,1,MTBLS13513,ols4_synonym
SM(d16:1/24:1(15Z)),smd16124115z,CHEBI:89233,SM(d16:1/24:1(15Z)),1,MTBLS5667,metabolights_maf:MTBLS5667
SM(d17:1/24:0),smd171240,CHEBI:89232,SM(d17:1/24:0),1,MTBLS5667,metabolights_maf:MTBLS5667
SM(d17:1/24:1(15Z)),smd17124115z,CHEBI:137332,SM(d17:1/24:1(15Z)),1,MTBLS5667,metabolights_maf:MTBLS5667
SM(d18:0/16:0),smd180160,CHEBI:78647,N-hexadecanoylsphinganine-1-phosphocholine,1,MTBLS5667,metabolights_maf:MTBLS5667
SM(d18:1/20:0),smd181200,CHEBI:83359,N-icosanoylsphingosine-1-phosphocholine,1,MTBLS5667,metabolights_maf:MTBLS5667
SM(d18:1/20:1),smd181201,CHEBI:90494,N-(11Z-icosenoyl)-sphingosine-1-phosphocholine,1,MTBLS2774,metabolights_maf:MTBLS2774
SM(d18:1/22:0),smd181220,CHEBI:74532,N-docosanoylsphingosine-1-phosphocholine,1,MTBLS5667,metabolights_maf:MTBLS5667
SM(d18:2/20:1),smd182201,CHEBI:176979,SM(d18:2/20:1),1,MTBLS2774,metabolights_maf:MTBLS2774
(S)-Mephenytoin,smephenytoin,CHEBI:179062,(S)-Mephenytoin,1,MTBLS9662,ols4_label
S-methyl-5'-thioadenosine,smethyl5thioadenosine,CHEBI:17509,5'-S-methyl-5'-thioadenosine,1,MTBLS13513,ols4_synonym
S-Methylmethionine,smethylmethionine,CHEBI:17728,S-methyl-L-methionine,1,MTBLS2774,metabolights_maf:MTBLS2774
sn-Glycero-3-phosphocholine,snglycero3phosphocholine,CHEBI:16870,choline alfoscerate,1,MTBLS14059,ols4_synonym
Sodium deoxycholate,sodiumdeoxycholate,CHEBI:9177,sodium deoxycholate,1,MTBLS2774,metabolights_maf:MTBLS2774
Sodium glycocholate,sodiumglycocholate,CHEBI:36273,sodium glycocholate,1,MTBLS9662,ols4_label
Sodium thiosalicylate,sodiumthiosalicylate,CHEBI:9182,Sodium thiosalicylate,1,MTBLS9662,ols4_label
Sofalcone,sofalcone,CHEBI:135732,sofalcone,1,MTBLS13513,ols4_label
Solacauline,solacauline,CHEBI:229945,solacauline,1,MTBLS5667,metabolights_maf:MTBLS5667
Sorbic acid,sorbicacid,CHEBI:35962,sorbic acid,1,MTBLS13869,ols4_label
Sorbitan laurate,sorbitanlaurate,CHEBI:169001,Sorbitan laurate,1,MTBLS14295,ols4_label
Sorbose,sorbose,CHEBI:27922,sorbose,1,MTBLS14295,ols4_label
Soyasapogenol B 24-O-b-D-glucoside,soyasapogenolb24obdglucoside,CHEBI:176254,Soyasapogenol B 24-O-b-D-glucoside,1,MTBLS9662,ols4_label
Specnuezhenide,specnuezhenide,CHEBI:183956,Specnuezhenide,1,MTBLS13513,ols4_label
Sphalleroside A,sphallerosidea,CHEBI:175338,Sphalleroside A,1,MTBLS14295,ols4_label
Spirotaccagenin,spirotaccagenin,CHEBI:173156,Spirotaccagenin,1,MTBLS14295,ols4_label
Squamolone,squamolone,CHEBI:173482,Squamolone,1,MTBLS5667,metabolights_maf:MTBLS5667
(S)-Remoxipride,sremoxipride,CHEBI:92948,"3-bromo-N-[[(2S)-1-ethyl-2-pyrrolidinyl]methyl]-2,6-dimethoxybenzamide",1,MTBLS9662,ols4_synonym
stachsterol,stachsterol,CHEBI:66521,stachsterol,1,MTBLS13869,ols4_label
Stachyose,stachyose,CHEBI:17164,stachyose,1,MTBLS13513,ols4_label
Stagonolide B,stagonolideb,CHEBI:205385,Stagonolide B,1,MTBLS13869,ols4_label
Stearic acid amide,stearicacidamide,CHEBI:34900,octadecanamide,1,MTBLS13869,ols4_synonym
Stearoyl-L-carnitine,stearoyllcarnitine,CHEBI:189710,stearoyl-L-carnitine,1,MTBLS14059,ols4_label
Sterculic acid,sterculicacid,CHEBI:9261,sterculic acid,1,MTBLS13869,ols4_label
Steviol,steviol,CHEBI:145024,steviol,1,MTBLS14295,ols4_label
"Stigmastane-3,6-dione",stigmastane36dione,CHEBI:190164,"Stigmastane-3,6-dione",1,MTBLS5667,metabolights_maf:MTBLS5667
Stoloniferone F,stoloniferonef,CHEBI:169799,Stoloniferone F,1,MTBLS13869,ols4_label
Stoloniferone S,stoloniferones,CHEBI:212441,Stoloniferone S,1,MTBLS13869,ols4_label
Striatisporin A,striatisporina,CHEBI:204903,Striatisporin A,1,MTBLS13869,ols4_label
Strobilurin A,strobilurina,CHEBI:78156,mucidin,1,MTBLS5667,metabolights_maf:MTBLS5667
Stylisterol A,stylisterola,CHEBI:34983,Stylisterol A,1,MTBLS13869,ols4_label
Stylopine,stylopine,CHEBI:18285,(S)-stylopine,1,MTBLS13513,ols4_synonym
Suberoylanilide hydroxamic acid,suberoylanilidehydroxamicacid,CHEBI:45716,vorinostat,1,MTBLS13513,ols4_synonym
Succinic acid semialdehyde,succinicacidsemialdehyde,CHEBI:16265,succinic semialdehyde,1,MTBLS5667,metabolights_maf:MTBLS5667
Succinic aldehyde,succinicaldehyde,CHEBI:80762,Succinic aldehyde,1,MTBLS2774,metabolights_maf:MTBLS2774
Succinic anhydride,succinicanhydride,CHEBI:36595,succinic anhydride,1,MTBLS5667,metabolights_maf:MTBLS5667
Succinic semialdehyde,succinicsemialdehyde,CHEBI:16265,succinic semialdehyde,1,MTBLS13869,ols4_label
Succinoadenosine,succinoadenosine,CHEBI:71169,succinyladenosine,1,MTBLS13869,ols4_synonym
Sugiol,sugiol,CHEBI:138961,sugiol,1,MTBLS14059,ols4_label
Sulfachlorpyridazine,sulfachlorpyridazine,CHEBI:59057,sulfachloropyridazine,1,MTBLS9662,ols4_synonym
Sulfamethoxazole,sulfamethoxazole,CHEBI:9332,sulfamethoxazole,1,MTBLS9662,ols4_label
Sulfanitran,sulfanitran,CHEBI:114204,N-[4-[(4-nitrophenyl)sulfamoyl]phenyl]acetamide,1,MTBLS13513,ols4_synonym
Sulfoacetic acid,sulfoaceticacid,CHEBI:50519,sulfoacetic acid,1,MTBLS13513,ols4_label
Sulfolithocholic acid,sulfolithocholicacid,CHEBI:35421,lithocholic acid sulfate,1,MTBLS13869,ols4_synonym
Sulfolithocholylglycine,sulfolithocholylglycine,CHEBI:9347,sulfoglycolithocholic acid,1,MTBLS13869,ols4_synonym
Sulfotyrosine,sulfotyrosine,CHEBI:46215,O(4')-sulfo-L-tyrosine,1,MTBLS13869,ols4_synonym
Sulfuretin,sulfuretin,CHEBI:9355,sulfuretin,1,MTBLS13513,ols4_label
SULFURIC ACID,sulfuricacid,CHEBI:26836,sulfuric acid,1,MTBLS13869,ols4_label
Sulfurous acid,sulfurousacid,CHEBI:48854,sulfurous acid,1,MTBLS13869,ols4_label
Sulprostone,sulprostone,CHEBI:135755,sulprostone,1,MTBLS13513,ols4_label
Synephrine,synephrine,CHEBI:29081,synephrine,1,MTBLS13513,ols4_label
syringaresinol,syringaresinol,CHEBI:49211,syringaresinol,1,MTBLS13869,ols4_label
Tagatose,tagatose,CHEBI:33954,tagatose,1,MTBLS14295,ols4_label
Tamoxifen,tamoxifen,CHEBI:41774,tamoxifen,1,MTBLS13869,ols4_label
Tartronate,tartronate,CHEBI:17649,hydroxymalonate(2-),1,MTBLS13513,ols4_synonym
Tauro-beta-muricholic acid,taurobetamuricholicacid,CHEBI:133057,tauro-beta-muricholic acid,1,MTBLS14295,ols4_label
Taurochenodeoxycholate-3-sulfate,taurochenodeoxycholate3sulfate,CHEBI:166737,Taurochenodeoxycholic acid 3-sulfate,1,MTBLS2774,metabolights_maf:MTBLS2774
Taurochenodeoxycholic acid,taurochenodeoxycholicacid,CHEBI:16525,taurochenodeoxycholic acid,1,MTBLS13869,ols4_label
Taurohyodeoxycholic acid,taurohyodeoxycholicacid,CHEBI:139138,taurohyodeoxycholic acid,1,MTBLS13869,ols4_label
Taurolithocholic acid sulfate,taurolithocholicacidsulfate,CHEBI:17864,taurolithocholic acid sulfate,1,MTBLS13513,ols4_label
Tauropine,tauropine,CHEBI:16461,tauropine,1,MTBLS9662,ols4_label
Telaprevir,telaprevir,CHEBI:68595,telaprevir,1,MTBLS9662,ols4_label
Telmisartan,telmisartan,CHEBI:9434,telmisartan,1,MTBLS13513,ols4_label
Teniposide,teniposide,CHEBI:75988,teniposide,1,MTBLS13513,ols4_label
Tenoxicam,tenoxicam,CHEBI:32192,tenoxicam,1,MTBLS9662,ols4_label
Terretonin,terretonin,CHEBI:131855,terretonin,1,MTBLS13513,ols4_label
Testolate,testolate,CHEBI:58177,testolate,1,MTBLS13869,ols4_label
Testosterone,testosterone,CHEBI:17347,testosterone,1,MTBLS9662,ols4_label
Testosterone enanthate?,testosteroneenanthate,CHEBI:9464,testosterone enanthate,1,MTBLS2774,metabolights_maf:MTBLS2774
Testosterone sulfate,testosteronesulfate,CHEBI:84094,testosterone sulfate,1,MTBLS13869,ols4_label
Tetrachlorosalicylanilide,tetrachlorosalicylanilide,CHEBI:9473,tetrachlorosalicylanilide,1,MTBLS9662,ols4_label
Tetracosanedioic acid,tetracosanedioicacid,CHEBI:165388,Tetracosanedioic acid,1,MTBLS13869,ols4_label
Tetracycline,tetracycline,CHEBI:27902,tetracycline,1,MTBLS13513,ols4_label
Tetradecanoylcarnitine,tetradecanoylcarnitine,CHEBI:73061,O-tetradecanoylcarnitine,1,MTBLS2774,metabolights_maf:MTBLS2774
Tetradecanoyl-CoA,tetradecanoylcoa,CHEBI:15532,myristoyl-CoA,1,MTBLS2774,metabolights_maf:MTBLS2774
Tetradecyl phosphonic acid,tetradecylphosphonicacid,CHEBI:229258,Tetradecyl phosphonic acid,1,MTBLS9662,ols4_label
Tetraglyme,tetraglyme,CHEBI:46785,tetraglyme,1,MTBLS13869,ols4_label
Tetrahydroaldosterone-3-glucuronide,tetrahydroaldosterone3glucuronide,CHEBI:88728,Tetrahydroaldosterone-3-glucuronide,1,MTBLS2774,metabolights_maf:MTBLS2774
Tetrahydrocorticosterone,tetrahydrocorticosterone,CHEBI:9481,Tetrahydrocorticosterone,1,MTBLS2774,metabolights_maf:MTBLS2774
Tetrahydrocortisol,tetrahydrocortisol,CHEBI:28320,tetrahydrocortisol,1,MTBLS2774,metabolights_maf:MTBLS2774
Tetrahydrodeoxycorticosterone,tetrahydrodeoxycorticosterone,CHEBI:34461,5-alpha-THDOC,1,MTBLS2774,metabolights_maf:MTBLS2774
Tetrahydropyridine,tetrahydropyridine,CHEBI:26921,tetrahydropyridine,1,MTBLS13869,ols4_label
Thalicarpine,thalicarpine,CHEBI:9509,thalicarpine,1,MTBLS9662,ols4_label
Thalidomide,thalidomide,CHEBI:9513,thalidomide,1,MTBLS13513,ols4_label
Thioctic acid,thiocticacid,CHEBI:16494,lipoic acid,1,MTBLS9662,ols4_synonym
Thiolutin,thiolutin,CHEBI:156450,thiolutin,1,MTBLS9662,ols4_label
Thiomorpholine 3-carboxylate,thiomorpholine3carboxylate,CHEBI:58047,thiomorpholine-3-carboxylic acid zwitterion,1,MTBLS5667,metabolights_maf:MTBLS5667
thiomorpholine-3-carboxylic acid,thiomorpholine3carboxylicacid,CHEBI:17195,thiomorpholine-3-carboxylic acid,1,MTBLS13869,ols4_label
Thiopental,thiopental,CHEBI:102166,thiopental,1,MTBLS13869,ols4_label
Thonzylamine,thonzylamine,CHEBI:104017,"N'-[(4-methoxyphenyl)methyl]-N,N-dimethyl-N'-(2-pyrimidinyl)ethane-1,2-diamine",1,MTBLS9662,ols4_synonym
Thr-Arg,thrarg,CHEBI:74825,Thr-Arg,1,MTBLS9662,ols4_label
Thr-Asp,thrasp,CHEBI:74854,Thr-Asp,1,MTBLS9662,ols4_label
(-)-Threo-isodihomocitric acid,threoisodihomocitricacid,CHEBI:72713,(-)-threo-isodihomocitric acid,1,MTBLS9662,ols4_label
Threonic acid,threonicacid,CHEBI:26984,threonic acid,1,MTBLS5667,metabolights_maf:MTBLS5667
Threonylaspartic acid,threonylasparticacid,CHEBI:74854,Thr-Asp,1,MTBLS14295,ols4_synonym
Threonylglycine,threonylglycine,CHEBI:74859,Thr-Gly,1,MTBLS14295,ols4_synonym
Thr-Met-Arg,thrmetarg,CHEBI:164090,Thr-Met-Arg,1,MTBLS13513,ols4_label
Thromboxane B2,thromboxaneb2,CHEBI:28728,thromboxane B2,1,MTBLS5667,metabolights_maf:MTBLS5667
Thr-Trp-Met,thrtrpmet,CHEBI:164303,Thr-Trp-Met,1,MTBLS9662,ols4_label
THTC,thtc,CHEBI:9384,THTC,1,MTBLS13869,ols4_label
Thymidine 5'-monophosphate,thymidine5monophosphate,CHEBI:15245,thymidine 5'-monophosphate,1,MTBLS13513,ols4_label
Thymidine-5'-triphosphate,thymidine5triphosphate,CHEBI:18077,dTTP,1,MTBLS9662,ols4_synonym
Tiaprofenic acid,tiaprofenicacid,CHEBI:32221,tiaprofenic acid,1,MTBLS9662,ols4_label
Tigloidine,tigloidine,CHEBI:9593,Tigloidine,1,MTBLS5667,metabolights_maf:MTBLS5667
Tiglylcarnitine,tiglylcarnitine,CHEBI:71179,O-tiglylcarnitine,1,MTBLS13869,ols4_synonym
Tintinnadiol,tintinnadiol,CHEBI:223270,Tintinnadiol,1,MTBLS13869,ols4_label
Toddalolactone,toddalolactone,CHEBI:228914,Toddalolactone,1,MTBLS13869,ols4_label
Toluate,toluate,CHEBI:27021,toluate,1,MTBLS14295,ols4_label
Tomatidine,tomatidine,CHEBI:9629,tomatidine,1,MTBLS9662,ols4_label
totarol,totarol,CHEBI:69241,totarol,1,MTBLS13869,ols4_label
Tozasertib,tozasertib,CHEBI:91336,N-[4-[[4-(4-methyl-1-piperazinyl)-6-[(5-methyl-1H-pyrazol-3-yl)amino]-2-pyrimidinyl]thio]phenyl]cyclopropanecarboxamide,1,MTBLS13513,ols4_synonym
trans-4-Coumaric acid,trans4coumaricacid,CHEBI:32374,trans-4-coumaric acid,1,MTBLS14059,ols4_label
trans-Aconitate,transaconitate,CHEBI:15708,trans-aconitate(3-),1,MTBLS13869,ols4_synonym
trans-Coumaryl acetate,transcoumarylacetate,CHEBI:73346,trans-coumaryl acetate,1,MTBLS9662,ols4_label
Trans-ferulic acid,transferulicacid,CHEBI:17620,trans-ferulic acid,1,MTBLS13513,ols4_label
"trans-p-Menthane-1,8-diol",transpmenthane18diol,CHEBI:179539,"trans-p-Menthane-1,8-diol",1,MTBLS9662,ols4_label
trans-Vaccenic acid,transvaccenicacid,CHEBI:28727,trans-vaccenic acid,1,MTBLS14295,ols4_label
Trans-Zeatin,transzeatin,CHEBI:16522,trans-zeatin,1,MTBLS9662,ols4_label
Traumatin,traumatin,CHEBI:19144,12-oxo-trans-10-dodecenoic acid,1,MTBLS9662,ols4_synonym
Trazodone hydrochloride,trazodonehydrochloride,CHEBI:9655,trazodone hydrochloride,1,MTBLS9662,ols4_label
Triacetin,triacetin,CHEBI:9661,triacetin,1,MTBLS9662,ols4_label
Tributyl phosphate,tributylphosphate,CHEBI:35019,tributyl phosphate,1,MTBLS13513,ols4_label
Trichloroacetic acid,trichloroaceticacid,CHEBI:30956,trichloroacetic acid,1,MTBLS13869,ols4_label
Tricin 5-glucoside,tricin5glucoside,CHEBI:131775,tricin 5-O-beta-D-glucoside,1,MTBLS14295,ols4_synonym
Tricin 7-glucoside,tricin7glucoside,CHEBI:131776,tricin 7-O-beta-D-glucoside,1,MTBLS14295,ols4_synonym
Tricosanedioic acid,tricosanedioicacid,CHEBI:137784,tricosanedioic acid,1,MTBLS13869,ols4_label
Tricyclazole,tricyclazole,CHEBI:81783,tricyclazole,1,MTBLS9662,ols4_label
Tridecanoylcarnitine,tridecanoylcarnitine,CHEBI:137646,O-tridecanoylcarnitine,1,MTBLS13869,ols4_synonym
Triethanolamine,triethanolamine,CHEBI:28621,triethanolamine,1,MTBLS9662,ols4_label
Triethylamine,triethylamine,CHEBI:35026,triethylamine,1,MTBLS9662,ols4_label
triethylene glycol,triethyleneglycol,CHEBI:44926,triethylene glycol,1,MTBLS14295,ols4_label
Triethylene glycol diglycidyl ether,triethyleneglycoldiglycidylether,CHEBI:82542,Triethylene glycol diglycidyl ether,1,MTBLS13869,ols4_label
Triethylenetetramine,triethylenetetramine,CHEBI:39501,"2,2,2-tetramine",1,MTBLS9662,ols4_synonym
Trifloxystrobin,trifloxystrobin,CHEBI:81833,trifloxystrobin,1,MTBLS13513,ols4_label
Trigonelline/p-Aminobenzoic acid,trigonellinepaminobenzoicacid,CHEBI:30753,4-aminobenzoic acid,1,MTBLS2774,metabolights_maf:MTBLS2774
Triheptanoin,triheptanoin,CHEBI:757060,triheptanoin,1,MTBLS14295,ols4_label
Trihydroxybutane,trihydroxybutane,CHEBI:88835,Trihydroxybutane,1,MTBLS14059,ols4_label
Trihydroxycoprostanoic acid,trihydroxycoprostanoicacid,CHEBI:89753,"3alpha,7alpha,12alpha-trihydroxy-5beta-cholestane-5-carboxylic acid",1,MTBLS13869,ols4_synonym
Trimethadione,trimethadione,CHEBI:9727,trimethadione,1,MTBLS14059,ols4_label
Trimethoprim,trimethoprim,CHEBI:45924,trimethoprim,1,MTBLS13513,ols4_label
Trimethyloxamine,trimethyloxamine,CHEBI:15724,trimethylamine N-oxide,1,MTBLS13869,ols4_synonym
Trimethyl(propyl)azanium,trimethylpropylazanium,CHEBI:183153,Nervonyl carnitine,1,MTBLS9662,ols4_synonym
Trinexapac,trinexapac,CHEBI:83454,trinexapac,1,MTBLS13869,ols4_label
TRIPROPIONIN,tripropionin,CHEBI:88153,tripropionin,1,MTBLS13869,ols4_label
Trithionic acid,trithionicacid,CHEBI:29210,trithionic acid,1,MTBLS13869,ols4_label
Trolox,trolox,CHEBI:82625,Trolox,1,MTBLS9662,ols4_label
Tropate,tropate,CHEBI:17000,tropate,1,MTBLS14059,ols4_label
Tropic acid,tropicacid,CHEBI:30765,tropic acid,1,MTBLS13869,ols4_label
Tropolone,tropolone,CHEBI:79966,tropolone,1,MTBLS13869,ols4_label
Troxilin B3,troxilinb3,CHEBI:35032,trioxilin B3,1,MTBLS13869,ols4_synonym
Troxipide,troxipide,CHEBI:32271,Troxipide,1,MTBLS9662,ols4_label
Trp-Asp-Arg,trpasparg,CHEBI:164518,Trp-Asp-Arg,1,MTBLS13513,ols4_label
Trp-Gln,trpgln,CHEBI:157897,Trp-Gln,1,MTBLS13513,ols4_label
Trp-Glu-Arg,trpgluarg,CHEBI:164635,Trp-Glu-Arg,1,MTBLS13513,ols4_label
Trp-Leu,trpleu,CHEBI:74871,Trp-Leu,1,MTBLS14295,ols4_label
Trp-Val-Arg,trpvalarg,CHEBI:164913,Trp-Val-Arg,1,MTBLS9662,ols4_label
Tryptamine,tryptamine,CHEBI:16765,tryptamine,1,MTBLS9662,ols4_label
Tsuzuic acid,tsuzuicacid,CHEBI:171746,Tsuzuic acid,1,MTBLS14059,ols4_label
Tuberostemonine,tuberostemonine,CHEBI:69383,tuberostemonine,1,MTBLS13513,ols4_label
Tyramine,tyramine,CHEBI:15760,tyramine,1,MTBLS2774,metabolights_maf:MTBLS2774
Tyr-Cys,tyrcys,CHEBI:157903,Tyr-Cys,1,MTBLS9662,ols4_label
Tyr-Met,tyrmet,CHEBI:134468,Tyr-Met,1,MTBLS13513,ols4_label
Tyrosyl-Glutamate,tyrosylglutamate,CHEBI:74883,Tyr-Glu,1,MTBLS14295,ols4_synonym
Tyrosylglutamic acid,tyrosylglutamicacid,CHEBI:74883,Tyr-Glu,1,MTBLS14295,ols4_synonym
Tyr-Phe,tyrphe,CHEBI:75005,Tyr-Phe,1,MTBLS9662,ols4_label
Tyr-Tyr-Arg,tyrtyrarg,CHEBI:166016,Tyr-Tyr-Arg,1,MTBLS13513,ols4_label
Ubiquinone 8,ubiquinone8,CHEBI:61683,ubiquinone-8,1,MTBLS2774,metabolights_maf:MTBLS2774
UDP-D-glucose,udpdglucose,CHEBI:18066,UDP-D-glucose,1,MTBLS14059,ols4_label
Udp-n-acetylglucosamine,udpnacetylglucosamine,CHEBI:16264,UDP-N-acetyl-alpha-D-glucosamine,1,MTBLS13513,ols4_synonym
Ulipristal acetate,ulipristalacetate,CHEBI:71025,ulipristal acetate,1,MTBLS13869,ols4_label
Umbelliferone,umbelliferone,CHEBI:27510,umbelliferone,1,MTBLS9662,ols4_label
Unoprostone,unoprostone,CHEBI:39455,unoprostone,1,MTBLS9662,ols4_label
Uridine 5'-monophosphate,uridine5monophosphate,CHEBI:16695,uridine 5'-monophosphate,1,MTBLS14059,ols4_label
Urocanate,urocanate,CHEBI:27247,urocanate,1,MTBLS13513,ols4_label
Urocanic acid,urocanicacid,CHEBI:27248,urocanic acid,1,MTBLS5667,metabolights_maf:MTBLS5667
Ursocholic acid,ursocholicacid,CHEBI:81240,ursocholic acid,1,MTBLS13513,ols4_label
Vaccenyl carnitine,vaccenylcarnitine,CHEBI:136372,O-[(11E)-octadecenoyl]-D-carnitine,1,MTBLS5667,metabolights_maf:MTBLS5667
Vaccinoside,vaccinoside,CHEBI:168060,Vaccinoside,1,MTBLS9662,ols4_label
Val-Ala,valala,CHEBI:75008,Val-Ala,1,MTBLS9662,ols4_label
Valdiate,valdiate,CHEBI:174969,Valdiate,1,MTBLS14295,ols4_label
Val-Glu-Lys,valglulys,CHEBI:166184,Val-Glu-Lys,1,MTBLS13513,ols4_label
Val-Gly-Val,valglyval,CHEBI:166212,Val-Gly-Val,1,MTBLS9662,ols4_label
Val-Leu,valleu,CHEBI:75013,Val-Leu,1,MTBLS13513,ols4_label
Val-Lys-Val,vallysval,CHEBI:166294,Val-Lys-Val,1,MTBLS9662,ols4_label
Valproic acid,valproicacid,CHEBI:39867,valproic acid,1,MTBLS14295,ols4_label
Valproic acid glucuronide,valproicacidglucuronide,CHEBI:168243,Valproic acid glucuronide,1,MTBLS14295,ols4_label
Val-Pro-Leu,valproleu,CHEBI:166345,Val-Pro-Leu,1,MTBLS9662,ols4_label
Valpromide,valpromide,CHEBI:74562,valpromide,1,MTBLS9662,ols4_label
Val-Ser,valser,CHEBI:75021,Val-Ser,1,MTBLS14295,ols4_label
Val-Thr,valthr,CHEBI:90330,Val-Thr,1,MTBLS9662,ols4_label
Valyl-Lysine,valyllysine,CHEBI:75014,Val-Lys,1,MTBLS5667,metabolights_maf:MTBLS5667
Vanillic acid,vanillicacid,CHEBI:30816,vanillic acid,1,MTBLS13513,ols4_label
Vanillylmandelic acid,vanillylmandelicacid,CHEBI:20106,vanillylmandelic acid,1,MTBLS2774,metabolights_maf:MTBLS2774
Vardenafil,vardenafil,CHEBI:46295,vardenafil,1,MTBLS13513,ols4_label
Variecolol,variecolol,CHEBI:215184,Variecolol,1,MTBLS13869,ols4_label
Veratramine,veratramine,CHEBI:9951,veratramine,1,MTBLS13513,ols4_label
Veratric acid,veratricacid,CHEBI:296881,"3,4-dimethoxybenzoic acid",1,MTBLS2774,metabolights_maf:MTBLS2774
Veratrine,veratrine,CHEBI:28051,veratridine,1,MTBLS9662,ols4_synonym
Vernolic acid,vernolicacid,CHEBI:38299,vernolic acid,1,MTBLS13869,ols4_label
Verproside,verproside,CHEBI:69798,verproside,1,MTBLS13513,ols4_label
Versicolactone D,versicolactoned,CHEBI:203096,Versicolactone D,1,MTBLS13869,ols4_label
vibralactone F,vibralactonef,CHEBI:221416,Vibralactone F,1,MTBLS13869,ols4_label
Vigabatrin,vigabatrin,CHEBI:63638,vigabatrin,1,MTBLS13513,ols4_label
Vincamine,vincamine,CHEBI:9985,vincamine,1,MTBLS9662,ols4_label
Vinylacetylglycine,vinylacetylglycine,CHEBI:74435,N-vinylacetylglycine,1,MTBLS5667,metabolights_maf:MTBLS5667
Vinylamycin,vinylamycin,CHEBI:66360,vinylamycin,1,MTBLS13869,ols4_label
Visnadine,visnadine,CHEBI:10001,Visnadin,1,MTBLS13513,ols4_synonym
Vitamin B6,vitaminb6,CHEBI:27306,vitamin B6,1,MTBLS2774,metabolights_maf:MTBLS2774
Vitamin c,vitaminc,CHEBI:176783,vitamin C,1,MTBLS13513,ols4_label
Vitamin E succinate,vitaminesuccinate,CHEBI:135821,tocopherol succinate,1,MTBLS13869,ols4_synonym
Vitamin K,vitamink,CHEBI:28384,vitamin K,1,MTBLS9662,ols4_label
Vitamin K1,vitamink1,CHEBI:18067,phylloquinone,1,MTBLS13869,ols4_synonym
Wilforol A,wilforola,CHEBI:132378,wilforol A,1,MTBLS13869,ols4_label
Xanthoangelol D,xanthoangelold,CHEBI:192878,Xanthoangelol D,1,MTBLS14295,ols4_label
Xanthobaccin A,xanthobaccina,CHEBI:214960,Xanthobaccin A,1,MTBLS13869,ols4_label
xanthogalenol,xanthogalenol,CHEBI:136826,xanthogalenol,1,MTBLS14295,ols4_label
Xanthohumol,xanthohumol,CHEBI:66331,xanthohumol,1,MTBLS14295,ols4_label
Xanthotoxol,xanthotoxol,CHEBI:15709,xanthotoxol,1,MTBLS14059,ols4_label
Xestoaminol C,xestoaminolc,CHEBI:73882,1-deoxytetradecasphinganine,1,MTBLS14295,ols4_synonym
Xylazine,xylazine,CHEBI:92386,xylazine,1,MTBLS9662,ols4_label
Xylitol,xylitol,CHEBI:17151,xylitol,1,MTBLS13513,ols4_label
Xylulose 5-phosphate,xylulose5phosphate,CHEBI:27354,xylulose 5-phosphate,1,MTBLS14059,ols4_label
Yuzu lactone,yuzulactone,CHEBI:172057,Yuzu lactone,1,MTBLS14059,ols4_label
(Z)-(4-hydroxyphenyl)acetaldehyde oxime,z4hydroxyphenylacetaldehydeoxime,CHEBI:15667,(Z)-(4-hydroxyphenyl)acetaldehyde oxime,1,MTBLS9662,ols4_label
(z)-6-octadecenoic acid,z6octadecenoicacid,CHEBI:28194,petroselinic acid,1,MTBLS13513,ols4_synonym
Zeinoxanthin,zeinoxanthin,CHEBI:65244,zeinoxanthin,1,MTBLS13869,ols4_label
Zidovudine,zidovudine,CHEBI:10110,zidovudine,1,MTBLS13513,ols4_label
Zileuton,zileuton,CHEBI:10112,zileuton,1,MTBLS9662,ols4_label
Zinniol,zinniol,CHEBI:10117,Zinniol,1,MTBLS13513,ols4_label
ZM323881,zm323881,CHEBI:91185,ZM 323881,1,MTBLS13869,ols4_synonym
Zoledronic acid,zoledronicacid,CHEBI:46557,zoledronic acid,1,MTBLS9662,ols4_label
Zonisamide,zonisamide,CHEBI:10127,zonisamide,1,MTBLS13513,ols4_label
